[1.008s] DEBUG:colcon:Command line arguments: ['/usr/bin/colcon', 'build']
[1.008s] DEBUG:colcon:Parsed command line arguments: Namespace(log_base=None, log_level=None, verb_name='build', build_base='build', install_base='install', merge_install=False, symlink_install=False, test_result_base=None, continue_on_error=False, executor='parallel', parallel_workers=4, event_handlers=None, ignore_user_meta=False, metas=['./colcon.meta'], base_paths=['.'], packages_ignore=None, packages_ignore_regex=None, paths=None, packages_up_to=None, packages_up_to_regex=None, packages_above=None, packages_above_and_dependencies=None, packages_above_depth=None, packages_select_by_dep=None, packages_skip_by_dep=None, packages_skip_up_to=None, packages_select_build_failed=False, packages_skip_build_finished=False, packages_select_test_failures=False, packages_skip_test_passed=False, packages_select=None, packages_skip=None, packages_select_regex=None, packages_skip_regex=None, packages_start=None, packages_end=None, allow_overriding=[], cmake_args=None, cmake_target=None, cmake_target_skip_unavailable=False, cmake_clean_cache=False, cmake_clean_first=False, cmake_force_configure=False, ament_cmake_args=None, catkin_cmake_args=None, catkin_skip_building_tests=False, mixin_files=None, mixin=None, verb_parser=<colcon_mixin.mixin.mixin_argument.MixinArgumentDecorator object at 0x733b17b8d490>, verb_extension=<colcon_core.verb.build.BuildVerb object at 0x733b18279340>, main=<bound method BuildVerb.main of <colcon_core.verb.build.BuildVerb object at 0x733b18279340>>, mixin_verb=('build',))
[1.105s] Level 1:colcon.colcon_core.package_discovery:discover_packages(colcon_meta) check parameters
[1.106s] Level 1:colcon.colcon_core.package_discovery:discover_packages(recursive) check parameters
[1.106s] Level 1:colcon.colcon_core.package_discovery:discover_packages(ignore) check parameters
[1.106s] Level 1:colcon.colcon_core.package_discovery:discover_packages(path) check parameters
[1.106s] Level 1:colcon.colcon_core.package_discovery:discover_packages(colcon_meta) discover
[1.106s] Level 1:colcon.colcon_core.package_discovery:discover_packages(recursive) discover
[1.106s] INFO:colcon.colcon_core.package_discovery:Crawling recursively for packages in '/home/scott/mercer_garm/ros2'
[1.114s] Level 1:colcon.colcon_core.package_identification:_identify(.) by extensions ['ignore', 'ignore_ament_install']
[1.114s] Level 1:colcon.colcon_core.package_identification:_identify(.) by extension 'ignore'
[1.114s] Level 1:colcon.colcon_core.package_identification:_identify(.) by extension 'ignore_ament_install'
[1.114s] Level 1:colcon.colcon_core.package_identification:_identify(.) by extensions ['colcon_pkg']
[1.115s] Level 1:colcon.colcon_core.package_identification:_identify(.) by extension 'colcon_pkg'
[1.115s] Level 1:colcon.colcon_core.package_identification:_identify(.) by extensions ['colcon_meta']
[1.115s] Level 1:colcon.colcon_core.package_identification:_identify(.) by extension 'colcon_meta'
[1.115s] Level 1:colcon.colcon_core.package_identification:_identify(.) by extensions ['ros']
[1.115s] Level 1:colcon.colcon_core.package_identification:_identify(.) by extension 'ros'
[1.250s] Level 1:colcon.colcon_core.package_identification:_identify(.) by extensions ['cmake', 'python']
[1.251s] Level 1:colcon.colcon_core.package_identification:_identify(.) by extension 'cmake'
[1.251s] Level 1:colcon.colcon_core.package_identification:_identify(.) by extension 'python'
[1.251s] Level 1:colcon.colcon_core.package_identification:_identify(.) by extensions ['python_setup_py']
[1.251s] Level 1:colcon.colcon_core.package_identification:_identify(.) by extension 'python_setup_py'
[1.251s] Level 1:colcon.colcon_core.package_identification:_identify(build) by extensions ['ignore', 'ignore_ament_install']
[1.251s] Level 1:colcon.colcon_core.package_identification:_identify(build) by extension 'ignore'
[1.252s] Level 1:colcon.colcon_core.package_identification:_identify(build) ignored
[1.252s] Level 1:colcon.colcon_core.package_identification:_identify(install) by extensions ['ignore', 'ignore_ament_install']
[1.252s] Level 1:colcon.colcon_core.package_identification:_identify(install) by extension 'ignore'
[1.252s] Level 1:colcon.colcon_core.package_identification:_identify(install) ignored
[1.252s] Level 1:colcon.colcon_core.package_identification:_identify(log) by extensions ['ignore', 'ignore_ament_install']
[1.253s] Level 1:colcon.colcon_core.package_identification:_identify(log) by extension 'ignore'
[1.253s] Level 1:colcon.colcon_core.package_identification:_identify(log) ignored
[1.264s] Level 1:colcon.colcon_core.package_identification:_identify(src) by extensions ['ignore', 'ignore_ament_install']
[1.265s] Level 1:colcon.colcon_core.package_identification:_identify(src) by extension 'ignore'
[1.265s] Level 1:colcon.colcon_core.package_identification:_identify(src) by extension 'ignore_ament_install'
[1.265s] Level 1:colcon.colcon_core.package_identification:_identify(src) by extensions ['colcon_pkg']
[1.265s] Level 1:colcon.colcon_core.package_identification:_identify(src) by extension 'colcon_pkg'
[1.265s] Level 1:colcon.colcon_core.package_identification:_identify(src) by extensions ['colcon_meta']
[1.265s] Level 1:colcon.colcon_core.package_identification:_identify(src) by extension 'colcon_meta'
[1.265s] Level 1:colcon.colcon_core.package_identification:_identify(src) by extensions ['ros']
[1.266s] Level 1:colcon.colcon_core.package_identification:_identify(src) by extension 'ros'
[1.266s] Level 1:colcon.colcon_core.package_identification:_identify(src) by extensions ['cmake', 'python']
[1.266s] Level 1:colcon.colcon_core.package_identification:_identify(src) by extension 'cmake'
[1.266s] Level 1:colcon.colcon_core.package_identification:_identify(src) by extension 'python'
[1.266s] Level 1:colcon.colcon_core.package_identification:_identify(src) by extensions ['python_setup_py']
[1.266s] Level 1:colcon.colcon_core.package_identification:_identify(src) by extension 'python_setup_py'
[1.275s] Level 1:colcon.colcon_core.package_identification:_identify(src/g_arm_description) by extensions ['ignore', 'ignore_ament_install']
[1.276s] Level 1:colcon.colcon_core.package_identification:_identify(src/g_arm_description) by extension 'ignore'
[1.276s] Level 1:colcon.colcon_core.package_identification:_identify(src/g_arm_description) by extension 'ignore_ament_install'
[1.276s] Level 1:colcon.colcon_core.package_identification:_identify(src/g_arm_description) by extensions ['colcon_pkg']
[1.276s] Level 1:colcon.colcon_core.package_identification:_identify(src/g_arm_description) by extension 'colcon_pkg'
[1.276s] Level 1:colcon.colcon_core.package_identification:_identify(src/g_arm_description) by extensions ['colcon_meta']
[1.276s] Level 1:colcon.colcon_core.package_identification:_identify(src/g_arm_description) by extension 'colcon_meta'
[1.277s] Level 1:colcon.colcon_core.package_identification:_identify(src/g_arm_description) by extensions ['ros']
[1.277s] Level 1:colcon.colcon_core.package_identification:_identify(src/g_arm_description) by extension 'ros'
[1.309s] DEBUG:colcon.colcon_core.package_identification:Package 'src/g_arm_description' with type 'ros.ament_cmake' and name 'g_arm_description'
[1.323s] Level 1:colcon.colcon_core.package_identification:_identify(src/g_arm_moveit2) by extensions ['ignore', 'ignore_ament_install']
[1.324s] Level 1:colcon.colcon_core.package_identification:_identify(src/g_arm_moveit2) by extension 'ignore'
[1.324s] Level 1:colcon.colcon_core.package_identification:_identify(src/g_arm_moveit2) by extension 'ignore_ament_install'
[1.324s] Level 1:colcon.colcon_core.package_identification:_identify(src/g_arm_moveit2) by extensions ['colcon_pkg']
[1.324s] Level 1:colcon.colcon_core.package_identification:_identify(src/g_arm_moveit2) by extension 'colcon_pkg'
[1.324s] Level 1:colcon.colcon_core.package_identification:_identify(src/g_arm_moveit2) by extensions ['colcon_meta']
[1.325s] Level 1:colcon.colcon_core.package_identification:_identify(src/g_arm_moveit2) by extension 'colcon_meta'
[1.325s] Level 1:colcon.colcon_core.package_identification:_identify(src/g_arm_moveit2) by extensions ['ros']
[1.325s] Level 1:colcon.colcon_core.package_identification:_identify(src/g_arm_moveit2) by extension 'ros'
[1.341s] DEBUG:colcon.colcon_core.package_identification:Package 'src/g_arm_moveit2' with type 'ros.ament_cmake' and name 'g_arm_moveit2'
[1.349s] Level 1:colcon.colcon_core.package_identification:_identify(src/g_arm_msgs) by extensions ['ignore', 'ignore_ament_install']
[1.349s] Level 1:colcon.colcon_core.package_identification:_identify(src/g_arm_msgs) by extension 'ignore'
[1.350s] Level 1:colcon.colcon_core.package_identification:_identify(src/g_arm_msgs) by extension 'ignore_ament_install'
[1.350s] Level 1:colcon.colcon_core.package_identification:_identify(src/g_arm_msgs) by extensions ['colcon_pkg']
[1.350s] Level 1:colcon.colcon_core.package_identification:_identify(src/g_arm_msgs) by extension 'colcon_pkg'
[1.350s] Level 1:colcon.colcon_core.package_identification:_identify(src/g_arm_msgs) by extensions ['colcon_meta']
[1.351s] Level 1:colcon.colcon_core.package_identification:_identify(src/g_arm_msgs) by extension 'colcon_meta'
[1.351s] Level 1:colcon.colcon_core.package_identification:_identify(src/g_arm_msgs) by extensions ['ros']
[1.351s] Level 1:colcon.colcon_core.package_identification:_identify(src/g_arm_msgs) by extension 'ros'
[1.366s] DEBUG:colcon.colcon_core.package_identification:Package 'src/g_arm_msgs' with type 'ros.ament_cmake' and name 'g_arm_msgs'
[1.379s] Level 1:colcon.colcon_core.package_identification:_identify(src/g_arm_trajectory_bridge) by extensions ['ignore', 'ignore_ament_install']
[1.380s] Level 1:colcon.colcon_core.package_identification:_identify(src/g_arm_trajectory_bridge) by extension 'ignore'
[1.380s] Level 1:colcon.colcon_core.package_identification:_identify(src/g_arm_trajectory_bridge) by extension 'ignore_ament_install'
[1.381s] Level 1:colcon.colcon_core.package_identification:_identify(src/g_arm_trajectory_bridge) by extensions ['colcon_pkg']
[1.381s] Level 1:colcon.colcon_core.package_identification:_identify(src/g_arm_trajectory_bridge) by extension 'colcon_pkg'
[1.381s] Level 1:colcon.colcon_core.package_identification:_identify(src/g_arm_trajectory_bridge) by extensions ['colcon_meta']
[1.381s] Level 1:colcon.colcon_core.package_identification:_identify(src/g_arm_trajectory_bridge) by extension 'colcon_meta'
[1.381s] Level 1:colcon.colcon_core.package_identification:_identify(src/g_arm_trajectory_bridge) by extensions ['ros']
[1.382s] Level 1:colcon.colcon_core.package_identification:_identify(src/g_arm_trajectory_bridge) by extension 'ros'
[1.384s] DEBUG:colcon.colcon_core.package_identification:Package 'src/g_arm_trajectory_bridge' with type 'ros.ament_python' and name 'g_arm_trajectory_bridge'
[1.385s] Level 1:colcon.colcon_core.package_identification:_identify(src/garm_motion_planning_demos) by extensions ['ignore', 'ignore_ament_install']
[1.385s] Level 1:colcon.colcon_core.package_identification:_identify(src/garm_motion_planning_demos) by extension 'ignore'
[1.385s] Level 1:colcon.colcon_core.package_identification:_identify(src/garm_motion_planning_demos) by extension 'ignore_ament_install'
[1.386s] Level 1:colcon.colcon_core.package_identification:_identify(src/garm_motion_planning_demos) by extensions ['colcon_pkg']
[1.386s] Level 1:colcon.colcon_core.package_identification:_identify(src/garm_motion_planning_demos) by extension 'colcon_pkg'
[1.386s] Level 1:colcon.colcon_core.package_identification:_identify(src/garm_motion_planning_demos) by extensions ['colcon_meta']
[1.386s] Level 1:colcon.colcon_core.package_identification:_identify(src/garm_motion_planning_demos) by extension 'colcon_meta'
[1.386s] Level 1:colcon.colcon_core.package_identification:_identify(src/garm_motion_planning_demos) by extensions ['ros']
[1.387s] Level 1:colcon.colcon_core.package_identification:_identify(src/garm_motion_planning_demos) by extension 'ros'
[1.389s] DEBUG:colcon.colcon_core.package_identification:Package 'src/garm_motion_planning_demos' with type 'ros.ament_python' and name 'garm_motion_planning_demos'
[1.389s] Level 1:colcon.colcon_core.package_identification:_identify(src/mercer_g_arm) by extensions ['ignore', 'ignore_ament_install']
[1.390s] Level 1:colcon.colcon_core.package_identification:_identify(src/mercer_g_arm) by extension 'ignore'
[1.390s] Level 1:colcon.colcon_core.package_identification:_identify(src/mercer_g_arm) by extension 'ignore_ament_install'
[1.390s] Level 1:colcon.colcon_core.package_identification:_identify(src/mercer_g_arm) by extensions ['colcon_pkg']
[1.391s] Level 1:colcon.colcon_core.package_identification:_identify(src/mercer_g_arm) by extension 'colcon_pkg'
[1.391s] Level 1:colcon.colcon_core.package_identification:_identify(src/mercer_g_arm) by extensions ['colcon_meta']
[1.391s] Level 1:colcon.colcon_core.package_identification:_identify(src/mercer_g_arm) by extension 'colcon_meta'
[1.391s] Level 1:colcon.colcon_core.package_identification:_identify(src/mercer_g_arm) by extensions ['ros']
[1.391s] Level 1:colcon.colcon_core.package_identification:_identify(src/mercer_g_arm) by extension 'ros'
[1.396s] DEBUG:colcon.colcon_core.package_identification:Package 'src/mercer_g_arm' with type 'ros.ament_python' and name 'mercer_g_arm'
[1.396s] Level 1:colcon.colcon_core.package_identification:_identify(src/mercer_g_arm_desktop_bringup) by extensions ['ignore', 'ignore_ament_install']
[1.397s] Level 1:colcon.colcon_core.package_identification:_identify(src/mercer_g_arm_desktop_bringup) by extension 'ignore'
[1.397s] Level 1:colcon.colcon_core.package_identification:_identify(src/mercer_g_arm_desktop_bringup) by extension 'ignore_ament_install'
[1.397s] Level 1:colcon.colcon_core.package_identification:_identify(src/mercer_g_arm_desktop_bringup) by extensions ['colcon_pkg']
[1.397s] Level 1:colcon.colcon_core.package_identification:_identify(src/mercer_g_arm_desktop_bringup) by extension 'colcon_pkg'
[1.398s] Level 1:colcon.colcon_core.package_identification:_identify(src/mercer_g_arm_desktop_bringup) by extensions ['colcon_meta']
[1.398s] Level 1:colcon.colcon_core.package_identification:_identify(src/mercer_g_arm_desktop_bringup) by extension 'colcon_meta'
[1.398s] Level 1:colcon.colcon_core.package_identification:_identify(src/mercer_g_arm_desktop_bringup) by extensions ['ros']
[1.398s] Level 1:colcon.colcon_core.package_identification:_identify(src/mercer_g_arm_desktop_bringup) by extension 'ros'
[1.401s] DEBUG:colcon.colcon_core.package_identification:Package 'src/mercer_g_arm_desktop_bringup' with type 'ros.ament_python' and name 'mercer_g_arm_desktop_bringup'
[1.413s] Level 1:colcon.colcon_core.package_identification:_identify(src/mercer_g_arm_rpi_bringup) by extensions ['ignore', 'ignore_ament_install']
[1.413s] Level 1:colcon.colcon_core.package_identification:_identify(src/mercer_g_arm_rpi_bringup) by extension 'ignore'
[1.414s] Level 1:colcon.colcon_core.package_identification:_identify(src/mercer_g_arm_rpi_bringup) by extension 'ignore_ament_install'
[1.414s] Level 1:colcon.colcon_core.package_identification:_identify(src/mercer_g_arm_rpi_bringup) by extensions ['colcon_pkg']
[1.414s] Level 1:colcon.colcon_core.package_identification:_identify(src/mercer_g_arm_rpi_bringup) by extension 'colcon_pkg'
[1.414s] Level 1:colcon.colcon_core.package_identification:_identify(src/mercer_g_arm_rpi_bringup) by extensions ['colcon_meta']
[1.414s] Level 1:colcon.colcon_core.package_identification:_identify(src/mercer_g_arm_rpi_bringup) by extension 'colcon_meta'
[1.415s] Level 1:colcon.colcon_core.package_identification:_identify(src/mercer_g_arm_rpi_bringup) by extensions ['ros']
[1.415s] Level 1:colcon.colcon_core.package_identification:_identify(src/mercer_g_arm_rpi_bringup) by extension 'ros'
[1.418s] DEBUG:colcon.colcon_core.package_identification:Package 'src/mercer_g_arm_rpi_bringup' with type 'ros.ament_python' and name 'mercer_g_arm_rpi_bringup'
[1.426s] Level 1:colcon.colcon_core.package_identification:_identify(src/mercer_g_arm_sim) by extensions ['ignore', 'ignore_ament_install']
[1.427s] Level 1:colcon.colcon_core.package_identification:_identify(src/mercer_g_arm_sim) by extension 'ignore'
[1.427s] Level 1:colcon.colcon_core.package_identification:_identify(src/mercer_g_arm_sim) by extension 'ignore_ament_install'
[1.428s] Level 1:colcon.colcon_core.package_identification:_identify(src/mercer_g_arm_sim) by extensions ['colcon_pkg']
[1.428s] Level 1:colcon.colcon_core.package_identification:_identify(src/mercer_g_arm_sim) by extension 'colcon_pkg'
[1.428s] Level 1:colcon.colcon_core.package_identification:_identify(src/mercer_g_arm_sim) by extensions ['colcon_meta']
[1.428s] Level 1:colcon.colcon_core.package_identification:_identify(src/mercer_g_arm_sim) by extension 'colcon_meta'
[1.428s] Level 1:colcon.colcon_core.package_identification:_identify(src/mercer_g_arm_sim) by extensions ['ros']
[1.428s] Level 1:colcon.colcon_core.package_identification:_identify(src/mercer_g_arm_sim) by extension 'ros'
[1.457s] DEBUG:colcon.colcon_core.package_identification:Package 'src/mercer_g_arm_sim' with type 'ros.ament_python' and name 'mercer_g_arm_sim'
[1.458s] Level 1:colcon.colcon_core.package_identification:_identify(src/mercer_g_arm_topic_hw) by extensions ['ignore', 'ignore_ament_install']
[1.458s] Level 1:colcon.colcon_core.package_identification:_identify(src/mercer_g_arm_topic_hw) by extension 'ignore'
[1.458s] Level 1:colcon.colcon_core.package_identification:_identify(src/mercer_g_arm_topic_hw) by extension 'ignore_ament_install'
[1.459s] Level 1:colcon.colcon_core.package_identification:_identify(src/mercer_g_arm_topic_hw) by extensions ['colcon_pkg']
[1.459s] Level 1:colcon.colcon_core.package_identification:_identify(src/mercer_g_arm_topic_hw) by extension 'colcon_pkg'
[1.459s] Level 1:colcon.colcon_core.package_identification:_identify(src/mercer_g_arm_topic_hw) by extensions ['colcon_meta']
[1.459s] Level 1:colcon.colcon_core.package_identification:_identify(src/mercer_g_arm_topic_hw) by extension 'colcon_meta'
[1.459s] Level 1:colcon.colcon_core.package_identification:_identify(src/mercer_g_arm_topic_hw) by extensions ['ros']
[1.460s] Level 1:colcon.colcon_core.package_identification:_identify(src/mercer_g_arm_topic_hw) by extension 'ros'
[1.462s] DEBUG:colcon.colcon_core.package_identification:Package 'src/mercer_g_arm_topic_hw' with type 'ros.ament_cmake' and name 'mercer_g_arm_topic_hw'
[1.484s] Level 1:colcon.colcon_core.package_identification:_identify(src/mercer_robot_commander_cpp) by extensions ['ignore', 'ignore_ament_install']
[1.484s] Level 1:colcon.colcon_core.package_identification:_identify(src/mercer_robot_commander_cpp) by extension 'ignore'
[1.485s] Level 1:colcon.colcon_core.package_identification:_identify(src/mercer_robot_commander_cpp) by extension 'ignore_ament_install'
[1.485s] Level 1:colcon.colcon_core.package_identification:_identify(src/mercer_robot_commander_cpp) by extensions ['colcon_pkg']
[1.485s] Level 1:colcon.colcon_core.package_identification:_identify(src/mercer_robot_commander_cpp) by extension 'colcon_pkg'
[1.485s] Level 1:colcon.colcon_core.package_identification:_identify(src/mercer_robot_commander_cpp) by extensions ['colcon_meta']
[1.486s] Level 1:colcon.colcon_core.package_identification:_identify(src/mercer_robot_commander_cpp) by extension 'colcon_meta'
[1.486s] Level 1:colcon.colcon_core.package_identification:_identify(src/mercer_robot_commander_cpp) by extensions ['ros']
[1.486s] Level 1:colcon.colcon_core.package_identification:_identify(src/mercer_robot_commander_cpp) by extension 'ros'
[1.492s] DEBUG:colcon.colcon_core.package_identification:Package 'src/mercer_robot_commander_cpp' with type 'ros.ament_cmake' and name 'mercer_robot_commander_cpp'
[1.502s] Level 1:colcon.colcon_core.package_identification:_identify(src/pi_gpio_interface) by extensions ['ignore', 'ignore_ament_install']
[1.503s] Level 1:colcon.colcon_core.package_identification:_identify(src/pi_gpio_interface) by extension 'ignore'
[1.503s] Level 1:colcon.colcon_core.package_identification:_identify(src/pi_gpio_interface) by extension 'ignore_ament_install'
[1.504s] Level 1:colcon.colcon_core.package_identification:_identify(src/pi_gpio_interface) by extensions ['colcon_pkg']
[1.504s] Level 1:colcon.colcon_core.package_identification:_identify(src/pi_gpio_interface) by extension 'colcon_pkg'
[1.504s] Level 1:colcon.colcon_core.package_identification:_identify(src/pi_gpio_interface) by extensions ['colcon_meta']
[1.504s] Level 1:colcon.colcon_core.package_identification:_identify(src/pi_gpio_interface) by extension 'colcon_meta'
[1.504s] Level 1:colcon.colcon_core.package_identification:_identify(src/pi_gpio_interface) by extensions ['ros']
[1.504s] Level 1:colcon.colcon_core.package_identification:_identify(src/pi_gpio_interface) by extension 'ros'
[1.517s] DEBUG:colcon.colcon_core.package_identification:Package 'src/pi_gpio_interface' with type 'ros.ament_cmake' and name 'pi_gpio_interface'
[1.518s] Level 1:colcon.colcon_core.package_discovery:discover_packages(recursive) using defaults
[1.518s] Level 1:colcon.colcon_core.package_discovery:discover_packages(ignore) discover
[1.518s] Level 1:colcon.colcon_core.package_discovery:discover_packages(ignore) using defaults
[1.518s] Level 1:colcon.colcon_core.package_discovery:discover_packages(path) discover
[1.518s] Level 1:colcon.colcon_core.package_discovery:discover_packages(path) using defaults
[1.703s] Level 1:colcon.colcon_core.package_discovery:discover_packages(prefix_path) check parameters
[1.703s] Level 1:colcon.colcon_core.package_discovery:discover_packages(prefix_path) discover
[1.705s] WARNING:colcon.colcon_core.prefix_path.colcon:The path '/home/scott/mercer_garm_ws/install' in the environment variable COLCON_PREFIX_PATH doesn't exist
[1.706s] WARNING:colcon.colcon_ros.prefix_path.ament:The path '/home/scott/mercer_garm/ros2/install/pymoveit2' in the environment variable AMENT_PREFIX_PATH doesn't exist
[1.706s] WARNING:colcon.colcon_ros.prefix_path.ament:The path '/home/scott/mercer_garm/ros2/install/mercer_robot_commander_py' in the environment variable AMENT_PREFIX_PATH doesn't exist
[1.706s] WARNING:colcon.colcon_ros.prefix_path.ament:The path '/home/scott/mercer_garm/ros2/install/mercer_g-arm_rpi_bringup' in the environment variable AMENT_PREFIX_PATH doesn't exist
[1.706s] WARNING:colcon.colcon_ros.prefix_path.ament:The path '/home/scott/mercer_garm/ros2/install/mercer_g-arm_desktop_bringup' in the environment variable AMENT_PREFIX_PATH doesn't exist
[1.706s] WARNING:colcon.colcon_ros.prefix_path.ament:The path '/home/scott/mercer_garm/ros2/install/joy_js_pkg' in the environment variable AMENT_PREFIX_PATH doesn't exist
[1.706s] WARNING:colcon.colcon_ros.prefix_path.ament:The path '/home/scott/mercer_garm/ros2/install/g_arm_python_examples' in the environment variable AMENT_PREFIX_PATH doesn't exist
[1.706s] WARNING:colcon.colcon_ros.prefix_path.ament:The path '/home/scott/mercer_garm/ros2/install/g-arm_simulation' in the environment variable AMENT_PREFIX_PATH doesn't exist
[1.706s] WARNING:colcon.colcon_ros.prefix_path.ament:The path '/home/scott/mercer_garm/ros2/install/g_arm' in the environment variable AMENT_PREFIX_PATH doesn't exist
[1.706s] WARNING:colcon.colcon_ros.prefix_path.ament:The path '/home/scott/mercer_garm/ros2/install/g-arm_demos' in the environment variable AMENT_PREFIX_PATH doesn't exist
[1.707s] WARNING:colcon.colcon_ros.prefix_path.ament:The path '/home/scott/mercer_garm_ws/install/mercer_g_arm_desktop_bringup' in the environment variable AMENT_PREFIX_PATH doesn't exist
[1.707s] WARNING:colcon.colcon_ros.prefix_path.ament:The path '/home/scott/mercer_garm_ws/install/pymoveit2' in the environment variable AMENT_PREFIX_PATH doesn't exist
[1.707s] WARNING:colcon.colcon_ros.prefix_path.ament:The path '/home/scott/mercer_garm_ws/install/pi_gpio_interface' in the environment variable AMENT_PREFIX_PATH doesn't exist
[1.707s] WARNING:colcon.colcon_ros.prefix_path.ament:The path '/home/scott/mercer_garm_ws/install/mercer_robot_commander_py' in the environment variable AMENT_PREFIX_PATH doesn't exist
[1.707s] WARNING:colcon.colcon_ros.prefix_path.ament:The path '/home/scott/mercer_garm_ws/install/mercer_robot_commander_cpp' in the environment variable AMENT_PREFIX_PATH doesn't exist
[1.707s] WARNING:colcon.colcon_ros.prefix_path.ament:The path '/home/scott/mercer_garm_ws/install/mercer_g_arm_topic_hw' in the environment variable AMENT_PREFIX_PATH doesn't exist
[1.707s] WARNING:colcon.colcon_ros.prefix_path.ament:The path '/home/scott/mercer_garm_ws/install/mercer_g_arm_sim' in the environment variable AMENT_PREFIX_PATH doesn't exist
[1.707s] WARNING:colcon.colcon_ros.prefix_path.ament:The path '/home/scott/mercer_garm_ws/install/mercer_g_arm_rpi_bringup' in the environment variable AMENT_PREFIX_PATH doesn't exist
[1.707s] WARNING:colcon.colcon_ros.prefix_path.ament:The path '/home/scott/mercer_garm_ws/install/mercer_g_arm' in the environment variable AMENT_PREFIX_PATH doesn't exist
[1.707s] WARNING:colcon.colcon_ros.prefix_path.ament:The path '/home/scott/mercer_garm_ws/install/mercer_g-arm_rpi_bringup' in the environment variable AMENT_PREFIX_PATH doesn't exist
[1.707s] WARNING:colcon.colcon_ros.prefix_path.ament:The path '/home/scott/mercer_garm_ws/install/mercer_g-arm_desktop_bringup' in the environment variable AMENT_PREFIX_PATH doesn't exist
[1.707s] WARNING:colcon.colcon_ros.prefix_path.ament:The path '/home/scott/mercer_garm_ws/install/joy_js_pkg' in the environment variable AMENT_PREFIX_PATH doesn't exist
[1.707s] WARNING:colcon.colcon_ros.prefix_path.ament:The path '/home/scott/mercer_garm_ws/install/garm_motion_planning_demos' in the environment variable AMENT_PREFIX_PATH doesn't exist
[1.707s] WARNING:colcon.colcon_ros.prefix_path.ament:The path '/home/scott/mercer_garm_ws/install/g_arm_trajectory_bridge' in the environment variable AMENT_PREFIX_PATH doesn't exist
[1.707s] WARNING:colcon.colcon_ros.prefix_path.ament:The path '/home/scott/mercer_garm_ws/install/g_arm_python_examples' in the environment variable AMENT_PREFIX_PATH doesn't exist
[1.707s] WARNING:colcon.colcon_ros.prefix_path.ament:The path '/home/scott/mercer_garm_ws/install/g_arm_msgs' in the environment variable AMENT_PREFIX_PATH doesn't exist
[1.707s] WARNING:colcon.colcon_ros.prefix_path.ament:The path '/home/scott/mercer_garm_ws/install/g-arm_simulation' in the environment variable AMENT_PREFIX_PATH doesn't exist
[1.707s] WARNING:colcon.colcon_ros.prefix_path.ament:The path '/home/scott/mercer_garm_ws/install/g_arm_moveit2' in the environment variable AMENT_PREFIX_PATH doesn't exist
[1.707s] WARNING:colcon.colcon_ros.prefix_path.ament:The path '/home/scott/mercer_garm_ws/install/g_arm_description' in the environment variable AMENT_PREFIX_PATH doesn't exist
[1.707s] WARNING:colcon.colcon_ros.prefix_path.ament:The path '/home/scott/mercer_garm_ws/install/g_arm' in the environment variable AMENT_PREFIX_PATH doesn't exist
[1.707s] WARNING:colcon.colcon_ros.prefix_path.ament:The path '/home/scott/mercer_garm_ws/install/g-arm_demos' in the environment variable AMENT_PREFIX_PATH doesn't exist
[1.710s] WARNING:colcon.colcon_ros.prefix_path.catkin:The path '/home/scott/mercer_garm/ros2/install/pymoveit2' in the environment variable CMAKE_PREFIX_PATH doesn't exist
[1.710s] WARNING:colcon.colcon_ros.prefix_path.catkin:The path '/home/scott/mercer_garm/ros2/install/g-arm_demos' in the environment variable CMAKE_PREFIX_PATH doesn't exist
[1.710s] WARNING:colcon.colcon_ros.prefix_path.catkin:The path '/home/scott/mercer_garm_ws/install/pymoveit2' in the environment variable CMAKE_PREFIX_PATH doesn't exist
[1.711s] WARNING:colcon.colcon_ros.prefix_path.catkin:The path '/home/scott/mercer_garm_ws/install/pi_gpio_interface' in the environment variable CMAKE_PREFIX_PATH doesn't exist
[1.711s] WARNING:colcon.colcon_ros.prefix_path.catkin:The path '/home/scott/mercer_garm_ws/install/mercer_robot_commander_cpp' in the environment variable CMAKE_PREFIX_PATH doesn't exist
[1.711s] WARNING:colcon.colcon_ros.prefix_path.catkin:The path '/home/scott/mercer_garm_ws/install/mercer_g_arm_topic_hw' in the environment variable CMAKE_PREFIX_PATH doesn't exist
[1.711s] WARNING:colcon.colcon_ros.prefix_path.catkin:The path '/home/scott/mercer_garm_ws/install/g_arm_msgs' in the environment variable CMAKE_PREFIX_PATH doesn't exist
[1.711s] WARNING:colcon.colcon_ros.prefix_path.catkin:The path '/home/scott/mercer_garm_ws/install/g_arm_moveit2' in the environment variable CMAKE_PREFIX_PATH doesn't exist
[1.711s] WARNING:colcon.colcon_ros.prefix_path.catkin:The path '/home/scott/mercer_garm_ws/install/g_arm_description' in the environment variable CMAKE_PREFIX_PATH doesn't exist
[1.711s] WARNING:colcon.colcon_ros.prefix_path.catkin:The path '/home/scott/mercer_garm_ws/install/g-arm_demos' in the environment variable CMAKE_PREFIX_PATH doesn't exist
[1.713s] DEBUG:colcon.colcon_installed_package_information.package_discovery:Found 12 installed packages in /home/scott/mercer_garm/ros2/install
[1.716s] DEBUG:colcon.colcon_installed_package_information.package_discovery:Found 71 installed packages in /home/scott/ws_moveit/install
[1.717s] DEBUG:colcon.colcon_installed_package_information.package_discovery:Found 13 installed packages in /home/scott/ros2_ws/install
[1.720s] DEBUG:colcon.colcon_installed_package_information.package_discovery:Found 430 installed packages in /opt/ros/jazzy
[1.722s] Level 1:colcon.colcon_core.package_discovery:discover_packages(prefix_path) using defaults
[2.876s] WARNING:colcon.colcon_core.package_selection:Some selected packages are already built in one or more underlay workspaces:
	'g_arm_description' is in: /home/scott/mercer_garm/ros2/install/g_arm_description, /home/scott/ros2_ws/install/g_arm_description
	'g_arm_moveit2' is in: /home/scott/mercer_garm/ros2/install/g_arm_moveit2, /home/scott/ros2_ws/install/g_arm_moveit2
If a package in a merged underlay workspace is overridden and it installs headers, then all packages in the overlay must sort their include directories by workspace order. Failure to do so may result in build failures or undefined behavior at run time.
If the overridden package is used by another package in any underlay, then the overriding package in the overlay must be API and ABI compatible or undefined behavior at run time may occur.

If you understand the risks and want to override a package anyways, add the following to the command line:
	--allow-overriding g_arm_description g_arm_moveit2

This may be promoted to an error in a future release of colcon-override-check.
[2.877s] Level 5:colcon.colcon_core.verb:set package 'g_arm_description' build argument 'cmake_args' from command line to 'None'
[2.877s] Level 5:colcon.colcon_core.verb:set package 'g_arm_description' build argument 'cmake_target' from command line to 'None'
[2.877s] Level 5:colcon.colcon_core.verb:set package 'g_arm_description' build argument 'cmake_target_skip_unavailable' from command line to 'False'
[2.877s] Level 5:colcon.colcon_core.verb:set package 'g_arm_description' build argument 'cmake_clean_cache' from command line to 'False'
[2.878s] Level 5:colcon.colcon_core.verb:set package 'g_arm_description' build argument 'cmake_clean_first' from command line to 'False'
[2.878s] Level 5:colcon.colcon_core.verb:set package 'g_arm_description' build argument 'cmake_force_configure' from command line to 'False'
[2.878s] Level 5:colcon.colcon_core.verb:set package 'g_arm_description' build argument 'ament_cmake_args' from command line to 'None'
[2.878s] Level 5:colcon.colcon_core.verb:set package 'g_arm_description' build argument 'catkin_cmake_args' from command line to 'None'
[2.878s] Level 5:colcon.colcon_core.verb:set package 'g_arm_description' build argument 'catkin_skip_building_tests' from command line to 'False'
[2.878s] DEBUG:colcon.colcon_core.verb:Building package 'g_arm_description' with the following arguments: {'ament_cmake_args': None, 'build_base': '/home/scott/mercer_garm/ros2/build/g_arm_description', 'catkin_cmake_args': None, 'catkin_skip_building_tests': False, 'cmake_args': None, 'cmake_clean_cache': False, 'cmake_clean_first': False, 'cmake_force_configure': False, 'cmake_target': None, 'cmake_target_skip_unavailable': False, 'install_base': '/home/scott/mercer_garm/ros2/install/g_arm_description', 'merge_install': False, 'path': '/home/scott/mercer_garm/ros2/src/g_arm_description', 'symlink_install': False, 'test_result_base': None}
[2.878s] Level 5:colcon.colcon_core.verb:set package 'g_arm_msgs' build argument 'cmake_args' from command line to 'None'
[2.878s] Level 5:colcon.colcon_core.verb:set package 'g_arm_msgs' build argument 'cmake_target' from command line to 'None'
[2.878s] Level 5:colcon.colcon_core.verb:set package 'g_arm_msgs' build argument 'cmake_target_skip_unavailable' from command line to 'False'
[2.878s] Level 5:colcon.colcon_core.verb:set package 'g_arm_msgs' build argument 'cmake_clean_cache' from command line to 'False'
[2.878s] Level 5:colcon.colcon_core.verb:set package 'g_arm_msgs' build argument 'cmake_clean_first' from command line to 'False'
[2.878s] Level 5:colcon.colcon_core.verb:set package 'g_arm_msgs' build argument 'cmake_force_configure' from command line to 'False'
[2.878s] Level 5:colcon.colcon_core.verb:set package 'g_arm_msgs' build argument 'ament_cmake_args' from command line to 'None'
[2.878s] Level 5:colcon.colcon_core.verb:set package 'g_arm_msgs' build argument 'catkin_cmake_args' from command line to 'None'
[2.878s] Level 5:colcon.colcon_core.verb:set package 'g_arm_msgs' build argument 'catkin_skip_building_tests' from command line to 'False'
[2.878s] DEBUG:colcon.colcon_core.verb:Building package 'g_arm_msgs' with the following arguments: {'ament_cmake_args': None, 'build_base': '/home/scott/mercer_garm/ros2/build/g_arm_msgs', 'catkin_cmake_args': None, 'catkin_skip_building_tests': False, 'cmake_args': None, 'cmake_clean_cache': False, 'cmake_clean_first': False, 'cmake_force_configure': False, 'cmake_target': None, 'cmake_target_skip_unavailable': False, 'install_base': '/home/scott/mercer_garm/ros2/install/g_arm_msgs', 'merge_install': False, 'path': '/home/scott/mercer_garm/ros2/src/g_arm_msgs', 'symlink_install': False, 'test_result_base': None}
[2.878s] Level 5:colcon.colcon_core.verb:set package 'g_arm_trajectory_bridge' build argument 'cmake_args' from command line to 'None'
[2.879s] Level 5:colcon.colcon_core.verb:set package 'g_arm_trajectory_bridge' build argument 'cmake_target' from command line to 'None'
[2.879s] Level 5:colcon.colcon_core.verb:set package 'g_arm_trajectory_bridge' build argument 'cmake_target_skip_unavailable' from command line to 'False'
[2.879s] Level 5:colcon.colcon_core.verb:set package 'g_arm_trajectory_bridge' build argument 'cmake_clean_cache' from command line to 'False'
[2.879s] Level 5:colcon.colcon_core.verb:set package 'g_arm_trajectory_bridge' build argument 'cmake_clean_first' from command line to 'False'
[2.879s] Level 5:colcon.colcon_core.verb:set package 'g_arm_trajectory_bridge' build argument 'cmake_force_configure' from command line to 'False'
[2.879s] Level 5:colcon.colcon_core.verb:set package 'g_arm_trajectory_bridge' build argument 'ament_cmake_args' from command line to 'None'
[2.879s] Level 5:colcon.colcon_core.verb:set package 'g_arm_trajectory_bridge' build argument 'catkin_cmake_args' from command line to 'None'
[2.879s] Level 5:colcon.colcon_core.verb:set package 'g_arm_trajectory_bridge' build argument 'catkin_skip_building_tests' from command line to 'False'
[2.879s] DEBUG:colcon.colcon_core.verb:Building package 'g_arm_trajectory_bridge' with the following arguments: {'ament_cmake_args': None, 'build_base': '/home/scott/mercer_garm/ros2/build/g_arm_trajectory_bridge', 'catkin_cmake_args': None, 'catkin_skip_building_tests': False, 'cmake_args': None, 'cmake_clean_cache': False, 'cmake_clean_first': False, 'cmake_force_configure': False, 'cmake_target': None, 'cmake_target_skip_unavailable': False, 'install_base': '/home/scott/mercer_garm/ros2/install/g_arm_trajectory_bridge', 'merge_install': False, 'path': '/home/scott/mercer_garm/ros2/src/g_arm_trajectory_bridge', 'symlink_install': False, 'test_result_base': None}
[2.879s] Level 5:colcon.colcon_core.verb:set package 'garm_motion_planning_demos' build argument 'cmake_args' from command line to 'None'
[2.879s] Level 5:colcon.colcon_core.verb:set package 'garm_motion_planning_demos' build argument 'cmake_target' from command line to 'None'
[2.879s] Level 5:colcon.colcon_core.verb:set package 'garm_motion_planning_demos' build argument 'cmake_target_skip_unavailable' from command line to 'False'
[2.879s] Level 5:colcon.colcon_core.verb:set package 'garm_motion_planning_demos' build argument 'cmake_clean_cache' from command line to 'False'
[2.879s] Level 5:colcon.colcon_core.verb:set package 'garm_motion_planning_demos' build argument 'cmake_clean_first' from command line to 'False'
[2.879s] Level 5:colcon.colcon_core.verb:set package 'garm_motion_planning_demos' build argument 'cmake_force_configure' from command line to 'False'
[2.879s] Level 5:colcon.colcon_core.verb:set package 'garm_motion_planning_demos' build argument 'ament_cmake_args' from command line to 'None'
[2.879s] Level 5:colcon.colcon_core.verb:set package 'garm_motion_planning_demos' build argument 'catkin_cmake_args' from command line to 'None'
[2.879s] Level 5:colcon.colcon_core.verb:set package 'garm_motion_planning_demos' build argument 'catkin_skip_building_tests' from command line to 'False'
[2.879s] DEBUG:colcon.colcon_core.verb:Building package 'garm_motion_planning_demos' with the following arguments: {'ament_cmake_args': None, 'build_base': '/home/scott/mercer_garm/ros2/build/garm_motion_planning_demos', 'catkin_cmake_args': None, 'catkin_skip_building_tests': False, 'cmake_args': None, 'cmake_clean_cache': False, 'cmake_clean_first': False, 'cmake_force_configure': False, 'cmake_target': None, 'cmake_target_skip_unavailable': False, 'install_base': '/home/scott/mercer_garm/ros2/install/garm_motion_planning_demos', 'merge_install': False, 'path': '/home/scott/mercer_garm/ros2/src/garm_motion_planning_demos', 'symlink_install': False, 'test_result_base': None}
[2.880s] Level 5:colcon.colcon_core.verb:set package 'mercer_g_arm' build argument 'cmake_args' from command line to 'None'
[2.880s] Level 5:colcon.colcon_core.verb:set package 'mercer_g_arm' build argument 'cmake_target' from command line to 'None'
[2.880s] Level 5:colcon.colcon_core.verb:set package 'mercer_g_arm' build argument 'cmake_target_skip_unavailable' from command line to 'False'
[2.880s] Level 5:colcon.colcon_core.verb:set package 'mercer_g_arm' build argument 'cmake_clean_cache' from command line to 'False'
[2.880s] Level 5:colcon.colcon_core.verb:set package 'mercer_g_arm' build argument 'cmake_clean_first' from command line to 'False'
[2.880s] Level 5:colcon.colcon_core.verb:set package 'mercer_g_arm' build argument 'cmake_force_configure' from command line to 'False'
[2.880s] Level 5:colcon.colcon_core.verb:set package 'mercer_g_arm' build argument 'ament_cmake_args' from command line to 'None'
[2.880s] Level 5:colcon.colcon_core.verb:set package 'mercer_g_arm' build argument 'catkin_cmake_args' from command line to 'None'
[2.880s] Level 5:colcon.colcon_core.verb:set package 'mercer_g_arm' build argument 'catkin_skip_building_tests' from command line to 'False'
[2.880s] DEBUG:colcon.colcon_core.verb:Building package 'mercer_g_arm' with the following arguments: {'ament_cmake_args': None, 'build_base': '/home/scott/mercer_garm/ros2/build/mercer_g_arm', 'catkin_cmake_args': None, 'catkin_skip_building_tests': False, 'cmake_args': None, 'cmake_clean_cache': False, 'cmake_clean_first': False, 'cmake_force_configure': False, 'cmake_target': None, 'cmake_target_skip_unavailable': False, 'install_base': '/home/scott/mercer_garm/ros2/install/mercer_g_arm', 'merge_install': False, 'path': '/home/scott/mercer_garm/ros2/src/mercer_g_arm', 'symlink_install': False, 'test_result_base': None}
[2.880s] Level 5:colcon.colcon_core.verb:set package 'mercer_g_arm_rpi_bringup' build argument 'cmake_args' from command line to 'None'
[2.880s] Level 5:colcon.colcon_core.verb:set package 'mercer_g_arm_rpi_bringup' build argument 'cmake_target' from command line to 'None'
[2.880s] Level 5:colcon.colcon_core.verb:set package 'mercer_g_arm_rpi_bringup' build argument 'cmake_target_skip_unavailable' from command line to 'False'
[2.880s] Level 5:colcon.colcon_core.verb:set package 'mercer_g_arm_rpi_bringup' build argument 'cmake_clean_cache' from command line to 'False'
[2.880s] Level 5:colcon.colcon_core.verb:set package 'mercer_g_arm_rpi_bringup' build argument 'cmake_clean_first' from command line to 'False'
[2.880s] Level 5:colcon.colcon_core.verb:set package 'mercer_g_arm_rpi_bringup' build argument 'cmake_force_configure' from command line to 'False'
[2.880s] Level 5:colcon.colcon_core.verb:set package 'mercer_g_arm_rpi_bringup' build argument 'ament_cmake_args' from command line to 'None'
[2.880s] Level 5:colcon.colcon_core.verb:set package 'mercer_g_arm_rpi_bringup' build argument 'catkin_cmake_args' from command line to 'None'
[2.880s] Level 5:colcon.colcon_core.verb:set package 'mercer_g_arm_rpi_bringup' build argument 'catkin_skip_building_tests' from command line to 'False'
[2.880s] DEBUG:colcon.colcon_core.verb:Building package 'mercer_g_arm_rpi_bringup' with the following arguments: {'ament_cmake_args': None, 'build_base': '/home/scott/mercer_garm/ros2/build/mercer_g_arm_rpi_bringup', 'catkin_cmake_args': None, 'catkin_skip_building_tests': False, 'cmake_args': None, 'cmake_clean_cache': False, 'cmake_clean_first': False, 'cmake_force_configure': False, 'cmake_target': None, 'cmake_target_skip_unavailable': False, 'install_base': '/home/scott/mercer_garm/ros2/install/mercer_g_arm_rpi_bringup', 'merge_install': False, 'path': '/home/scott/mercer_garm/ros2/src/mercer_g_arm_rpi_bringup', 'symlink_install': False, 'test_result_base': None}
[2.881s] Level 5:colcon.colcon_core.verb:set package 'mercer_g_arm_topic_hw' build argument 'cmake_args' from command line to 'None'
[2.881s] Level 5:colcon.colcon_core.verb:set package 'mercer_g_arm_topic_hw' build argument 'cmake_target' from command line to 'None'
[2.881s] Level 5:colcon.colcon_core.verb:set package 'mercer_g_arm_topic_hw' build argument 'cmake_target_skip_unavailable' from command line to 'False'
[2.881s] Level 5:colcon.colcon_core.verb:set package 'mercer_g_arm_topic_hw' build argument 'cmake_clean_cache' from command line to 'False'
[2.881s] Level 5:colcon.colcon_core.verb:set package 'mercer_g_arm_topic_hw' build argument 'cmake_clean_first' from command line to 'False'
[2.881s] Level 5:colcon.colcon_core.verb:set package 'mercer_g_arm_topic_hw' build argument 'cmake_force_configure' from command line to 'False'
[2.881s] Level 5:colcon.colcon_core.verb:set package 'mercer_g_arm_topic_hw' build argument 'ament_cmake_args' from command line to 'None'
[2.881s] Level 5:colcon.colcon_core.verb:set package 'mercer_g_arm_topic_hw' build argument 'catkin_cmake_args' from command line to 'None'
[2.881s] Level 5:colcon.colcon_core.verb:set package 'mercer_g_arm_topic_hw' build argument 'catkin_skip_building_tests' from command line to 'False'
[2.881s] DEBUG:colcon.colcon_core.verb:Building package 'mercer_g_arm_topic_hw' with the following arguments: {'ament_cmake_args': None, 'build_base': '/home/scott/mercer_garm/ros2/build/mercer_g_arm_topic_hw', 'catkin_cmake_args': None, 'catkin_skip_building_tests': False, 'cmake_args': None, 'cmake_clean_cache': False, 'cmake_clean_first': False, 'cmake_force_configure': False, 'cmake_target': None, 'cmake_target_skip_unavailable': False, 'install_base': '/home/scott/mercer_garm/ros2/install/mercer_g_arm_topic_hw', 'merge_install': False, 'path': '/home/scott/mercer_garm/ros2/src/mercer_g_arm_topic_hw', 'symlink_install': False, 'test_result_base': None}
[2.881s] Level 5:colcon.colcon_core.verb:set package 'pi_gpio_interface' build argument 'cmake_args' from command line to 'None'
[2.881s] Level 5:colcon.colcon_core.verb:set package 'pi_gpio_interface' build argument 'cmake_target' from command line to 'None'
[2.881s] Level 5:colcon.colcon_core.verb:set package 'pi_gpio_interface' build argument 'cmake_target_skip_unavailable' from command line to 'False'
[2.881s] Level 5:colcon.colcon_core.verb:set package 'pi_gpio_interface' build argument 'cmake_clean_cache' from command line to 'False'
[2.881s] Level 5:colcon.colcon_core.verb:set package 'pi_gpio_interface' build argument 'cmake_clean_first' from command line to 'False'
[2.881s] Level 5:colcon.colcon_core.verb:set package 'pi_gpio_interface' build argument 'cmake_force_configure' from command line to 'False'
[2.881s] Level 5:colcon.colcon_core.verb:set package 'pi_gpio_interface' build argument 'ament_cmake_args' from command line to 'None'
[2.881s] Level 5:colcon.colcon_core.verb:set package 'pi_gpio_interface' build argument 'catkin_cmake_args' from command line to 'None'
[2.881s] Level 5:colcon.colcon_core.verb:set package 'pi_gpio_interface' build argument 'catkin_skip_building_tests' from command line to 'False'
[2.882s] DEBUG:colcon.colcon_core.verb:Building package 'pi_gpio_interface' with the following arguments: {'ament_cmake_args': None, 'build_base': '/home/scott/mercer_garm/ros2/build/pi_gpio_interface', 'catkin_cmake_args': None, 'catkin_skip_building_tests': False, 'cmake_args': None, 'cmake_clean_cache': False, 'cmake_clean_first': False, 'cmake_force_configure': False, 'cmake_target': None, 'cmake_target_skip_unavailable': False, 'install_base': '/home/scott/mercer_garm/ros2/install/pi_gpio_interface', 'merge_install': False, 'path': '/home/scott/mercer_garm/ros2/src/pi_gpio_interface', 'symlink_install': False, 'test_result_base': None}
[2.882s] Level 5:colcon.colcon_core.verb:set package 'g_arm_moveit2' build argument 'cmake_args' from command line to 'None'
[2.882s] Level 5:colcon.colcon_core.verb:set package 'g_arm_moveit2' build argument 'cmake_target' from command line to 'None'
[2.882s] Level 5:colcon.colcon_core.verb:set package 'g_arm_moveit2' build argument 'cmake_target_skip_unavailable' from command line to 'False'
[2.882s] Level 5:colcon.colcon_core.verb:set package 'g_arm_moveit2' build argument 'cmake_clean_cache' from command line to 'False'
[2.882s] Level 5:colcon.colcon_core.verb:set package 'g_arm_moveit2' build argument 'cmake_clean_first' from command line to 'False'
[2.882s] Level 5:colcon.colcon_core.verb:set package 'g_arm_moveit2' build argument 'cmake_force_configure' from command line to 'False'
[2.882s] Level 5:colcon.colcon_core.verb:set package 'g_arm_moveit2' build argument 'ament_cmake_args' from command line to 'None'
[2.882s] Level 5:colcon.colcon_core.verb:set package 'g_arm_moveit2' build argument 'catkin_cmake_args' from command line to 'None'
[2.882s] Level 5:colcon.colcon_core.verb:set package 'g_arm_moveit2' build argument 'catkin_skip_building_tests' from command line to 'False'
[2.882s] DEBUG:colcon.colcon_core.verb:Building package 'g_arm_moveit2' with the following arguments: {'ament_cmake_args': None, 'build_base': '/home/scott/mercer_garm/ros2/build/g_arm_moveit2', 'catkin_cmake_args': None, 'catkin_skip_building_tests': False, 'cmake_args': None, 'cmake_clean_cache': False, 'cmake_clean_first': False, 'cmake_force_configure': False, 'cmake_target': None, 'cmake_target_skip_unavailable': False, 'install_base': '/home/scott/mercer_garm/ros2/install/g_arm_moveit2', 'merge_install': False, 'path': '/home/scott/mercer_garm/ros2/src/g_arm_moveit2', 'symlink_install': False, 'test_result_base': None}
[2.882s] Level 5:colcon.colcon_core.verb:set package 'mercer_robot_commander_cpp' build argument 'cmake_args' from command line to 'None'
[2.882s] Level 5:colcon.colcon_core.verb:set package 'mercer_robot_commander_cpp' build argument 'cmake_target' from command line to 'None'
[2.882s] Level 5:colcon.colcon_core.verb:set package 'mercer_robot_commander_cpp' build argument 'cmake_target_skip_unavailable' from command line to 'False'
[2.882s] Level 5:colcon.colcon_core.verb:set package 'mercer_robot_commander_cpp' build argument 'cmake_clean_cache' from command line to 'False'
[2.882s] Level 5:colcon.colcon_core.verb:set package 'mercer_robot_commander_cpp' build argument 'cmake_clean_first' from command line to 'False'
[2.882s] Level 5:colcon.colcon_core.verb:set package 'mercer_robot_commander_cpp' build argument 'cmake_force_configure' from command line to 'False'
[2.882s] Level 5:colcon.colcon_core.verb:set package 'mercer_robot_commander_cpp' build argument 'ament_cmake_args' from command line to 'None'
[2.882s] Level 5:colcon.colcon_core.verb:set package 'mercer_robot_commander_cpp' build argument 'catkin_cmake_args' from command line to 'None'
[2.882s] Level 5:colcon.colcon_core.verb:set package 'mercer_robot_commander_cpp' build argument 'catkin_skip_building_tests' from command line to 'False'
[2.882s] DEBUG:colcon.colcon_core.verb:Building package 'mercer_robot_commander_cpp' with the following arguments: {'ament_cmake_args': None, 'build_base': '/home/scott/mercer_garm/ros2/build/mercer_robot_commander_cpp', 'catkin_cmake_args': None, 'catkin_skip_building_tests': False, 'cmake_args': None, 'cmake_clean_cache': False, 'cmake_clean_first': False, 'cmake_force_configure': False, 'cmake_target': None, 'cmake_target_skip_unavailable': False, 'install_base': '/home/scott/mercer_garm/ros2/install/mercer_robot_commander_cpp', 'merge_install': False, 'path': '/home/scott/mercer_garm/ros2/src/mercer_robot_commander_cpp', 'symlink_install': False, 'test_result_base': None}
[2.883s] Level 5:colcon.colcon_core.verb:set package 'mercer_g_arm_desktop_bringup' build argument 'cmake_args' from command line to 'None'
[2.883s] Level 5:colcon.colcon_core.verb:set package 'mercer_g_arm_desktop_bringup' build argument 'cmake_target' from command line to 'None'
[2.883s] Level 5:colcon.colcon_core.verb:set package 'mercer_g_arm_desktop_bringup' build argument 'cmake_target_skip_unavailable' from command line to 'False'
[2.883s] Level 5:colcon.colcon_core.verb:set package 'mercer_g_arm_desktop_bringup' build argument 'cmake_clean_cache' from command line to 'False'
[2.883s] Level 5:colcon.colcon_core.verb:set package 'mercer_g_arm_desktop_bringup' build argument 'cmake_clean_first' from command line to 'False'
[2.883s] Level 5:colcon.colcon_core.verb:set package 'mercer_g_arm_desktop_bringup' build argument 'cmake_force_configure' from command line to 'False'
[2.883s] Level 5:colcon.colcon_core.verb:set package 'mercer_g_arm_desktop_bringup' build argument 'ament_cmake_args' from command line to 'None'
[2.883s] Level 5:colcon.colcon_core.verb:set package 'mercer_g_arm_desktop_bringup' build argument 'catkin_cmake_args' from command line to 'None'
[2.883s] Level 5:colcon.colcon_core.verb:set package 'mercer_g_arm_desktop_bringup' build argument 'catkin_skip_building_tests' from command line to 'False'
[2.883s] DEBUG:colcon.colcon_core.verb:Building package 'mercer_g_arm_desktop_bringup' with the following arguments: {'ament_cmake_args': None, 'build_base': '/home/scott/mercer_garm/ros2/build/mercer_g_arm_desktop_bringup', 'catkin_cmake_args': None, 'catkin_skip_building_tests': False, 'cmake_args': None, 'cmake_clean_cache': False, 'cmake_clean_first': False, 'cmake_force_configure': False, 'cmake_target': None, 'cmake_target_skip_unavailable': False, 'install_base': '/home/scott/mercer_garm/ros2/install/mercer_g_arm_desktop_bringup', 'merge_install': False, 'path': '/home/scott/mercer_garm/ros2/src/mercer_g_arm_desktop_bringup', 'symlink_install': False, 'test_result_base': None}
[2.883s] Level 5:colcon.colcon_core.verb:set package 'mercer_g_arm_sim' build argument 'cmake_args' from command line to 'None'
[2.883s] Level 5:colcon.colcon_core.verb:set package 'mercer_g_arm_sim' build argument 'cmake_target' from command line to 'None'
[2.883s] Level 5:colcon.colcon_core.verb:set package 'mercer_g_arm_sim' build argument 'cmake_target_skip_unavailable' from command line to 'False'
[2.883s] Level 5:colcon.colcon_core.verb:set package 'mercer_g_arm_sim' build argument 'cmake_clean_cache' from command line to 'False'
[2.883s] Level 5:colcon.colcon_core.verb:set package 'mercer_g_arm_sim' build argument 'cmake_clean_first' from command line to 'False'
[2.883s] Level 5:colcon.colcon_core.verb:set package 'mercer_g_arm_sim' build argument 'cmake_force_configure' from command line to 'False'
[2.883s] Level 5:colcon.colcon_core.verb:set package 'mercer_g_arm_sim' build argument 'ament_cmake_args' from command line to 'None'
[2.883s] Level 5:colcon.colcon_core.verb:set package 'mercer_g_arm_sim' build argument 'catkin_cmake_args' from command line to 'None'
[2.883s] Level 5:colcon.colcon_core.verb:set package 'mercer_g_arm_sim' build argument 'catkin_skip_building_tests' from command line to 'False'
[2.883s] DEBUG:colcon.colcon_core.verb:Building package 'mercer_g_arm_sim' with the following arguments: {'ament_cmake_args': None, 'build_base': '/home/scott/mercer_garm/ros2/build/mercer_g_arm_sim', 'catkin_cmake_args': None, 'catkin_skip_building_tests': False, 'cmake_args': None, 'cmake_clean_cache': False, 'cmake_clean_first': False, 'cmake_force_configure': False, 'cmake_target': None, 'cmake_target_skip_unavailable': False, 'install_base': '/home/scott/mercer_garm/ros2/install/mercer_g_arm_sim', 'merge_install': False, 'path': '/home/scott/mercer_garm/ros2/src/mercer_g_arm_sim', 'symlink_install': False, 'test_result_base': None}
[2.884s] INFO:colcon.colcon_core.executor:Executing jobs using 'parallel' executor
[2.884s] DEBUG:colcon.colcon_parallel_executor.executor.parallel:run_until_complete
[2.885s] INFO:colcon.colcon_ros.task.ament_cmake.build:Building ROS package in '/home/scott/mercer_garm/ros2/src/g_arm_description' with build type 'ament_cmake'
[2.885s] INFO:colcon.colcon_cmake.task.cmake.build:Building CMake package in '/home/scott/mercer_garm/ros2/src/g_arm_description'
[2.945s] INFO:colcon.colcon_core.plugin_system:Skipping extension 'colcon_core.shell.bat': Not used on non-Windows systems
[2.945s] INFO:colcon.colcon_core.shell:Skip shell extension 'powershell' for command environment: Not usable outside of PowerShell
[2.945s] DEBUG:colcon.colcon_core.shell:Skip shell extension 'dsv' for command environment
[2.975s] INFO:colcon.colcon_ros.task.ament_cmake.build:Building ROS package in '/home/scott/mercer_garm/ros2/src/g_arm_msgs' with build type 'ament_cmake'
[2.976s] INFO:colcon.colcon_cmake.task.cmake.build:Building CMake package in '/home/scott/mercer_garm/ros2/src/g_arm_msgs'
[2.976s] INFO:colcon.colcon_core.shell:Skip shell extension 'powershell' for command environment: Not usable outside of PowerShell
[2.976s] DEBUG:colcon.colcon_core.shell:Skip shell extension 'dsv' for command environment
[2.989s] INFO:colcon.colcon_ros.task.ament_python.build:Building ROS package in '/home/scott/mercer_garm/ros2/src/g_arm_trajectory_bridge' with build type 'ament_python'
[2.989s] Level 1:colcon.colcon_core.shell:create_environment_hook('g_arm_trajectory_bridge', 'ament_prefix_path')
[2.990s] INFO:colcon.colcon_core.shell:Creating environment hook '/home/scott/mercer_garm/ros2/install/g_arm_trajectory_bridge/share/g_arm_trajectory_bridge/hook/ament_prefix_path.ps1'
[2.990s] INFO:colcon.colcon_core.shell:Creating environment descriptor '/home/scott/mercer_garm/ros2/install/g_arm_trajectory_bridge/share/g_arm_trajectory_bridge/hook/ament_prefix_path.dsv'
[2.991s] INFO:colcon.colcon_core.shell:Creating environment hook '/home/scott/mercer_garm/ros2/install/g_arm_trajectory_bridge/share/g_arm_trajectory_bridge/hook/ament_prefix_path.sh'
[2.992s] INFO:colcon.colcon_core.shell:Skip shell extension 'powershell' for command environment: Not usable outside of PowerShell
[2.992s] DEBUG:colcon.colcon_core.shell:Skip shell extension 'dsv' for command environment
[3.004s] INFO:colcon.colcon_ros.task.ament_python.build:Building ROS package in '/home/scott/mercer_garm/ros2/src/garm_motion_planning_demos' with build type 'ament_python'
[3.004s] Level 1:colcon.colcon_core.shell:create_environment_hook('garm_motion_planning_demos', 'ament_prefix_path')
[3.004s] INFO:colcon.colcon_core.shell:Creating environment hook '/home/scott/mercer_garm/ros2/install/garm_motion_planning_demos/share/garm_motion_planning_demos/hook/ament_prefix_path.ps1'
[3.005s] INFO:colcon.colcon_core.shell:Creating environment descriptor '/home/scott/mercer_garm/ros2/install/garm_motion_planning_demos/share/garm_motion_planning_demos/hook/ament_prefix_path.dsv'
[3.005s] INFO:colcon.colcon_core.shell:Creating environment hook '/home/scott/mercer_garm/ros2/install/garm_motion_planning_demos/share/garm_motion_planning_demos/hook/ament_prefix_path.sh'
[3.006s] INFO:colcon.colcon_core.shell:Skip shell extension 'powershell' for command environment: Not usable outside of PowerShell
[3.006s] DEBUG:colcon.colcon_core.shell:Skip shell extension 'dsv' for command environment
[3.040s] DEBUG:colcon.colcon_core.event_handler.log_command:Invoking command in '/home/scott/mercer_garm/ros2/build/g_arm_description': CMAKE_PREFIX_PATH=${CMAKE_PREFIX_PATH}:/home/scott/mercer_garm/ros2/install/mercer_robot_commander_py:/home/scott/mercer_garm/ros2/install/mercer_g_arm_desktop_bringup:/home/scott/mercer_garm/ros2/install/mercer_g_arm_sim:/home/scott/mercer_garm/ros2/install/mercer_g_arm_rpi_bringup:/home/scott/mercer_garm/ros2/install/mercer_g_arm:/home/scott/mercer_garm/ros2/install/mercer_g-arm_rpi_bringup:/home/scott/mercer_garm/ros2/install/mercer_g-arm_desktop_bringup:/home/scott/mercer_garm/ros2/install/joy_js_pkg:/home/scott/mercer_garm/ros2/install/garm_motion_planning_demos:/home/scott/mercer_garm/ros2/install/g_arm_trajectory_bridge:/home/scott/mercer_garm/ros2/install/g_arm_python_examples:/home/scott/mercer_garm/ros2/install/g-arm_simulation:/home/scott/mercer_garm/ros2/install/g_arm:/home/scott/mercer_garm_ws/install/mercer_g_arm_desktop_bringup:/home/scott/mercer_garm_ws/install/mercer_robot_commander_py:/home/scott/mercer_garm_ws/install/mercer_g_arm_sim:/home/scott/mercer_garm_ws/install/mercer_g_arm_rpi_bringup:/home/scott/mercer_garm_ws/install/mercer_g_arm:/home/scott/mercer_garm_ws/install/mercer_g-arm_rpi_bringup:/home/scott/mercer_garm_ws/install/mercer_g-arm_desktop_bringup:/home/scott/mercer_garm_ws/install/joy_js_pkg:/home/scott/mercer_garm_ws/install/garm_motion_planning_demos:/home/scott/mercer_garm_ws/install/g_arm_trajectory_bridge:/home/scott/mercer_garm_ws/install/g_arm_python_examples:/home/scott/mercer_garm_ws/install/g-arm_simulation:/home/scott/mercer_garm_ws/install/g_arm:/home/scott/ros2_ws/install/joy_js_pkg:/home/scott/ros2_ws/install/garm_motion_planning_demos:/home/scott/ros2_ws/install/g_arm_trajectory_bridge:/home/scott/ros2_ws/install/g_arm_python_examples:/home/scott/ros2_ws/install/g-arm_simulation:/home/scott/ros2_ws/install/g_arm:/home/scott/ws_moveit/install/moveit_configs_utils:/opt/ros/jazzy DEBUGINFOD_URLS=https://debuginfod.ubuntu.com PS1=(ros2_venv) \[\e]0;\u@\h: \w\a\]${debian_chroot:+($debian_chroot)}\[\033[01;32m\]\u@\h\[\033[00m\]:\[\033[01;34m\]\w\[\033[00m\]\$ VIRTUAL_ENV_PROMPT=(ros2_venv) /snap/bin/cmake --build /home/scott/mercer_garm/ros2/build/g_arm_description -- -j4 -l4
[3.088s] DEBUG:colcon.colcon_core.event_handler.log_command:Invoking command in '/home/scott/mercer_garm/ros2/build/g_arm_msgs': CMAKE_PREFIX_PATH=${CMAKE_PREFIX_PATH}:/home/scott/mercer_garm/ros2/install/mercer_robot_commander_py:/home/scott/mercer_garm/ros2/install/mercer_g_arm_desktop_bringup:/home/scott/mercer_garm/ros2/install/mercer_g_arm_sim:/home/scott/mercer_garm/ros2/install/mercer_g_arm_rpi_bringup:/home/scott/mercer_garm/ros2/install/mercer_g_arm:/home/scott/mercer_garm/ros2/install/mercer_g-arm_rpi_bringup:/home/scott/mercer_garm/ros2/install/mercer_g-arm_desktop_bringup:/home/scott/mercer_garm/ros2/install/joy_js_pkg:/home/scott/mercer_garm/ros2/install/garm_motion_planning_demos:/home/scott/mercer_garm/ros2/install/g_arm_trajectory_bridge:/home/scott/mercer_garm/ros2/install/g_arm_python_examples:/home/scott/mercer_garm/ros2/install/g-arm_simulation:/home/scott/mercer_garm/ros2/install/g_arm:/home/scott/mercer_garm_ws/install/mercer_g_arm_desktop_bringup:/home/scott/mercer_garm_ws/install/mercer_robot_commander_py:/home/scott/mercer_garm_ws/install/mercer_g_arm_sim:/home/scott/mercer_garm_ws/install/mercer_g_arm_rpi_bringup:/home/scott/mercer_garm_ws/install/mercer_g_arm:/home/scott/mercer_garm_ws/install/mercer_g-arm_rpi_bringup:/home/scott/mercer_garm_ws/install/mercer_g-arm_desktop_bringup:/home/scott/mercer_garm_ws/install/joy_js_pkg:/home/scott/mercer_garm_ws/install/garm_motion_planning_demos:/home/scott/mercer_garm_ws/install/g_arm_trajectory_bridge:/home/scott/mercer_garm_ws/install/g_arm_python_examples:/home/scott/mercer_garm_ws/install/g-arm_simulation:/home/scott/mercer_garm_ws/install/g_arm:/home/scott/ros2_ws/install/joy_js_pkg:/home/scott/ros2_ws/install/garm_motion_planning_demos:/home/scott/ros2_ws/install/g_arm_trajectory_bridge:/home/scott/ros2_ws/install/g_arm_python_examples:/home/scott/ros2_ws/install/g-arm_simulation:/home/scott/ros2_ws/install/g_arm:/home/scott/ws_moveit/install/moveit_configs_utils:/opt/ros/jazzy DEBUGINFOD_URLS=https://debuginfod.ubuntu.com PS1=(ros2_venv) \[\e]0;\u@\h: \w\a\]${debian_chroot:+($debian_chroot)}\[\033[01;32m\]\u@\h\[\033[00m\]:\[\033[01;34m\]\w\[\033[00m\]\$ VIRTUAL_ENV_PROMPT=(ros2_venv) /snap/bin/cmake --build /home/scott/mercer_garm/ros2/build/g_arm_msgs -- -j4 -l4
[3.465s] INFO:colcon.colcon_core.task.python.build:Building Python package in '/home/scott/mercer_garm/ros2/src/g_arm_trajectory_bridge'
[3.465s] INFO:colcon.colcon_core.shell:Skip shell extension 'powershell' for command environment: Not usable outside of PowerShell
[3.465s] DEBUG:colcon.colcon_core.shell:Skip shell extension 'dsv' for command environment
[3.496s] DEBUG:colcon.colcon_core.event_handler.log_command:Invoked command in '/home/scott/mercer_garm/ros2/build/g_arm_description' returned '0': CMAKE_PREFIX_PATH=${CMAKE_PREFIX_PATH}:/home/scott/mercer_garm/ros2/install/mercer_robot_commander_py:/home/scott/mercer_garm/ros2/install/mercer_g_arm_desktop_bringup:/home/scott/mercer_garm/ros2/install/mercer_g_arm_sim:/home/scott/mercer_garm/ros2/install/mercer_g_arm_rpi_bringup:/home/scott/mercer_garm/ros2/install/mercer_g_arm:/home/scott/mercer_garm/ros2/install/mercer_g-arm_rpi_bringup:/home/scott/mercer_garm/ros2/install/mercer_g-arm_desktop_bringup:/home/scott/mercer_garm/ros2/install/joy_js_pkg:/home/scott/mercer_garm/ros2/install/garm_motion_planning_demos:/home/scott/mercer_garm/ros2/install/g_arm_trajectory_bridge:/home/scott/mercer_garm/ros2/install/g_arm_python_examples:/home/scott/mercer_garm/ros2/install/g-arm_simulation:/home/scott/mercer_garm/ros2/install/g_arm:/home/scott/mercer_garm_ws/install/mercer_g_arm_desktop_bringup:/home/scott/mercer_garm_ws/install/mercer_robot_commander_py:/home/scott/mercer_garm_ws/install/mercer_g_arm_sim:/home/scott/mercer_garm_ws/install/mercer_g_arm_rpi_bringup:/home/scott/mercer_garm_ws/install/mercer_g_arm:/home/scott/mercer_garm_ws/install/mercer_g-arm_rpi_bringup:/home/scott/mercer_garm_ws/install/mercer_g-arm_desktop_bringup:/home/scott/mercer_garm_ws/install/joy_js_pkg:/home/scott/mercer_garm_ws/install/garm_motion_planning_demos:/home/scott/mercer_garm_ws/install/g_arm_trajectory_bridge:/home/scott/mercer_garm_ws/install/g_arm_python_examples:/home/scott/mercer_garm_ws/install/g-arm_simulation:/home/scott/mercer_garm_ws/install/g_arm:/home/scott/ros2_ws/install/joy_js_pkg:/home/scott/ros2_ws/install/garm_motion_planning_demos:/home/scott/ros2_ws/install/g_arm_trajectory_bridge:/home/scott/ros2_ws/install/g_arm_python_examples:/home/scott/ros2_ws/install/g-arm_simulation:/home/scott/ros2_ws/install/g_arm:/home/scott/ws_moveit/install/moveit_configs_utils:/opt/ros/jazzy DEBUGINFOD_URLS=https://debuginfod.ubuntu.com PS1=(ros2_venv) \[\e]0;\u@\h: \w\a\]${debian_chroot:+($debian_chroot)}\[\033[01;32m\]\u@\h\[\033[00m\]:\[\033[01;34m\]\w\[\033[00m\]\$ VIRTUAL_ENV_PROMPT=(ros2_venv) /snap/bin/cmake --build /home/scott/mercer_garm/ros2/build/g_arm_description -- -j4 -l4
[3.588s] DEBUG:colcon.colcon_core.event_handler.log_command:Invoking command in '/home/scott/mercer_garm/ros2/build/g_arm_description': CMAKE_PREFIX_PATH=${CMAKE_PREFIX_PATH}:/home/scott/mercer_garm/ros2/install/mercer_robot_commander_py:/home/scott/mercer_garm/ros2/install/mercer_g_arm_desktop_bringup:/home/scott/mercer_garm/ros2/install/mercer_g_arm_sim:/home/scott/mercer_garm/ros2/install/mercer_g_arm_rpi_bringup:/home/scott/mercer_garm/ros2/install/mercer_g_arm:/home/scott/mercer_garm/ros2/install/mercer_g-arm_rpi_bringup:/home/scott/mercer_garm/ros2/install/mercer_g-arm_desktop_bringup:/home/scott/mercer_garm/ros2/install/joy_js_pkg:/home/scott/mercer_garm/ros2/install/garm_motion_planning_demos:/home/scott/mercer_garm/ros2/install/g_arm_trajectory_bridge:/home/scott/mercer_garm/ros2/install/g_arm_python_examples:/home/scott/mercer_garm/ros2/install/g-arm_simulation:/home/scott/mercer_garm/ros2/install/g_arm:/home/scott/mercer_garm_ws/install/mercer_g_arm_desktop_bringup:/home/scott/mercer_garm_ws/install/mercer_robot_commander_py:/home/scott/mercer_garm_ws/install/mercer_g_arm_sim:/home/scott/mercer_garm_ws/install/mercer_g_arm_rpi_bringup:/home/scott/mercer_garm_ws/install/mercer_g_arm:/home/scott/mercer_garm_ws/install/mercer_g-arm_rpi_bringup:/home/scott/mercer_garm_ws/install/mercer_g-arm_desktop_bringup:/home/scott/mercer_garm_ws/install/joy_js_pkg:/home/scott/mercer_garm_ws/install/garm_motion_planning_demos:/home/scott/mercer_garm_ws/install/g_arm_trajectory_bridge:/home/scott/mercer_garm_ws/install/g_arm_python_examples:/home/scott/mercer_garm_ws/install/g-arm_simulation:/home/scott/mercer_garm_ws/install/g_arm:/home/scott/ros2_ws/install/joy_js_pkg:/home/scott/ros2_ws/install/garm_motion_planning_demos:/home/scott/ros2_ws/install/g_arm_trajectory_bridge:/home/scott/ros2_ws/install/g_arm_python_examples:/home/scott/ros2_ws/install/g-arm_simulation:/home/scott/ros2_ws/install/g_arm:/home/scott/ws_moveit/install/moveit_configs_utils:/opt/ros/jazzy DEBUGINFOD_URLS=https://debuginfod.ubuntu.com PS1=(ros2_venv) \[\e]0;\u@\h: \w\a\]${debian_chroot:+($debian_chroot)}\[\033[01;32m\]\u@\h\[\033[00m\]:\[\033[01;34m\]\w\[\033[00m\]\$ VIRTUAL_ENV_PROMPT=(ros2_venv) /snap/bin/cmake --install /home/scott/mercer_garm/ros2/build/g_arm_description
[3.926s] INFO:colcon.colcon_core.task.python.build:Building Python package in '/home/scott/mercer_garm/ros2/src/garm_motion_planning_demos'
[3.927s] INFO:colcon.colcon_core.shell:Skip shell extension 'powershell' for command environment: Not usable outside of PowerShell
[3.927s] DEBUG:colcon.colcon_core.shell:Skip shell extension 'dsv' for command environment
[3.945s] Level 1:colcon.colcon_core.environment:create_environment_scripts_only(g_arm_description)
[3.946s] DEBUG:colcon.colcon_core.event_handler.log_command:Invoked command in '/home/scott/mercer_garm/ros2/build/g_arm_description' returned '0': CMAKE_PREFIX_PATH=${CMAKE_PREFIX_PATH}:/home/scott/mercer_garm/ros2/install/mercer_robot_commander_py:/home/scott/mercer_garm/ros2/install/mercer_g_arm_desktop_bringup:/home/scott/mercer_garm/ros2/install/mercer_g_arm_sim:/home/scott/mercer_garm/ros2/install/mercer_g_arm_rpi_bringup:/home/scott/mercer_garm/ros2/install/mercer_g_arm:/home/scott/mercer_garm/ros2/install/mercer_g-arm_rpi_bringup:/home/scott/mercer_garm/ros2/install/mercer_g-arm_desktop_bringup:/home/scott/mercer_garm/ros2/install/joy_js_pkg:/home/scott/mercer_garm/ros2/install/garm_motion_planning_demos:/home/scott/mercer_garm/ros2/install/g_arm_trajectory_bridge:/home/scott/mercer_garm/ros2/install/g_arm_python_examples:/home/scott/mercer_garm/ros2/install/g-arm_simulation:/home/scott/mercer_garm/ros2/install/g_arm:/home/scott/mercer_garm_ws/install/mercer_g_arm_desktop_bringup:/home/scott/mercer_garm_ws/install/mercer_robot_commander_py:/home/scott/mercer_garm_ws/install/mercer_g_arm_sim:/home/scott/mercer_garm_ws/install/mercer_g_arm_rpi_bringup:/home/scott/mercer_garm_ws/install/mercer_g_arm:/home/scott/mercer_garm_ws/install/mercer_g-arm_rpi_bringup:/home/scott/mercer_garm_ws/install/mercer_g-arm_desktop_bringup:/home/scott/mercer_garm_ws/install/joy_js_pkg:/home/scott/mercer_garm_ws/install/garm_motion_planning_demos:/home/scott/mercer_garm_ws/install/g_arm_trajectory_bridge:/home/scott/mercer_garm_ws/install/g_arm_python_examples:/home/scott/mercer_garm_ws/install/g-arm_simulation:/home/scott/mercer_garm_ws/install/g_arm:/home/scott/ros2_ws/install/joy_js_pkg:/home/scott/ros2_ws/install/garm_motion_planning_demos:/home/scott/ros2_ws/install/g_arm_trajectory_bridge:/home/scott/ros2_ws/install/g_arm_python_examples:/home/scott/ros2_ws/install/g-arm_simulation:/home/scott/ros2_ws/install/g_arm:/home/scott/ws_moveit/install/moveit_configs_utils:/opt/ros/jazzy DEBUGINFOD_URLS=https://debuginfod.ubuntu.com PS1=(ros2_venv) \[\e]0;\u@\h: \w\a\]${debian_chroot:+($debian_chroot)}\[\033[01;32m\]\u@\h\[\033[00m\]:\[\033[01;34m\]\w\[\033[00m\]\$ VIRTUAL_ENV_PROMPT=(ros2_venv) /snap/bin/cmake --install /home/scott/mercer_garm/ros2/build/g_arm_description
[4.104s] Level 1:colcon.colcon_core.environment:checking '/home/scott/mercer_garm/ros2/install/g_arm_description' for CMake module files
[4.104s] Level 1:colcon.colcon_core.environment:checking '/home/scott/mercer_garm/ros2/install/g_arm_description' for CMake config files
[4.105s] Level 1:colcon.colcon_core.shell:create_environment_hook('g_arm_description', 'cmake_prefix_path')
[4.106s] INFO:colcon.colcon_core.shell:Creating environment hook '/home/scott/mercer_garm/ros2/install/g_arm_description/share/g_arm_description/hook/cmake_prefix_path.ps1'
[4.106s] INFO:colcon.colcon_core.shell:Creating environment descriptor '/home/scott/mercer_garm/ros2/install/g_arm_description/share/g_arm_description/hook/cmake_prefix_path.dsv'
[4.106s] INFO:colcon.colcon_core.shell:Creating environment hook '/home/scott/mercer_garm/ros2/install/g_arm_description/share/g_arm_description/hook/cmake_prefix_path.sh'
[4.107s] Level 1:colcon.colcon_core.environment:checking '/home/scott/mercer_garm/ros2/install/g_arm_description/bin'
[4.107s] Level 1:colcon.colcon_core.environment:checking '/home/scott/mercer_garm/ros2/install/g_arm_description/lib/pkgconfig/g_arm_description.pc'
[4.107s] Level 1:colcon.colcon_core.environment:checking '/home/scott/mercer_garm/ros2/install/g_arm_description/lib/python3.12/site-packages'
[4.108s] Level 1:colcon.colcon_core.environment:checking '/home/scott/mercer_garm/ros2/install/g_arm_description/bin'
[4.108s] INFO:colcon.colcon_core.shell:Creating package script '/home/scott/mercer_garm/ros2/install/g_arm_description/share/g_arm_description/package.ps1'
[4.109s] INFO:colcon.colcon_core.shell:Creating package descriptor '/home/scott/mercer_garm/ros2/install/g_arm_description/share/g_arm_description/package.dsv'
[4.109s] INFO:colcon.colcon_core.shell:Creating package script '/home/scott/mercer_garm/ros2/install/g_arm_description/share/g_arm_description/package.sh'
[4.110s] INFO:colcon.colcon_core.shell:Creating package script '/home/scott/mercer_garm/ros2/install/g_arm_description/share/g_arm_description/package.bash'
[4.111s] INFO:colcon.colcon_core.shell:Creating package script '/home/scott/mercer_garm/ros2/install/g_arm_description/share/g_arm_description/package.zsh'
[4.111s] Level 1:colcon.colcon_core.environment:create_file_with_runtime_dependencies(/home/scott/mercer_garm/ros2/install/g_arm_description/share/colcon-core/packages/g_arm_description)
[4.112s] Level 1:colcon.colcon_core.environment:create_environment_scripts_only(g_arm_description)
[4.112s] Level 1:colcon.colcon_core.environment:checking '/home/scott/mercer_garm/ros2/install/g_arm_description' for CMake module files
[4.112s] Level 1:colcon.colcon_core.environment:checking '/home/scott/mercer_garm/ros2/install/g_arm_description' for CMake config files
[4.113s] Level 1:colcon.colcon_core.shell:create_environment_hook('g_arm_description', 'cmake_prefix_path')
[4.113s] INFO:colcon.colcon_core.shell:Creating environment hook '/home/scott/mercer_garm/ros2/install/g_arm_description/share/g_arm_description/hook/cmake_prefix_path.ps1'
[4.113s] INFO:colcon.colcon_core.shell:Creating environment descriptor '/home/scott/mercer_garm/ros2/install/g_arm_description/share/g_arm_description/hook/cmake_prefix_path.dsv'
[4.114s] INFO:colcon.colcon_core.shell:Creating environment hook '/home/scott/mercer_garm/ros2/install/g_arm_description/share/g_arm_description/hook/cmake_prefix_path.sh'
[4.114s] Level 1:colcon.colcon_core.environment:checking '/home/scott/mercer_garm/ros2/install/g_arm_description/bin'
[4.114s] Level 1:colcon.colcon_core.environment:checking '/home/scott/mercer_garm/ros2/install/g_arm_description/lib/pkgconfig/g_arm_description.pc'
[4.114s] Level 1:colcon.colcon_core.environment:checking '/home/scott/mercer_garm/ros2/install/g_arm_description/lib/python3.12/site-packages'
[4.115s] Level 1:colcon.colcon_core.environment:checking '/home/scott/mercer_garm/ros2/install/g_arm_description/bin'
[4.115s] INFO:colcon.colcon_core.shell:Creating package script '/home/scott/mercer_garm/ros2/install/g_arm_description/share/g_arm_description/package.ps1'
[4.116s] INFO:colcon.colcon_core.shell:Creating package descriptor '/home/scott/mercer_garm/ros2/install/g_arm_description/share/g_arm_description/package.dsv'
[4.116s] INFO:colcon.colcon_core.shell:Creating package script '/home/scott/mercer_garm/ros2/install/g_arm_description/share/g_arm_description/package.sh'
[4.117s] INFO:colcon.colcon_core.shell:Creating package script '/home/scott/mercer_garm/ros2/install/g_arm_description/share/g_arm_description/package.bash'
[4.117s] INFO:colcon.colcon_core.shell:Creating package script '/home/scott/mercer_garm/ros2/install/g_arm_description/share/g_arm_description/package.zsh'
[4.117s] Level 1:colcon.colcon_core.environment:create_file_with_runtime_dependencies(/home/scott/mercer_garm/ros2/install/g_arm_description/share/colcon-core/packages/g_arm_description)
[4.120s] INFO:colcon.colcon_ros.task.ament_cmake.build:Building ROS package in '/home/scott/mercer_garm/ros2/src/g_arm_moveit2' with build type 'ament_cmake'
[4.120s] INFO:colcon.colcon_cmake.task.cmake.build:Building CMake package in '/home/scott/mercer_garm/ros2/src/g_arm_moveit2'
[4.120s] INFO:colcon.colcon_core.shell:Skip shell extension 'powershell' for command environment: Not usable outside of PowerShell
[4.120s] DEBUG:colcon.colcon_core.shell:Skip shell extension 'dsv' for command environment
[4.136s] DEBUG:colcon.colcon_core.event_handler.log_command:Invoked command in '/home/scott/mercer_garm/ros2/build/g_arm_msgs' returned '0': CMAKE_PREFIX_PATH=${CMAKE_PREFIX_PATH}:/home/scott/mercer_garm/ros2/install/mercer_robot_commander_py:/home/scott/mercer_garm/ros2/install/mercer_g_arm_desktop_bringup:/home/scott/mercer_garm/ros2/install/mercer_g_arm_sim:/home/scott/mercer_garm/ros2/install/mercer_g_arm_rpi_bringup:/home/scott/mercer_garm/ros2/install/mercer_g_arm:/home/scott/mercer_garm/ros2/install/mercer_g-arm_rpi_bringup:/home/scott/mercer_garm/ros2/install/mercer_g-arm_desktop_bringup:/home/scott/mercer_garm/ros2/install/joy_js_pkg:/home/scott/mercer_garm/ros2/install/garm_motion_planning_demos:/home/scott/mercer_garm/ros2/install/g_arm_trajectory_bridge:/home/scott/mercer_garm/ros2/install/g_arm_python_examples:/home/scott/mercer_garm/ros2/install/g-arm_simulation:/home/scott/mercer_garm/ros2/install/g_arm:/home/scott/mercer_garm_ws/install/mercer_g_arm_desktop_bringup:/home/scott/mercer_garm_ws/install/mercer_robot_commander_py:/home/scott/mercer_garm_ws/install/mercer_g_arm_sim:/home/scott/mercer_garm_ws/install/mercer_g_arm_rpi_bringup:/home/scott/mercer_garm_ws/install/mercer_g_arm:/home/scott/mercer_garm_ws/install/mercer_g-arm_rpi_bringup:/home/scott/mercer_garm_ws/install/mercer_g-arm_desktop_bringup:/home/scott/mercer_garm_ws/install/joy_js_pkg:/home/scott/mercer_garm_ws/install/garm_motion_planning_demos:/home/scott/mercer_garm_ws/install/g_arm_trajectory_bridge:/home/scott/mercer_garm_ws/install/g_arm_python_examples:/home/scott/mercer_garm_ws/install/g-arm_simulation:/home/scott/mercer_garm_ws/install/g_arm:/home/scott/ros2_ws/install/joy_js_pkg:/home/scott/ros2_ws/install/garm_motion_planning_demos:/home/scott/ros2_ws/install/g_arm_trajectory_bridge:/home/scott/ros2_ws/install/g_arm_python_examples:/home/scott/ros2_ws/install/g-arm_simulation:/home/scott/ros2_ws/install/g_arm:/home/scott/ws_moveit/install/moveit_configs_utils:/opt/ros/jazzy DEBUGINFOD_URLS=https://debuginfod.ubuntu.com PS1=(ros2_venv) \[\e]0;\u@\h: \w\a\]${debian_chroot:+($debian_chroot)}\[\033[01;32m\]\u@\h\[\033[00m\]:\[\033[01;34m\]\w\[\033[00m\]\$ VIRTUAL_ENV_PROMPT=(ros2_venv) /snap/bin/cmake --build /home/scott/mercer_garm/ros2/build/g_arm_msgs -- -j4 -l4
[4.140s] DEBUG:colcon.colcon_core.event_handler.log_command:Invoking command in '/home/scott/mercer_garm/ros2/build/g_arm_msgs': CMAKE_PREFIX_PATH=${CMAKE_PREFIX_PATH}:/home/scott/mercer_garm/ros2/install/mercer_robot_commander_py:/home/scott/mercer_garm/ros2/install/mercer_g_arm_desktop_bringup:/home/scott/mercer_garm/ros2/install/mercer_g_arm_sim:/home/scott/mercer_garm/ros2/install/mercer_g_arm_rpi_bringup:/home/scott/mercer_garm/ros2/install/mercer_g_arm:/home/scott/mercer_garm/ros2/install/mercer_g-arm_rpi_bringup:/home/scott/mercer_garm/ros2/install/mercer_g-arm_desktop_bringup:/home/scott/mercer_garm/ros2/install/joy_js_pkg:/home/scott/mercer_garm/ros2/install/garm_motion_planning_demos:/home/scott/mercer_garm/ros2/install/g_arm_trajectory_bridge:/home/scott/mercer_garm/ros2/install/g_arm_python_examples:/home/scott/mercer_garm/ros2/install/g-arm_simulation:/home/scott/mercer_garm/ros2/install/g_arm:/home/scott/mercer_garm_ws/install/mercer_g_arm_desktop_bringup:/home/scott/mercer_garm_ws/install/mercer_robot_commander_py:/home/scott/mercer_garm_ws/install/mercer_g_arm_sim:/home/scott/mercer_garm_ws/install/mercer_g_arm_rpi_bringup:/home/scott/mercer_garm_ws/install/mercer_g_arm:/home/scott/mercer_garm_ws/install/mercer_g-arm_rpi_bringup:/home/scott/mercer_garm_ws/install/mercer_g-arm_desktop_bringup:/home/scott/mercer_garm_ws/install/joy_js_pkg:/home/scott/mercer_garm_ws/install/garm_motion_planning_demos:/home/scott/mercer_garm_ws/install/g_arm_trajectory_bridge:/home/scott/mercer_garm_ws/install/g_arm_python_examples:/home/scott/mercer_garm_ws/install/g-arm_simulation:/home/scott/mercer_garm_ws/install/g_arm:/home/scott/ros2_ws/install/joy_js_pkg:/home/scott/ros2_ws/install/garm_motion_planning_demos:/home/scott/ros2_ws/install/g_arm_trajectory_bridge:/home/scott/ros2_ws/install/g_arm_python_examples:/home/scott/ros2_ws/install/g-arm_simulation:/home/scott/ros2_ws/install/g_arm:/home/scott/ws_moveit/install/moveit_configs_utils:/opt/ros/jazzy DEBUGINFOD_URLS=https://debuginfod.ubuntu.com PS1=(ros2_venv) \[\e]0;\u@\h: \w\a\]${debian_chroot:+($debian_chroot)}\[\033[01;32m\]\u@\h\[\033[00m\]:\[\033[01;34m\]\w\[\033[00m\]\$ VIRTUAL_ENV_PROMPT=(ros2_venv) /snap/bin/cmake --install /home/scott/mercer_garm/ros2/build/g_arm_msgs
[4.199s] DEBUG:colcon.colcon_core.event_handler.log_command:Invoking command in '/home/scott/mercer_garm/ros2/build/g_arm_moveit2': CMAKE_PREFIX_PATH=/home/scott/mercer_garm/ros2/install/g_arm_description:/home/scott/mercer_garm/ros2/install/pymoveit2:/home/scott/mercer_garm/ros2/install/pi_gpio_interface:/home/scott/mercer_garm/ros2/install/mercer_robot_commander_cpp:/home/scott/mercer_garm/ros2/install/mercer_g_arm_topic_hw:/home/scott/mercer_garm/ros2/install/g_arm_msgs:/home/scott/mercer_garm/ros2/install/g_arm_moveit2:/home/scott/mercer_garm/ros2/install/g-arm_demos:/home/scott/mercer_garm_ws/install/pymoveit2:/home/scott/mercer_garm_ws/install/pi_gpio_interface:/home/scott/mercer_garm_ws/install/mercer_robot_commander_cpp:/home/scott/mercer_garm_ws/install/mercer_g_arm_topic_hw:/home/scott/mercer_garm_ws/install/g_arm_msgs:/home/scott/mercer_garm_ws/install/g_arm_moveit2:/home/scott/mercer_garm_ws/install/g_arm_description:/home/scott/mercer_garm_ws/install/g-arm_demos:/home/scott/ros2_ws/install/rviz_marker_tools:/home/scott/ros2_ws/install/pymoveit2:/home/scott/ros2_ws/install/moveit_task_constructor_msgs:/home/scott/ros2_ws/install/g_arm_moveit2:/home/scott/ros2_ws/install/g_arm_description:/home/scott/ros2_ws/install/g-arm_demos:/home/scott/ws_moveit/install/robotiq_hardware_tests:/home/scott/ws_moveit/install/robotiq_driver:/home/scott/ws_moveit/install/serial:/home/scott/ws_moveit/install/moveit2_tutorials:/home/scott/ws_moveit/install/moveit_visual_tools:/home/scott/ws_moveit/install/rviz_visual_tools:/home/scott/ws_moveit/install/moveit_task_constructor_demo:/home/scott/ws_moveit/install/moveit_task_constructor_visualization:/home/scott/ws_moveit/install/moveit_task_constructor_capabilities:/home/scott/ws_moveit/install/moveit_task_constructor_core:/home/scott/ws_moveit/install/rviz_marker_tools:/home/scott/ws_moveit/install/kortex_bringup:/home/scott/ws_moveit/install/kinova_gen3_lite_moveit_config:/home/scott/ws_moveit/install/kinova_gen3_7dof_robotiq_2f_85_moveit_config:/home/scott/ws_moveit/install/kinova_gen3_6dof_robotiq_2f_85_moveit_config:/home/scott/ws_moveit/install/kortex_description:/home/scott/ws_moveit/install/robotiq_description:/home/scott/ws_moveit/install/robotiq_controllers:/home/scott/ws_moveit/install/pilz_industrial_motion_planner_testutils:/home/scott/ws_moveit/install/moveit_runtime:/home/scott/ws_moveit/install/moveit:/home/scott/ws_moveit/install/moveit_planners:/home/scott/ws_moveit/install/pilz_industrial_motion_planner:/home/scott/ws_moveit/install/moveit_task_constructor_msgs:/home/scott/ws_moveit/install/moveit_ros_control_interface:/home/scott/ws_moveit/install/moveit_plugins:/home/scott/ws_moveit/install/moveit_simple_controller_manager:/home/scott/ws_moveit/install/moveit_setup_assistant:/home/scott/ws_moveit/install/moveit_setup_srdf_plugins:/home/scott/ws_moveit/install/moveit_setup_core_plugins:/home/scott/ws_moveit/install/moveit_setup_controllers:/home/scott/ws_moveit/install/moveit_setup_app_plugins:/home/scott/ws_moveit/install/moveit_setup_framework:/home/scott/ws_moveit/install/moveit_servo:/home/scott/ws_moveit/install/moveit_ros_trajectory_cache:/home/scott/ws_moveit/install/moveit_ros:/home/scott/ws_moveit/install/moveit_ros_visualization:/home/scott/ws_moveit/install/moveit_py:/home/scott/ws_moveit/install/moveit_hybrid_planning:/home/scott/ws_moveit/install/hello_moveit:/home/scott/ws_moveit/install/moveit_ros_planning_interface:/home/scott/ws_moveit/install/moveit_ros_benchmarks:/home/scott/ws_moveit/install/moveit_ros_warehouse:/home/scott/ws_moveit/install/moveit_ros_robot_interaction:/home/scott/ws_moveit/install/moveit_ros_perception:/home/scott/ws_moveit/install/moveit_resources_prbt_pg70_support:/home/scott/ws_moveit/install/moveit_resources_prbt_moveit_config:/home/scott/ws_moveit/install/moveit_ros_move_group:/home/scott/ws_moveit/install/moveit_planners_ompl:/home/scott/ws_moveit/install/moveit_kinematics:/home/scott/ws_moveit/install/moveit_ros_planning:/home/scott/ws_moveit/install/moveit_ros_occupancy_map_monitor:/home/scott/ws_moveit/install/moveit_resources_prbt_support:/home/scott/ws_moveit/install/moveit_resources_prbt_ikfast_manipulator_plugin:/home/scott/ws_moveit/install/moveit_resources:/home/scott/ws_moveit/install/moveit_resources_pr2_description:/home/scott/ws_moveit/install/moveit_resources_panda_moveit_config:/home/scott/ws_moveit/install/dual_arm_panda_moveit_config:/home/scott/ws_moveit/install/moveit_resources_panda_description:/home/scott/ws_moveit/install/moveit_resources_fanuc_moveit_config:/home/scott/ws_moveit/install/moveit_resources_fanuc_description:/home/scott/ws_moveit/install/moveit_planners_stomp:/home/scott/ws_moveit/install/moveit_planners_chomp:/home/scott/ws_moveit/install/chomp_motion_planner:/home/scott/ws_moveit/install/moveit_core:/home/scott/ws_moveit/install/moveit_msgs:/home/scott/ws_moveit/install/moveit_common:/home/scott/ws_moveit/install/kortex_driver:/home/scott/ws_moveit/install/kortex_api:/opt/ros/jazzy/opt/gz_sim_vendor:/opt/ros/jazzy/opt/gz_sensors_vendor:/opt/ros/jazzy/opt/gz_physics_vendor:/opt/ros/jazzy/opt/sdformat_vendor:/opt/ros/jazzy/opt/gz_gui_vendor:/opt/ros/jazzy/opt/gz_transport_vendor:/opt/ros/jazzy/opt/gz_rendering_vendor:/opt/ros/jazzy/opt/gz_plugin_vendor:/opt/ros/jazzy/opt/gz_fuel_tools_vendor:/opt/ros/jazzy/opt/gz_msgs_vendor:/opt/ros/jazzy/opt/gz_common_vendor:/opt/ros/jazzy/opt/gz_math_vendor:/opt/ros/jazzy/opt/gz_utils_vendor:/opt/ros/jazzy/opt/gz_tools_vendor:/opt/ros/jazzy/opt/gz_ogre_next_vendor:/opt/ros/jazzy/opt/gz_dartsim_vendor:/opt/ros/jazzy/opt/gz_cmake_vendor:/home/scott/mercer_garm/ros2/install/mercer_robot_commander_py:/home/scott/mercer_garm/ros2/install/mercer_g_arm_desktop_bringup:/home/scott/mercer_garm/ros2/install/mercer_g_arm_sim:/home/scott/mercer_garm/ros2/install/mercer_g_arm_rpi_bringup:/home/scott/mercer_garm/ros2/install/mercer_g_arm:/home/scott/mercer_garm/ros2/install/mercer_g-arm_rpi_bringup:/home/scott/mercer_garm/ros2/install/mercer_g-arm_desktop_bringup:/home/scott/mercer_garm/ros2/install/joy_js_pkg:/home/scott/mercer_garm/ros2/install/garm_motion_planning_demos:/home/scott/mercer_garm/ros2/install/g_arm_trajectory_bridge:/home/scott/mercer_garm/ros2/install/g_arm_python_examples:/home/scott/mercer_garm/ros2/install/g-arm_simulation:/home/scott/mercer_garm/ros2/install/g_arm:/home/scott/mercer_garm_ws/install/mercer_g_arm_desktop_bringup:/home/scott/mercer_garm_ws/install/mercer_robot_commander_py:/home/scott/mercer_garm_ws/install/mercer_g_arm_sim:/home/scott/mercer_garm_ws/install/mercer_g_arm_rpi_bringup:/home/scott/mercer_garm_ws/install/mercer_g_arm:/home/scott/mercer_garm_ws/install/mercer_g-arm_rpi_bringup:/home/scott/mercer_garm_ws/install/mercer_g-arm_desktop_bringup:/home/scott/mercer_garm_ws/install/joy_js_pkg:/home/scott/mercer_garm_ws/install/garm_motion_planning_demos:/home/scott/mercer_garm_ws/install/g_arm_trajectory_bridge:/home/scott/mercer_garm_ws/install/g_arm_python_examples:/home/scott/mercer_garm_ws/install/g-arm_simulation:/home/scott/mercer_garm_ws/install/g_arm:/home/scott/ros2_ws/install/joy_js_pkg:/home/scott/ros2_ws/install/garm_motion_planning_demos:/home/scott/ros2_ws/install/g_arm_trajectory_bridge:/home/scott/ros2_ws/install/g_arm_python_examples:/home/scott/ros2_ws/install/g-arm_simulation:/home/scott/ros2_ws/install/g_arm:/home/scott/ws_moveit/install/moveit_configs_utils:/opt/ros/jazzy DEBUGINFOD_URLS=https://debuginfod.ubuntu.com PS1=(ros2_venv) \[\e]0;\u@\h: \w\a\]${debian_chroot:+($debian_chroot)}\[\033[01;32m\]\u@\h\[\033[00m\]:\[\033[01;34m\]\w\[\033[00m\]\$ VIRTUAL_ENV_PROMPT=(ros2_venv) /snap/bin/cmake --build /home/scott/mercer_garm/ros2/build/g_arm_moveit2 -- -j4 -l4
[4.306s] DEBUG:colcon.colcon_core.event_handler.log_command:Invoked command in '/home/scott/mercer_garm/ros2/build/g_arm_moveit2' returned '0': CMAKE_PREFIX_PATH=/home/scott/mercer_garm/ros2/install/g_arm_description:/home/scott/mercer_garm/ros2/install/pymoveit2:/home/scott/mercer_garm/ros2/install/pi_gpio_interface:/home/scott/mercer_garm/ros2/install/mercer_robot_commander_cpp:/home/scott/mercer_garm/ros2/install/mercer_g_arm_topic_hw:/home/scott/mercer_garm/ros2/install/g_arm_msgs:/home/scott/mercer_garm/ros2/install/g_arm_moveit2:/home/scott/mercer_garm/ros2/install/g-arm_demos:/home/scott/mercer_garm_ws/install/pymoveit2:/home/scott/mercer_garm_ws/install/pi_gpio_interface:/home/scott/mercer_garm_ws/install/mercer_robot_commander_cpp:/home/scott/mercer_garm_ws/install/mercer_g_arm_topic_hw:/home/scott/mercer_garm_ws/install/g_arm_msgs:/home/scott/mercer_garm_ws/install/g_arm_moveit2:/home/scott/mercer_garm_ws/install/g_arm_description:/home/scott/mercer_garm_ws/install/g-arm_demos:/home/scott/ros2_ws/install/rviz_marker_tools:/home/scott/ros2_ws/install/pymoveit2:/home/scott/ros2_ws/install/moveit_task_constructor_msgs:/home/scott/ros2_ws/install/g_arm_moveit2:/home/scott/ros2_ws/install/g_arm_description:/home/scott/ros2_ws/install/g-arm_demos:/home/scott/ws_moveit/install/robotiq_hardware_tests:/home/scott/ws_moveit/install/robotiq_driver:/home/scott/ws_moveit/install/serial:/home/scott/ws_moveit/install/moveit2_tutorials:/home/scott/ws_moveit/install/moveit_visual_tools:/home/scott/ws_moveit/install/rviz_visual_tools:/home/scott/ws_moveit/install/moveit_task_constructor_demo:/home/scott/ws_moveit/install/moveit_task_constructor_visualization:/home/scott/ws_moveit/install/moveit_task_constructor_capabilities:/home/scott/ws_moveit/install/moveit_task_constructor_core:/home/scott/ws_moveit/install/rviz_marker_tools:/home/scott/ws_moveit/install/kortex_bringup:/home/scott/ws_moveit/install/kinova_gen3_lite_moveit_config:/home/scott/ws_moveit/install/kinova_gen3_7dof_robotiq_2f_85_moveit_config:/home/scott/ws_moveit/install/kinova_gen3_6dof_robotiq_2f_85_moveit_config:/home/scott/ws_moveit/install/kortex_description:/home/scott/ws_moveit/install/robotiq_description:/home/scott/ws_moveit/install/robotiq_controllers:/home/scott/ws_moveit/install/pilz_industrial_motion_planner_testutils:/home/scott/ws_moveit/install/moveit_runtime:/home/scott/ws_moveit/install/moveit:/home/scott/ws_moveit/install/moveit_planners:/home/scott/ws_moveit/install/pilz_industrial_motion_planner:/home/scott/ws_moveit/install/moveit_task_constructor_msgs:/home/scott/ws_moveit/install/moveit_ros_control_interface:/home/scott/ws_moveit/install/moveit_plugins:/home/scott/ws_moveit/install/moveit_simple_controller_manager:/home/scott/ws_moveit/install/moveit_setup_assistant:/home/scott/ws_moveit/install/moveit_setup_srdf_plugins:/home/scott/ws_moveit/install/moveit_setup_core_plugins:/home/scott/ws_moveit/install/moveit_setup_controllers:/home/scott/ws_moveit/install/moveit_setup_app_plugins:/home/scott/ws_moveit/install/moveit_setup_framework:/home/scott/ws_moveit/install/moveit_servo:/home/scott/ws_moveit/install/moveit_ros_trajectory_cache:/home/scott/ws_moveit/install/moveit_ros:/home/scott/ws_moveit/install/moveit_ros_visualization:/home/scott/ws_moveit/install/moveit_py:/home/scott/ws_moveit/install/moveit_hybrid_planning:/home/scott/ws_moveit/install/hello_moveit:/home/scott/ws_moveit/install/moveit_ros_planning_interface:/home/scott/ws_moveit/install/moveit_ros_benchmarks:/home/scott/ws_moveit/install/moveit_ros_warehouse:/home/scott/ws_moveit/install/moveit_ros_robot_interaction:/home/scott/ws_moveit/install/moveit_ros_perception:/home/scott/ws_moveit/install/moveit_resources_prbt_pg70_support:/home/scott/ws_moveit/install/moveit_resources_prbt_moveit_config:/home/scott/ws_moveit/install/moveit_ros_move_group:/home/scott/ws_moveit/install/moveit_planners_ompl:/home/scott/ws_moveit/install/moveit_kinematics:/home/scott/ws_moveit/install/moveit_ros_planning:/home/scott/ws_moveit/install/moveit_ros_occupancy_map_monitor:/home/scott/ws_moveit/install/moveit_resources_prbt_support:/home/scott/ws_moveit/install/moveit_resources_prbt_ikfast_manipulator_plugin:/home/scott/ws_moveit/install/moveit_resources:/home/scott/ws_moveit/install/moveit_resources_pr2_description:/home/scott/ws_moveit/install/moveit_resources_panda_moveit_config:/home/scott/ws_moveit/install/dual_arm_panda_moveit_config:/home/scott/ws_moveit/install/moveit_resources_panda_description:/home/scott/ws_moveit/install/moveit_resources_fanuc_moveit_config:/home/scott/ws_moveit/install/moveit_resources_fanuc_description:/home/scott/ws_moveit/install/moveit_planners_stomp:/home/scott/ws_moveit/install/moveit_planners_chomp:/home/scott/ws_moveit/install/chomp_motion_planner:/home/scott/ws_moveit/install/moveit_core:/home/scott/ws_moveit/install/moveit_msgs:/home/scott/ws_moveit/install/moveit_common:/home/scott/ws_moveit/install/kortex_driver:/home/scott/ws_moveit/install/kortex_api:/opt/ros/jazzy/opt/gz_sim_vendor:/opt/ros/jazzy/opt/gz_sensors_vendor:/opt/ros/jazzy/opt/gz_physics_vendor:/opt/ros/jazzy/opt/sdformat_vendor:/opt/ros/jazzy/opt/gz_gui_vendor:/opt/ros/jazzy/opt/gz_transport_vendor:/opt/ros/jazzy/opt/gz_rendering_vendor:/opt/ros/jazzy/opt/gz_plugin_vendor:/opt/ros/jazzy/opt/gz_fuel_tools_vendor:/opt/ros/jazzy/opt/gz_msgs_vendor:/opt/ros/jazzy/opt/gz_common_vendor:/opt/ros/jazzy/opt/gz_math_vendor:/opt/ros/jazzy/opt/gz_utils_vendor:/opt/ros/jazzy/opt/gz_tools_vendor:/opt/ros/jazzy/opt/gz_ogre_next_vendor:/opt/ros/jazzy/opt/gz_dartsim_vendor:/opt/ros/jazzy/opt/gz_cmake_vendor:/home/scott/mercer_garm/ros2/install/mercer_robot_commander_py:/home/scott/mercer_garm/ros2/install/mercer_g_arm_desktop_bringup:/home/scott/mercer_garm/ros2/install/mercer_g_arm_sim:/home/scott/mercer_garm/ros2/install/mercer_g_arm_rpi_bringup:/home/scott/mercer_garm/ros2/install/mercer_g_arm:/home/scott/mercer_garm/ros2/install/mercer_g-arm_rpi_bringup:/home/scott/mercer_garm/ros2/install/mercer_g-arm_desktop_bringup:/home/scott/mercer_garm/ros2/install/joy_js_pkg:/home/scott/mercer_garm/ros2/install/garm_motion_planning_demos:/home/scott/mercer_garm/ros2/install/g_arm_trajectory_bridge:/home/scott/mercer_garm/ros2/install/g_arm_python_examples:/home/scott/mercer_garm/ros2/install/g-arm_simulation:/home/scott/mercer_garm/ros2/install/g_arm:/home/scott/mercer_garm_ws/install/mercer_g_arm_desktop_bringup:/home/scott/mercer_garm_ws/install/mercer_robot_commander_py:/home/scott/mercer_garm_ws/install/mercer_g_arm_sim:/home/scott/mercer_garm_ws/install/mercer_g_arm_rpi_bringup:/home/scott/mercer_garm_ws/install/mercer_g_arm:/home/scott/mercer_garm_ws/install/mercer_g-arm_rpi_bringup:/home/scott/mercer_garm_ws/install/mercer_g-arm_desktop_bringup:/home/scott/mercer_garm_ws/install/joy_js_pkg:/home/scott/mercer_garm_ws/install/garm_motion_planning_demos:/home/scott/mercer_garm_ws/install/g_arm_trajectory_bridge:/home/scott/mercer_garm_ws/install/g_arm_python_examples:/home/scott/mercer_garm_ws/install/g-arm_simulation:/home/scott/mercer_garm_ws/install/g_arm:/home/scott/ros2_ws/install/joy_js_pkg:/home/scott/ros2_ws/install/garm_motion_planning_demos:/home/scott/ros2_ws/install/g_arm_trajectory_bridge:/home/scott/ros2_ws/install/g_arm_python_examples:/home/scott/ros2_ws/install/g-arm_simulation:/home/scott/ros2_ws/install/g_arm:/home/scott/ws_moveit/install/moveit_configs_utils:/opt/ros/jazzy DEBUGINFOD_URLS=https://debuginfod.ubuntu.com PS1=(ros2_venv) \[\e]0;\u@\h: \w\a\]${debian_chroot:+($debian_chroot)}\[\033[01;32m\]\u@\h\[\033[00m\]:\[\033[01;34m\]\w\[\033[00m\]\$ VIRTUAL_ENV_PROMPT=(ros2_venv) /snap/bin/cmake --build /home/scott/mercer_garm/ros2/build/g_arm_moveit2 -- -j4 -l4
[4.329s] DEBUG:colcon.colcon_core.event_handler.log_command:Invoking command in '/home/scott/mercer_garm/ros2/build/g_arm_moveit2': CMAKE_PREFIX_PATH=/home/scott/mercer_garm/ros2/install/g_arm_description:/home/scott/mercer_garm/ros2/install/pymoveit2:/home/scott/mercer_garm/ros2/install/pi_gpio_interface:/home/scott/mercer_garm/ros2/install/mercer_robot_commander_cpp:/home/scott/mercer_garm/ros2/install/mercer_g_arm_topic_hw:/home/scott/mercer_garm/ros2/install/g_arm_msgs:/home/scott/mercer_garm/ros2/install/g_arm_moveit2:/home/scott/mercer_garm/ros2/install/g-arm_demos:/home/scott/mercer_garm_ws/install/pymoveit2:/home/scott/mercer_garm_ws/install/pi_gpio_interface:/home/scott/mercer_garm_ws/install/mercer_robot_commander_cpp:/home/scott/mercer_garm_ws/install/mercer_g_arm_topic_hw:/home/scott/mercer_garm_ws/install/g_arm_msgs:/home/scott/mercer_garm_ws/install/g_arm_moveit2:/home/scott/mercer_garm_ws/install/g_arm_description:/home/scott/mercer_garm_ws/install/g-arm_demos:/home/scott/ros2_ws/install/rviz_marker_tools:/home/scott/ros2_ws/install/pymoveit2:/home/scott/ros2_ws/install/moveit_task_constructor_msgs:/home/scott/ros2_ws/install/g_arm_moveit2:/home/scott/ros2_ws/install/g_arm_description:/home/scott/ros2_ws/install/g-arm_demos:/home/scott/ws_moveit/install/robotiq_hardware_tests:/home/scott/ws_moveit/install/robotiq_driver:/home/scott/ws_moveit/install/serial:/home/scott/ws_moveit/install/moveit2_tutorials:/home/scott/ws_moveit/install/moveit_visual_tools:/home/scott/ws_moveit/install/rviz_visual_tools:/home/scott/ws_moveit/install/moveit_task_constructor_demo:/home/scott/ws_moveit/install/moveit_task_constructor_visualization:/home/scott/ws_moveit/install/moveit_task_constructor_capabilities:/home/scott/ws_moveit/install/moveit_task_constructor_core:/home/scott/ws_moveit/install/rviz_marker_tools:/home/scott/ws_moveit/install/kortex_bringup:/home/scott/ws_moveit/install/kinova_gen3_lite_moveit_config:/home/scott/ws_moveit/install/kinova_gen3_7dof_robotiq_2f_85_moveit_config:/home/scott/ws_moveit/install/kinova_gen3_6dof_robotiq_2f_85_moveit_config:/home/scott/ws_moveit/install/kortex_description:/home/scott/ws_moveit/install/robotiq_description:/home/scott/ws_moveit/install/robotiq_controllers:/home/scott/ws_moveit/install/pilz_industrial_motion_planner_testutils:/home/scott/ws_moveit/install/moveit_runtime:/home/scott/ws_moveit/install/moveit:/home/scott/ws_moveit/install/moveit_planners:/home/scott/ws_moveit/install/pilz_industrial_motion_planner:/home/scott/ws_moveit/install/moveit_task_constructor_msgs:/home/scott/ws_moveit/install/moveit_ros_control_interface:/home/scott/ws_moveit/install/moveit_plugins:/home/scott/ws_moveit/install/moveit_simple_controller_manager:/home/scott/ws_moveit/install/moveit_setup_assistant:/home/scott/ws_moveit/install/moveit_setup_srdf_plugins:/home/scott/ws_moveit/install/moveit_setup_core_plugins:/home/scott/ws_moveit/install/moveit_setup_controllers:/home/scott/ws_moveit/install/moveit_setup_app_plugins:/home/scott/ws_moveit/install/moveit_setup_framework:/home/scott/ws_moveit/install/moveit_servo:/home/scott/ws_moveit/install/moveit_ros_trajectory_cache:/home/scott/ws_moveit/install/moveit_ros:/home/scott/ws_moveit/install/moveit_ros_visualization:/home/scott/ws_moveit/install/moveit_py:/home/scott/ws_moveit/install/moveit_hybrid_planning:/home/scott/ws_moveit/install/hello_moveit:/home/scott/ws_moveit/install/moveit_ros_planning_interface:/home/scott/ws_moveit/install/moveit_ros_benchmarks:/home/scott/ws_moveit/install/moveit_ros_warehouse:/home/scott/ws_moveit/install/moveit_ros_robot_interaction:/home/scott/ws_moveit/install/moveit_ros_perception:/home/scott/ws_moveit/install/moveit_resources_prbt_pg70_support:/home/scott/ws_moveit/install/moveit_resources_prbt_moveit_config:/home/scott/ws_moveit/install/moveit_ros_move_group:/home/scott/ws_moveit/install/moveit_planners_ompl:/home/scott/ws_moveit/install/moveit_kinematics:/home/scott/ws_moveit/install/moveit_ros_planning:/home/scott/ws_moveit/install/moveit_ros_occupancy_map_monitor:/home/scott/ws_moveit/install/moveit_resources_prbt_support:/home/scott/ws_moveit/install/moveit_resources_prbt_ikfast_manipulator_plugin:/home/scott/ws_moveit/install/moveit_resources:/home/scott/ws_moveit/install/moveit_resources_pr2_description:/home/scott/ws_moveit/install/moveit_resources_panda_moveit_config:/home/scott/ws_moveit/install/dual_arm_panda_moveit_config:/home/scott/ws_moveit/install/moveit_resources_panda_description:/home/scott/ws_moveit/install/moveit_resources_fanuc_moveit_config:/home/scott/ws_moveit/install/moveit_resources_fanuc_description:/home/scott/ws_moveit/install/moveit_planners_stomp:/home/scott/ws_moveit/install/moveit_planners_chomp:/home/scott/ws_moveit/install/chomp_motion_planner:/home/scott/ws_moveit/install/moveit_core:/home/scott/ws_moveit/install/moveit_msgs:/home/scott/ws_moveit/install/moveit_common:/home/scott/ws_moveit/install/kortex_driver:/home/scott/ws_moveit/install/kortex_api:/opt/ros/jazzy/opt/gz_sim_vendor:/opt/ros/jazzy/opt/gz_sensors_vendor:/opt/ros/jazzy/opt/gz_physics_vendor:/opt/ros/jazzy/opt/sdformat_vendor:/opt/ros/jazzy/opt/gz_gui_vendor:/opt/ros/jazzy/opt/gz_transport_vendor:/opt/ros/jazzy/opt/gz_rendering_vendor:/opt/ros/jazzy/opt/gz_plugin_vendor:/opt/ros/jazzy/opt/gz_fuel_tools_vendor:/opt/ros/jazzy/opt/gz_msgs_vendor:/opt/ros/jazzy/opt/gz_common_vendor:/opt/ros/jazzy/opt/gz_math_vendor:/opt/ros/jazzy/opt/gz_utils_vendor:/opt/ros/jazzy/opt/gz_tools_vendor:/opt/ros/jazzy/opt/gz_ogre_next_vendor:/opt/ros/jazzy/opt/gz_dartsim_vendor:/opt/ros/jazzy/opt/gz_cmake_vendor:/home/scott/mercer_garm/ros2/install/mercer_robot_commander_py:/home/scott/mercer_garm/ros2/install/mercer_g_arm_desktop_bringup:/home/scott/mercer_garm/ros2/install/mercer_g_arm_sim:/home/scott/mercer_garm/ros2/install/mercer_g_arm_rpi_bringup:/home/scott/mercer_garm/ros2/install/mercer_g_arm:/home/scott/mercer_garm/ros2/install/mercer_g-arm_rpi_bringup:/home/scott/mercer_garm/ros2/install/mercer_g-arm_desktop_bringup:/home/scott/mercer_garm/ros2/install/joy_js_pkg:/home/scott/mercer_garm/ros2/install/garm_motion_planning_demos:/home/scott/mercer_garm/ros2/install/g_arm_trajectory_bridge:/home/scott/mercer_garm/ros2/install/g_arm_python_examples:/home/scott/mercer_garm/ros2/install/g-arm_simulation:/home/scott/mercer_garm/ros2/install/g_arm:/home/scott/mercer_garm_ws/install/mercer_g_arm_desktop_bringup:/home/scott/mercer_garm_ws/install/mercer_robot_commander_py:/home/scott/mercer_garm_ws/install/mercer_g_arm_sim:/home/scott/mercer_garm_ws/install/mercer_g_arm_rpi_bringup:/home/scott/mercer_garm_ws/install/mercer_g_arm:/home/scott/mercer_garm_ws/install/mercer_g-arm_rpi_bringup:/home/scott/mercer_garm_ws/install/mercer_g-arm_desktop_bringup:/home/scott/mercer_garm_ws/install/joy_js_pkg:/home/scott/mercer_garm_ws/install/garm_motion_planning_demos:/home/scott/mercer_garm_ws/install/g_arm_trajectory_bridge:/home/scott/mercer_garm_ws/install/g_arm_python_examples:/home/scott/mercer_garm_ws/install/g-arm_simulation:/home/scott/mercer_garm_ws/install/g_arm:/home/scott/ros2_ws/install/joy_js_pkg:/home/scott/ros2_ws/install/garm_motion_planning_demos:/home/scott/ros2_ws/install/g_arm_trajectory_bridge:/home/scott/ros2_ws/install/g_arm_python_examples:/home/scott/ros2_ws/install/g-arm_simulation:/home/scott/ros2_ws/install/g_arm:/home/scott/ws_moveit/install/moveit_configs_utils:/opt/ros/jazzy DEBUGINFOD_URLS=https://debuginfod.ubuntu.com PS1=(ros2_venv) \[\e]0;\u@\h: \w\a\]${debian_chroot:+($debian_chroot)}\[\033[01;32m\]\u@\h\[\033[00m\]:\[\033[01;34m\]\w\[\033[00m\]\$ VIRTUAL_ENV_PROMPT=(ros2_venv) /snap/bin/cmake --install /home/scott/mercer_garm/ros2/build/g_arm_moveit2
[4.436s] Level 1:colcon.colcon_core.environment:create_environment_scripts_only(g_arm_moveit2)
[4.436s] Level 1:colcon.colcon_core.environment:checking '/home/scott/mercer_garm/ros2/install/g_arm_moveit2' for CMake module files
[4.440s] DEBUG:colcon.colcon_core.event_handler.log_command:Invoked command in '/home/scott/mercer_garm/ros2/build/g_arm_moveit2' returned '0': CMAKE_PREFIX_PATH=/home/scott/mercer_garm/ros2/install/g_arm_description:/home/scott/mercer_garm/ros2/install/pymoveit2:/home/scott/mercer_garm/ros2/install/pi_gpio_interface:/home/scott/mercer_garm/ros2/install/mercer_robot_commander_cpp:/home/scott/mercer_garm/ros2/install/mercer_g_arm_topic_hw:/home/scott/mercer_garm/ros2/install/g_arm_msgs:/home/scott/mercer_garm/ros2/install/g_arm_moveit2:/home/scott/mercer_garm/ros2/install/g-arm_demos:/home/scott/mercer_garm_ws/install/pymoveit2:/home/scott/mercer_garm_ws/install/pi_gpio_interface:/home/scott/mercer_garm_ws/install/mercer_robot_commander_cpp:/home/scott/mercer_garm_ws/install/mercer_g_arm_topic_hw:/home/scott/mercer_garm_ws/install/g_arm_msgs:/home/scott/mercer_garm_ws/install/g_arm_moveit2:/home/scott/mercer_garm_ws/install/g_arm_description:/home/scott/mercer_garm_ws/install/g-arm_demos:/home/scott/ros2_ws/install/rviz_marker_tools:/home/scott/ros2_ws/install/pymoveit2:/home/scott/ros2_ws/install/moveit_task_constructor_msgs:/home/scott/ros2_ws/install/g_arm_moveit2:/home/scott/ros2_ws/install/g_arm_description:/home/scott/ros2_ws/install/g-arm_demos:/home/scott/ws_moveit/install/robotiq_hardware_tests:/home/scott/ws_moveit/install/robotiq_driver:/home/scott/ws_moveit/install/serial:/home/scott/ws_moveit/install/moveit2_tutorials:/home/scott/ws_moveit/install/moveit_visual_tools:/home/scott/ws_moveit/install/rviz_visual_tools:/home/scott/ws_moveit/install/moveit_task_constructor_demo:/home/scott/ws_moveit/install/moveit_task_constructor_visualization:/home/scott/ws_moveit/install/moveit_task_constructor_capabilities:/home/scott/ws_moveit/install/moveit_task_constructor_core:/home/scott/ws_moveit/install/rviz_marker_tools:/home/scott/ws_moveit/install/kortex_bringup:/home/scott/ws_moveit/install/kinova_gen3_lite_moveit_config:/home/scott/ws_moveit/install/kinova_gen3_7dof_robotiq_2f_85_moveit_config:/home/scott/ws_moveit/install/kinova_gen3_6dof_robotiq_2f_85_moveit_config:/home/scott/ws_moveit/install/kortex_description:/home/scott/ws_moveit/install/robotiq_description:/home/scott/ws_moveit/install/robotiq_controllers:/home/scott/ws_moveit/install/pilz_industrial_motion_planner_testutils:/home/scott/ws_moveit/install/moveit_runtime:/home/scott/ws_moveit/install/moveit:/home/scott/ws_moveit/install/moveit_planners:/home/scott/ws_moveit/install/pilz_industrial_motion_planner:/home/scott/ws_moveit/install/moveit_task_constructor_msgs:/home/scott/ws_moveit/install/moveit_ros_control_interface:/home/scott/ws_moveit/install/moveit_plugins:/home/scott/ws_moveit/install/moveit_simple_controller_manager:/home/scott/ws_moveit/install/moveit_setup_assistant:/home/scott/ws_moveit/install/moveit_setup_srdf_plugins:/home/scott/ws_moveit/install/moveit_setup_core_plugins:/home/scott/ws_moveit/install/moveit_setup_controllers:/home/scott/ws_moveit/install/moveit_setup_app_plugins:/home/scott/ws_moveit/install/moveit_setup_framework:/home/scott/ws_moveit/install/moveit_servo:/home/scott/ws_moveit/install/moveit_ros_trajectory_cache:/home/scott/ws_moveit/install/moveit_ros:/home/scott/ws_moveit/install/moveit_ros_visualization:/home/scott/ws_moveit/install/moveit_py:/home/scott/ws_moveit/install/moveit_hybrid_planning:/home/scott/ws_moveit/install/hello_moveit:/home/scott/ws_moveit/install/moveit_ros_planning_interface:/home/scott/ws_moveit/install/moveit_ros_benchmarks:/home/scott/ws_moveit/install/moveit_ros_warehouse:/home/scott/ws_moveit/install/moveit_ros_robot_interaction:/home/scott/ws_moveit/install/moveit_ros_perception:/home/scott/ws_moveit/install/moveit_resources_prbt_pg70_support:/home/scott/ws_moveit/install/moveit_resources_prbt_moveit_config:/home/scott/ws_moveit/install/moveit_ros_move_group:/home/scott/ws_moveit/install/moveit_planners_ompl:/home/scott/ws_moveit/install/moveit_kinematics:/home/scott/ws_moveit/install/moveit_ros_planning:/home/scott/ws_moveit/install/moveit_ros_occupancy_map_monitor:/home/scott/ws_moveit/install/moveit_resources_prbt_support:/home/scott/ws_moveit/install/moveit_resources_prbt_ikfast_manipulator_plugin:/home/scott/ws_moveit/install/moveit_resources:/home/scott/ws_moveit/install/moveit_resources_pr2_description:/home/scott/ws_moveit/install/moveit_resources_panda_moveit_config:/home/scott/ws_moveit/install/dual_arm_panda_moveit_config:/home/scott/ws_moveit/install/moveit_resources_panda_description:/home/scott/ws_moveit/install/moveit_resources_fanuc_moveit_config:/home/scott/ws_moveit/install/moveit_resources_fanuc_description:/home/scott/ws_moveit/install/moveit_planners_stomp:/home/scott/ws_moveit/install/moveit_planners_chomp:/home/scott/ws_moveit/install/chomp_motion_planner:/home/scott/ws_moveit/install/moveit_core:/home/scott/ws_moveit/install/moveit_msgs:/home/scott/ws_moveit/install/moveit_common:/home/scott/ws_moveit/install/kortex_driver:/home/scott/ws_moveit/install/kortex_api:/opt/ros/jazzy/opt/gz_sim_vendor:/opt/ros/jazzy/opt/gz_sensors_vendor:/opt/ros/jazzy/opt/gz_physics_vendor:/opt/ros/jazzy/opt/sdformat_vendor:/opt/ros/jazzy/opt/gz_gui_vendor:/opt/ros/jazzy/opt/gz_transport_vendor:/opt/ros/jazzy/opt/gz_rendering_vendor:/opt/ros/jazzy/opt/gz_plugin_vendor:/opt/ros/jazzy/opt/gz_fuel_tools_vendor:/opt/ros/jazzy/opt/gz_msgs_vendor:/opt/ros/jazzy/opt/gz_common_vendor:/opt/ros/jazzy/opt/gz_math_vendor:/opt/ros/jazzy/opt/gz_utils_vendor:/opt/ros/jazzy/opt/gz_tools_vendor:/opt/ros/jazzy/opt/gz_ogre_next_vendor:/opt/ros/jazzy/opt/gz_dartsim_vendor:/opt/ros/jazzy/opt/gz_cmake_vendor:/home/scott/mercer_garm/ros2/install/mercer_robot_commander_py:/home/scott/mercer_garm/ros2/install/mercer_g_arm_desktop_bringup:/home/scott/mercer_garm/ros2/install/mercer_g_arm_sim:/home/scott/mercer_garm/ros2/install/mercer_g_arm_rpi_bringup:/home/scott/mercer_garm/ros2/install/mercer_g_arm:/home/scott/mercer_garm/ros2/install/mercer_g-arm_rpi_bringup:/home/scott/mercer_garm/ros2/install/mercer_g-arm_desktop_bringup:/home/scott/mercer_garm/ros2/install/joy_js_pkg:/home/scott/mercer_garm/ros2/install/garm_motion_planning_demos:/home/scott/mercer_garm/ros2/install/g_arm_trajectory_bridge:/home/scott/mercer_garm/ros2/install/g_arm_python_examples:/home/scott/mercer_garm/ros2/install/g-arm_simulation:/home/scott/mercer_garm/ros2/install/g_arm:/home/scott/mercer_garm_ws/install/mercer_g_arm_desktop_bringup:/home/scott/mercer_garm_ws/install/mercer_robot_commander_py:/home/scott/mercer_garm_ws/install/mercer_g_arm_sim:/home/scott/mercer_garm_ws/install/mercer_g_arm_rpi_bringup:/home/scott/mercer_garm_ws/install/mercer_g_arm:/home/scott/mercer_garm_ws/install/mercer_g-arm_rpi_bringup:/home/scott/mercer_garm_ws/install/mercer_g-arm_desktop_bringup:/home/scott/mercer_garm_ws/install/joy_js_pkg:/home/scott/mercer_garm_ws/install/garm_motion_planning_demos:/home/scott/mercer_garm_ws/install/g_arm_trajectory_bridge:/home/scott/mercer_garm_ws/install/g_arm_python_examples:/home/scott/mercer_garm_ws/install/g-arm_simulation:/home/scott/mercer_garm_ws/install/g_arm:/home/scott/ros2_ws/install/joy_js_pkg:/home/scott/ros2_ws/install/garm_motion_planning_demos:/home/scott/ros2_ws/install/g_arm_trajectory_bridge:/home/scott/ros2_ws/install/g_arm_python_examples:/home/scott/ros2_ws/install/g-arm_simulation:/home/scott/ros2_ws/install/g_arm:/home/scott/ws_moveit/install/moveit_configs_utils:/opt/ros/jazzy DEBUGINFOD_URLS=https://debuginfod.ubuntu.com PS1=(ros2_venv) \[\e]0;\u@\h: \w\a\]${debian_chroot:+($debian_chroot)}\[\033[01;32m\]\u@\h\[\033[00m\]:\[\033[01;34m\]\w\[\033[00m\]\$ VIRTUAL_ENV_PROMPT=(ros2_venv) /snap/bin/cmake --install /home/scott/mercer_garm/ros2/build/g_arm_moveit2
[4.442s] Level 1:colcon.colcon_core.environment:checking '/home/scott/mercer_garm/ros2/install/g_arm_moveit2' for CMake config files
[4.442s] Level 1:colcon.colcon_core.shell:create_environment_hook('g_arm_moveit2', 'cmake_prefix_path')
[4.442s] INFO:colcon.colcon_core.shell:Creating environment hook '/home/scott/mercer_garm/ros2/install/g_arm_moveit2/share/g_arm_moveit2/hook/cmake_prefix_path.ps1'
[4.443s] INFO:colcon.colcon_core.shell:Creating environment descriptor '/home/scott/mercer_garm/ros2/install/g_arm_moveit2/share/g_arm_moveit2/hook/cmake_prefix_path.dsv'
[4.443s] INFO:colcon.colcon_core.shell:Creating environment hook '/home/scott/mercer_garm/ros2/install/g_arm_moveit2/share/g_arm_moveit2/hook/cmake_prefix_path.sh'
[4.444s] Level 1:colcon.colcon_core.environment:checking '/home/scott/mercer_garm/ros2/install/g_arm_moveit2/bin'
[4.444s] Level 1:colcon.colcon_core.environment:checking '/home/scott/mercer_garm/ros2/install/g_arm_moveit2/lib/pkgconfig/g_arm_moveit2.pc'
[4.444s] Level 1:colcon.colcon_core.environment:checking '/home/scott/mercer_garm/ros2/install/g_arm_moveit2/lib/python3.12/site-packages'
[4.444s] Level 1:colcon.colcon_core.environment:checking '/home/scott/mercer_garm/ros2/install/g_arm_moveit2/bin'
[4.444s] INFO:colcon.colcon_core.shell:Creating package script '/home/scott/mercer_garm/ros2/install/g_arm_moveit2/share/g_arm_moveit2/package.ps1'
[4.445s] INFO:colcon.colcon_core.shell:Creating package descriptor '/home/scott/mercer_garm/ros2/install/g_arm_moveit2/share/g_arm_moveit2/package.dsv'
[4.445s] INFO:colcon.colcon_core.shell:Creating package script '/home/scott/mercer_garm/ros2/install/g_arm_moveit2/share/g_arm_moveit2/package.sh'
[4.446s] INFO:colcon.colcon_core.shell:Creating package script '/home/scott/mercer_garm/ros2/install/g_arm_moveit2/share/g_arm_moveit2/package.bash'
[4.446s] INFO:colcon.colcon_core.shell:Creating package script '/home/scott/mercer_garm/ros2/install/g_arm_moveit2/share/g_arm_moveit2/package.zsh'
[4.446s] Level 1:colcon.colcon_core.environment:create_file_with_runtime_dependencies(/home/scott/mercer_garm/ros2/install/g_arm_moveit2/share/colcon-core/packages/g_arm_moveit2)
[4.447s] Level 1:colcon.colcon_core.environment:create_environment_scripts_only(g_arm_moveit2)
[4.447s] Level 1:colcon.colcon_core.environment:checking '/home/scott/mercer_garm/ros2/install/g_arm_moveit2' for CMake module files
[4.447s] Level 1:colcon.colcon_core.environment:checking '/home/scott/mercer_garm/ros2/install/g_arm_moveit2' for CMake config files
[4.448s] Level 1:colcon.colcon_core.shell:create_environment_hook('g_arm_moveit2', 'cmake_prefix_path')
[4.448s] INFO:colcon.colcon_core.shell:Creating environment hook '/home/scott/mercer_garm/ros2/install/g_arm_moveit2/share/g_arm_moveit2/hook/cmake_prefix_path.ps1'
[4.448s] INFO:colcon.colcon_core.shell:Creating environment descriptor '/home/scott/mercer_garm/ros2/install/g_arm_moveit2/share/g_arm_moveit2/hook/cmake_prefix_path.dsv'
[4.449s] INFO:colcon.colcon_core.shell:Creating environment hook '/home/scott/mercer_garm/ros2/install/g_arm_moveit2/share/g_arm_moveit2/hook/cmake_prefix_path.sh'
[4.449s] Level 1:colcon.colcon_core.environment:checking '/home/scott/mercer_garm/ros2/install/g_arm_moveit2/bin'
[4.449s] Level 1:colcon.colcon_core.environment:checking '/home/scott/mercer_garm/ros2/install/g_arm_moveit2/lib/pkgconfig/g_arm_moveit2.pc'
[4.449s] Level 1:colcon.colcon_core.environment:checking '/home/scott/mercer_garm/ros2/install/g_arm_moveit2/lib/python3.12/site-packages'
[4.450s] Level 1:colcon.colcon_core.environment:checking '/home/scott/mercer_garm/ros2/install/g_arm_moveit2/bin'
[4.450s] INFO:colcon.colcon_core.shell:Creating package script '/home/scott/mercer_garm/ros2/install/g_arm_moveit2/share/g_arm_moveit2/package.ps1'
[4.451s] INFO:colcon.colcon_core.shell:Creating package descriptor '/home/scott/mercer_garm/ros2/install/g_arm_moveit2/share/g_arm_moveit2/package.dsv'
[4.451s] INFO:colcon.colcon_core.shell:Creating package script '/home/scott/mercer_garm/ros2/install/g_arm_moveit2/share/g_arm_moveit2/package.sh'
[4.451s] INFO:colcon.colcon_core.shell:Creating package script '/home/scott/mercer_garm/ros2/install/g_arm_moveit2/share/g_arm_moveit2/package.bash'
[4.452s] INFO:colcon.colcon_core.shell:Creating package script '/home/scott/mercer_garm/ros2/install/g_arm_moveit2/share/g_arm_moveit2/package.zsh'
[4.452s] Level 1:colcon.colcon_core.environment:create_file_with_runtime_dependencies(/home/scott/mercer_garm/ros2/install/g_arm_moveit2/share/colcon-core/packages/g_arm_moveit2)
[4.453s] INFO:colcon.colcon_ros.task.ament_python.build:Building ROS package in '/home/scott/mercer_garm/ros2/src/mercer_g_arm' with build type 'ament_python'
[4.453s] Level 1:colcon.colcon_core.shell:create_environment_hook('mercer_g_arm', 'ament_prefix_path')
[4.453s] INFO:colcon.colcon_core.shell:Creating environment hook '/home/scott/mercer_garm/ros2/install/mercer_g_arm/share/mercer_g_arm/hook/ament_prefix_path.ps1'
[4.453s] INFO:colcon.colcon_core.shell:Creating environment descriptor '/home/scott/mercer_garm/ros2/install/mercer_g_arm/share/mercer_g_arm/hook/ament_prefix_path.dsv'
[4.454s] INFO:colcon.colcon_core.shell:Creating environment hook '/home/scott/mercer_garm/ros2/install/mercer_g_arm/share/mercer_g_arm/hook/ament_prefix_path.sh'
[4.454s] INFO:colcon.colcon_core.shell:Skip shell extension 'powershell' for command environment: Not usable outside of PowerShell
[4.454s] DEBUG:colcon.colcon_core.shell:Skip shell extension 'dsv' for command environment
[4.469s] Level 1:colcon.colcon_core.environment:create_environment_scripts_only(g_arm_msgs)
[4.469s] DEBUG:colcon.colcon_core.event_handler.log_command:Invoked command in '/home/scott/mercer_garm/ros2/build/g_arm_msgs' returned '0': CMAKE_PREFIX_PATH=${CMAKE_PREFIX_PATH}:/home/scott/mercer_garm/ros2/install/mercer_robot_commander_py:/home/scott/mercer_garm/ros2/install/mercer_g_arm_desktop_bringup:/home/scott/mercer_garm/ros2/install/mercer_g_arm_sim:/home/scott/mercer_garm/ros2/install/mercer_g_arm_rpi_bringup:/home/scott/mercer_garm/ros2/install/mercer_g_arm:/home/scott/mercer_garm/ros2/install/mercer_g-arm_rpi_bringup:/home/scott/mercer_garm/ros2/install/mercer_g-arm_desktop_bringup:/home/scott/mercer_garm/ros2/install/joy_js_pkg:/home/scott/mercer_garm/ros2/install/garm_motion_planning_demos:/home/scott/mercer_garm/ros2/install/g_arm_trajectory_bridge:/home/scott/mercer_garm/ros2/install/g_arm_python_examples:/home/scott/mercer_garm/ros2/install/g-arm_simulation:/home/scott/mercer_garm/ros2/install/g_arm:/home/scott/mercer_garm_ws/install/mercer_g_arm_desktop_bringup:/home/scott/mercer_garm_ws/install/mercer_robot_commander_py:/home/scott/mercer_garm_ws/install/mercer_g_arm_sim:/home/scott/mercer_garm_ws/install/mercer_g_arm_rpi_bringup:/home/scott/mercer_garm_ws/install/mercer_g_arm:/home/scott/mercer_garm_ws/install/mercer_g-arm_rpi_bringup:/home/scott/mercer_garm_ws/install/mercer_g-arm_desktop_bringup:/home/scott/mercer_garm_ws/install/joy_js_pkg:/home/scott/mercer_garm_ws/install/garm_motion_planning_demos:/home/scott/mercer_garm_ws/install/g_arm_trajectory_bridge:/home/scott/mercer_garm_ws/install/g_arm_python_examples:/home/scott/mercer_garm_ws/install/g-arm_simulation:/home/scott/mercer_garm_ws/install/g_arm:/home/scott/ros2_ws/install/joy_js_pkg:/home/scott/ros2_ws/install/garm_motion_planning_demos:/home/scott/ros2_ws/install/g_arm_trajectory_bridge:/home/scott/ros2_ws/install/g_arm_python_examples:/home/scott/ros2_ws/install/g-arm_simulation:/home/scott/ros2_ws/install/g_arm:/home/scott/ws_moveit/install/moveit_configs_utils:/opt/ros/jazzy DEBUGINFOD_URLS=https://debuginfod.ubuntu.com PS1=(ros2_venv) \[\e]0;\u@\h: \w\a\]${debian_chroot:+($debian_chroot)}\[\033[01;32m\]\u@\h\[\033[00m\]:\[\033[01;34m\]\w\[\033[00m\]\$ VIRTUAL_ENV_PROMPT=(ros2_venv) /snap/bin/cmake --install /home/scott/mercer_garm/ros2/build/g_arm_msgs
[4.469s] Level 1:colcon.colcon_core.environment:checking '/home/scott/mercer_garm/ros2/install/g_arm_msgs' for CMake module files
[4.470s] Level 1:colcon.colcon_core.environment:checking '/home/scott/mercer_garm/ros2/install/g_arm_msgs' for CMake config files
[4.470s] Level 1:colcon.colcon_core.shell:create_environment_hook('g_arm_msgs', 'cmake_prefix_path')
[4.471s] INFO:colcon.colcon_core.shell:Creating environment hook '/home/scott/mercer_garm/ros2/install/g_arm_msgs/share/g_arm_msgs/hook/cmake_prefix_path.ps1'
[4.471s] INFO:colcon.colcon_core.shell:Creating environment descriptor '/home/scott/mercer_garm/ros2/install/g_arm_msgs/share/g_arm_msgs/hook/cmake_prefix_path.dsv'
[4.471s] INFO:colcon.colcon_core.shell:Creating environment hook '/home/scott/mercer_garm/ros2/install/g_arm_msgs/share/g_arm_msgs/hook/cmake_prefix_path.sh'
[4.472s] Level 1:colcon.colcon_core.environment:checking '/home/scott/mercer_garm/ros2/install/g_arm_msgs/lib'
[4.472s] Level 1:colcon.colcon_core.shell:create_environment_hook('g_arm_msgs', 'ld_library_path_lib')
[4.472s] INFO:colcon.colcon_core.shell:Creating environment hook '/home/scott/mercer_garm/ros2/install/g_arm_msgs/share/g_arm_msgs/hook/ld_library_path_lib.ps1'
[4.473s] INFO:colcon.colcon_core.shell:Creating environment descriptor '/home/scott/mercer_garm/ros2/install/g_arm_msgs/share/g_arm_msgs/hook/ld_library_path_lib.dsv'
[4.473s] INFO:colcon.colcon_core.shell:Creating environment hook '/home/scott/mercer_garm/ros2/install/g_arm_msgs/share/g_arm_msgs/hook/ld_library_path_lib.sh'
[4.474s] Level 1:colcon.colcon_core.environment:checking '/home/scott/mercer_garm/ros2/install/g_arm_msgs/bin'
[4.474s] Level 1:colcon.colcon_core.environment:checking '/home/scott/mercer_garm/ros2/install/g_arm_msgs/lib/pkgconfig/g_arm_msgs.pc'
[4.474s] Level 1:colcon.colcon_core.environment:checking '/home/scott/mercer_garm/ros2/install/g_arm_msgs/lib/python3.12/site-packages'
[4.474s] Level 1:colcon.colcon_core.shell:create_environment_hook('g_arm_msgs', 'pythonpath')
[4.474s] INFO:colcon.colcon_core.shell:Creating environment hook '/home/scott/mercer_garm/ros2/install/g_arm_msgs/share/g_arm_msgs/hook/pythonpath.ps1'
[4.475s] INFO:colcon.colcon_core.shell:Creating environment descriptor '/home/scott/mercer_garm/ros2/install/g_arm_msgs/share/g_arm_msgs/hook/pythonpath.dsv'
[4.475s] INFO:colcon.colcon_core.shell:Creating environment hook '/home/scott/mercer_garm/ros2/install/g_arm_msgs/share/g_arm_msgs/hook/pythonpath.sh'
[4.476s] Level 1:colcon.colcon_core.environment:checking '/home/scott/mercer_garm/ros2/install/g_arm_msgs/bin'
[4.476s] INFO:colcon.colcon_core.shell:Creating package script '/home/scott/mercer_garm/ros2/install/g_arm_msgs/share/g_arm_msgs/package.ps1'
[4.476s] INFO:colcon.colcon_core.shell:Creating package descriptor '/home/scott/mercer_garm/ros2/install/g_arm_msgs/share/g_arm_msgs/package.dsv'
[4.477s] INFO:colcon.colcon_core.shell:Creating package script '/home/scott/mercer_garm/ros2/install/g_arm_msgs/share/g_arm_msgs/package.sh'
[4.477s] INFO:colcon.colcon_core.shell:Creating package script '/home/scott/mercer_garm/ros2/install/g_arm_msgs/share/g_arm_msgs/package.bash'
[4.478s] INFO:colcon.colcon_core.shell:Creating package script '/home/scott/mercer_garm/ros2/install/g_arm_msgs/share/g_arm_msgs/package.zsh'
[4.478s] Level 1:colcon.colcon_core.environment:create_file_with_runtime_dependencies(/home/scott/mercer_garm/ros2/install/g_arm_msgs/share/colcon-core/packages/g_arm_msgs)
[4.479s] Level 1:colcon.colcon_core.environment:create_environment_scripts_only(g_arm_msgs)
[4.479s] Level 1:colcon.colcon_core.environment:checking '/home/scott/mercer_garm/ros2/install/g_arm_msgs' for CMake module files
[4.479s] Level 1:colcon.colcon_core.environment:checking '/home/scott/mercer_garm/ros2/install/g_arm_msgs' for CMake config files
[4.480s] Level 1:colcon.colcon_core.shell:create_environment_hook('g_arm_msgs', 'cmake_prefix_path')
[4.480s] INFO:colcon.colcon_core.shell:Creating environment hook '/home/scott/mercer_garm/ros2/install/g_arm_msgs/share/g_arm_msgs/hook/cmake_prefix_path.ps1'
[4.480s] INFO:colcon.colcon_core.shell:Creating environment descriptor '/home/scott/mercer_garm/ros2/install/g_arm_msgs/share/g_arm_msgs/hook/cmake_prefix_path.dsv'
[4.480s] INFO:colcon.colcon_core.shell:Creating environment hook '/home/scott/mercer_garm/ros2/install/g_arm_msgs/share/g_arm_msgs/hook/cmake_prefix_path.sh'
[4.481s] Level 1:colcon.colcon_core.environment:checking '/home/scott/mercer_garm/ros2/install/g_arm_msgs/lib'
[4.481s] Level 1:colcon.colcon_core.shell:create_environment_hook('g_arm_msgs', 'ld_library_path_lib')
[4.481s] INFO:colcon.colcon_core.shell:Creating environment hook '/home/scott/mercer_garm/ros2/install/g_arm_msgs/share/g_arm_msgs/hook/ld_library_path_lib.ps1'
[4.482s] INFO:colcon.colcon_core.shell:Creating environment descriptor '/home/scott/mercer_garm/ros2/install/g_arm_msgs/share/g_arm_msgs/hook/ld_library_path_lib.dsv'
[4.482s] INFO:colcon.colcon_core.shell:Creating environment hook '/home/scott/mercer_garm/ros2/install/g_arm_msgs/share/g_arm_msgs/hook/ld_library_path_lib.sh'
[4.482s] Level 1:colcon.colcon_core.environment:checking '/home/scott/mercer_garm/ros2/install/g_arm_msgs/bin'
[4.483s] Level 1:colcon.colcon_core.environment:checking '/home/scott/mercer_garm/ros2/install/g_arm_msgs/lib/pkgconfig/g_arm_msgs.pc'
[4.483s] Level 1:colcon.colcon_core.environment:checking '/home/scott/mercer_garm/ros2/install/g_arm_msgs/lib/python3.12/site-packages'
[4.483s] Level 1:colcon.colcon_core.shell:create_environment_hook('g_arm_msgs', 'pythonpath')
[4.483s] INFO:colcon.colcon_core.shell:Creating environment hook '/home/scott/mercer_garm/ros2/install/g_arm_msgs/share/g_arm_msgs/hook/pythonpath.ps1'
[4.483s] INFO:colcon.colcon_core.shell:Creating environment descriptor '/home/scott/mercer_garm/ros2/install/g_arm_msgs/share/g_arm_msgs/hook/pythonpath.dsv'
[4.484s] INFO:colcon.colcon_core.shell:Creating environment hook '/home/scott/mercer_garm/ros2/install/g_arm_msgs/share/g_arm_msgs/hook/pythonpath.sh'
[4.485s] Level 1:colcon.colcon_core.environment:checking '/home/scott/mercer_garm/ros2/install/g_arm_msgs/bin'
[4.485s] INFO:colcon.colcon_core.shell:Creating package script '/home/scott/mercer_garm/ros2/install/g_arm_msgs/share/g_arm_msgs/package.ps1'
[4.486s] INFO:colcon.colcon_core.shell:Creating package descriptor '/home/scott/mercer_garm/ros2/install/g_arm_msgs/share/g_arm_msgs/package.dsv'
[4.486s] INFO:colcon.colcon_core.shell:Creating package script '/home/scott/mercer_garm/ros2/install/g_arm_msgs/share/g_arm_msgs/package.sh'
[4.487s] INFO:colcon.colcon_core.shell:Creating package script '/home/scott/mercer_garm/ros2/install/g_arm_msgs/share/g_arm_msgs/package.bash'
[4.487s] INFO:colcon.colcon_core.shell:Creating package script '/home/scott/mercer_garm/ros2/install/g_arm_msgs/share/g_arm_msgs/package.zsh'
[4.489s] Level 1:colcon.colcon_core.environment:create_file_with_runtime_dependencies(/home/scott/mercer_garm/ros2/install/g_arm_msgs/share/colcon-core/packages/g_arm_msgs)
[4.490s] INFO:colcon.colcon_ros.task.ament_cmake.build:Building ROS package in '/home/scott/mercer_garm/ros2/src/mercer_robot_commander_cpp' with build type 'ament_cmake'
[4.490s] INFO:colcon.colcon_cmake.task.cmake.build:Building CMake package in '/home/scott/mercer_garm/ros2/src/mercer_robot_commander_cpp'
[4.490s] INFO:colcon.colcon_core.shell:Skip shell extension 'powershell' for command environment: Not usable outside of PowerShell
[4.490s] DEBUG:colcon.colcon_core.shell:Skip shell extension 'dsv' for command environment
[4.853s] INFO:colcon.colcon_core.task.python.build:Building Python package in '/home/scott/mercer_garm/ros2/src/mercer_g_arm'
[4.853s] INFO:colcon.colcon_core.shell:Skip shell extension 'powershell' for command environment: Not usable outside of PowerShell
[4.853s] DEBUG:colcon.colcon_core.shell:Skip shell extension 'dsv' for command environment
[4.881s] DEBUG:colcon.colcon_core.event_handler.log_command:Invoking command in '/home/scott/mercer_garm/ros2/build/mercer_robot_commander_cpp': CMAKE_PREFIX_PATH=/home/scott/mercer_garm/ros2/install/g_arm_msgs:/home/scott/mercer_garm/ros2/install/pymoveit2:/home/scott/mercer_garm/ros2/install/pi_gpio_interface:/home/scott/mercer_garm/ros2/install/mercer_robot_commander_cpp:/home/scott/mercer_garm/ros2/install/mercer_g_arm_topic_hw:/home/scott/mercer_garm/ros2/install/g_arm_moveit2:/home/scott/mercer_garm/ros2/install/g_arm_description:/home/scott/mercer_garm/ros2/install/g-arm_demos:/home/scott/mercer_garm_ws/install/pymoveit2:/home/scott/mercer_garm_ws/install/pi_gpio_interface:/home/scott/mercer_garm_ws/install/mercer_robot_commander_cpp:/home/scott/mercer_garm_ws/install/mercer_g_arm_topic_hw:/home/scott/mercer_garm_ws/install/g_arm_msgs:/home/scott/mercer_garm_ws/install/g_arm_moveit2:/home/scott/mercer_garm_ws/install/g_arm_description:/home/scott/mercer_garm_ws/install/g-arm_demos:/home/scott/ros2_ws/install/rviz_marker_tools:/home/scott/ros2_ws/install/pymoveit2:/home/scott/ros2_ws/install/moveit_task_constructor_msgs:/home/scott/ros2_ws/install/g_arm_moveit2:/home/scott/ros2_ws/install/g_arm_description:/home/scott/ros2_ws/install/g-arm_demos:/home/scott/ws_moveit/install/robotiq_hardware_tests:/home/scott/ws_moveit/install/robotiq_driver:/home/scott/ws_moveit/install/serial:/home/scott/ws_moveit/install/moveit2_tutorials:/home/scott/ws_moveit/install/moveit_visual_tools:/home/scott/ws_moveit/install/rviz_visual_tools:/home/scott/ws_moveit/install/moveit_task_constructor_demo:/home/scott/ws_moveit/install/moveit_task_constructor_visualization:/home/scott/ws_moveit/install/moveit_task_constructor_capabilities:/home/scott/ws_moveit/install/moveit_task_constructor_core:/home/scott/ws_moveit/install/rviz_marker_tools:/home/scott/ws_moveit/install/kortex_bringup:/home/scott/ws_moveit/install/kinova_gen3_lite_moveit_config:/home/scott/ws_moveit/install/kinova_gen3_7dof_robotiq_2f_85_moveit_config:/home/scott/ws_moveit/install/kinova_gen3_6dof_robotiq_2f_85_moveit_config:/home/scott/ws_moveit/install/kortex_description:/home/scott/ws_moveit/install/robotiq_description:/home/scott/ws_moveit/install/robotiq_controllers:/home/scott/ws_moveit/install/pilz_industrial_motion_planner_testutils:/home/scott/ws_moveit/install/moveit_runtime:/home/scott/ws_moveit/install/moveit:/home/scott/ws_moveit/install/moveit_planners:/home/scott/ws_moveit/install/pilz_industrial_motion_planner:/home/scott/ws_moveit/install/moveit_task_constructor_msgs:/home/scott/ws_moveit/install/moveit_ros_control_interface:/home/scott/ws_moveit/install/moveit_plugins:/home/scott/ws_moveit/install/moveit_simple_controller_manager:/home/scott/ws_moveit/install/moveit_setup_assistant:/home/scott/ws_moveit/install/moveit_setup_srdf_plugins:/home/scott/ws_moveit/install/moveit_setup_core_plugins:/home/scott/ws_moveit/install/moveit_setup_controllers:/home/scott/ws_moveit/install/moveit_setup_app_plugins:/home/scott/ws_moveit/install/moveit_setup_framework:/home/scott/ws_moveit/install/moveit_servo:/home/scott/ws_moveit/install/moveit_ros_trajectory_cache:/home/scott/ws_moveit/install/moveit_ros:/home/scott/ws_moveit/install/moveit_ros_visualization:/home/scott/ws_moveit/install/moveit_py:/home/scott/ws_moveit/install/moveit_hybrid_planning:/home/scott/ws_moveit/install/hello_moveit:/home/scott/ws_moveit/install/moveit_ros_planning_interface:/home/scott/ws_moveit/install/moveit_ros_benchmarks:/home/scott/ws_moveit/install/moveit_ros_warehouse:/home/scott/ws_moveit/install/moveit_ros_robot_interaction:/home/scott/ws_moveit/install/moveit_ros_perception:/home/scott/ws_moveit/install/moveit_resources_prbt_pg70_support:/home/scott/ws_moveit/install/moveit_resources_prbt_moveit_config:/home/scott/ws_moveit/install/moveit_ros_move_group:/home/scott/ws_moveit/install/moveit_planners_ompl:/home/scott/ws_moveit/install/moveit_kinematics:/home/scott/ws_moveit/install/moveit_ros_planning:/home/scott/ws_moveit/install/moveit_ros_occupancy_map_monitor:/home/scott/ws_moveit/install/moveit_resources_prbt_support:/home/scott/ws_moveit/install/moveit_resources_prbt_ikfast_manipulator_plugin:/home/scott/ws_moveit/install/moveit_resources:/home/scott/ws_moveit/install/moveit_resources_pr2_description:/home/scott/ws_moveit/install/moveit_resources_panda_moveit_config:/home/scott/ws_moveit/install/dual_arm_panda_moveit_config:/home/scott/ws_moveit/install/moveit_resources_panda_description:/home/scott/ws_moveit/install/moveit_resources_fanuc_moveit_config:/home/scott/ws_moveit/install/moveit_resources_fanuc_description:/home/scott/ws_moveit/install/moveit_planners_stomp:/home/scott/ws_moveit/install/moveit_planners_chomp:/home/scott/ws_moveit/install/chomp_motion_planner:/home/scott/ws_moveit/install/moveit_core:/home/scott/ws_moveit/install/moveit_msgs:/home/scott/ws_moveit/install/moveit_common:/home/scott/ws_moveit/install/kortex_driver:/home/scott/ws_moveit/install/kortex_api:/opt/ros/jazzy/opt/gz_sim_vendor:/opt/ros/jazzy/opt/gz_sensors_vendor:/opt/ros/jazzy/opt/gz_physics_vendor:/opt/ros/jazzy/opt/sdformat_vendor:/opt/ros/jazzy/opt/gz_gui_vendor:/opt/ros/jazzy/opt/gz_transport_vendor:/opt/ros/jazzy/opt/gz_rendering_vendor:/opt/ros/jazzy/opt/gz_plugin_vendor:/opt/ros/jazzy/opt/gz_fuel_tools_vendor:/opt/ros/jazzy/opt/gz_msgs_vendor:/opt/ros/jazzy/opt/gz_common_vendor:/opt/ros/jazzy/opt/gz_math_vendor:/opt/ros/jazzy/opt/gz_utils_vendor:/opt/ros/jazzy/opt/gz_tools_vendor:/opt/ros/jazzy/opt/gz_ogre_next_vendor:/opt/ros/jazzy/opt/gz_dartsim_vendor:/opt/ros/jazzy/opt/gz_cmake_vendor:/home/scott/mercer_garm/ros2/install/mercer_robot_commander_py:/home/scott/mercer_garm/ros2/install/mercer_g_arm_desktop_bringup:/home/scott/mercer_garm/ros2/install/mercer_g_arm_sim:/home/scott/mercer_garm/ros2/install/mercer_g_arm_rpi_bringup:/home/scott/mercer_garm/ros2/install/mercer_g_arm:/home/scott/mercer_garm/ros2/install/mercer_g-arm_rpi_bringup:/home/scott/mercer_garm/ros2/install/mercer_g-arm_desktop_bringup:/home/scott/mercer_garm/ros2/install/joy_js_pkg:/home/scott/mercer_garm/ros2/install/garm_motion_planning_demos:/home/scott/mercer_garm/ros2/install/g_arm_trajectory_bridge:/home/scott/mercer_garm/ros2/install/g_arm_python_examples:/home/scott/mercer_garm/ros2/install/g-arm_simulation:/home/scott/mercer_garm/ros2/install/g_arm:/home/scott/mercer_garm_ws/install/mercer_g_arm_desktop_bringup:/home/scott/mercer_garm_ws/install/mercer_robot_commander_py:/home/scott/mercer_garm_ws/install/mercer_g_arm_sim:/home/scott/mercer_garm_ws/install/mercer_g_arm_rpi_bringup:/home/scott/mercer_garm_ws/install/mercer_g_arm:/home/scott/mercer_garm_ws/install/mercer_g-arm_rpi_bringup:/home/scott/mercer_garm_ws/install/mercer_g-arm_desktop_bringup:/home/scott/mercer_garm_ws/install/joy_js_pkg:/home/scott/mercer_garm_ws/install/garm_motion_planning_demos:/home/scott/mercer_garm_ws/install/g_arm_trajectory_bridge:/home/scott/mercer_garm_ws/install/g_arm_python_examples:/home/scott/mercer_garm_ws/install/g-arm_simulation:/home/scott/mercer_garm_ws/install/g_arm:/home/scott/ros2_ws/install/joy_js_pkg:/home/scott/ros2_ws/install/garm_motion_planning_demos:/home/scott/ros2_ws/install/g_arm_trajectory_bridge:/home/scott/ros2_ws/install/g_arm_python_examples:/home/scott/ros2_ws/install/g-arm_simulation:/home/scott/ros2_ws/install/g_arm:/home/scott/ws_moveit/install/moveit_configs_utils:/opt/ros/jazzy DEBUGINFOD_URLS=https://debuginfod.ubuntu.com LD_LIBRARY_PATH=/home/scott/mercer_garm/ros2/install/g_arm_msgs/lib:/home/scott/mercer_garm/ros2/install/pi_gpio_interface/lib:/home/scott/mercer_garm/ros2/install/mercer_g_arm_topic_hw/lib:/home/scott/mercer_garm_ws/install/pi_gpio_interface/lib:/home/scott/mercer_garm_ws/install/mercer_g_arm_topic_hw/lib:/home/scott/mercer_garm_ws/install/g_arm_msgs/lib:/home/scott/ros2_ws/install/rviz_marker_tools/lib:/home/scott/ros2_ws/install/moveit_task_constructor_msgs/lib:/home/scott/ws_moveit/install/robotiq_driver/lib:/home/scott/ws_moveit/install/serial/lib:/home/scott/ws_moveit/install/moveit_visual_tools/lib:/home/scott/ws_moveit/install/rviz_visual_tools/lib:/home/scott/ws_moveit/install/moveit_task_constructor_demo/lib:/home/scott/ws_moveit/install/moveit_task_constructor_visualization/lib:/home/scott/ws_moveit/install/moveit_task_constructor_capabilities/lib:/home/scott/ws_moveit/install/moveit_task_constructor_core/lib:/home/scott/ws_moveit/install/rviz_marker_tools/lib:/home/scott/ws_moveit/install/robotiq_controllers/lib:/home/scott/ws_moveit/install/pilz_industrial_motion_planner_testutils/lib:/home/scott/ws_moveit/install/pilz_industrial_motion_planner/lib:/home/scott/ws_moveit/install/moveit_task_constructor_msgs/lib:/home/scott/ws_moveit/install/moveit_ros_control_interface/lib:/home/scott/ws_moveit/install/moveit_simple_controller_manager/lib:/home/scott/ws_moveit/install/moveit_setup_assistant/lib:/home/scott/ws_moveit/install/moveit_setup_srdf_plugins/lib:/home/scott/ws_moveit/install/moveit_setup_core_plugins/lib:/home/scott/ws_moveit/install/moveit_setup_controllers/lib:/home/scott/ws_moveit/install/moveit_setup_app_plugins/lib:/home/scott/ws_moveit/install/moveit_setup_framework/lib:/home/scott/ws_moveit/install/moveit_servo/lib:/home/scott/ws_moveit/install/moveit_ros_trajectory_cache/lib:/home/scott/ws_moveit/install/moveit_ros_visualization/lib:/home/scott/ws_moveit/install/moveit_py/lib:/home/scott/ws_moveit/install/moveit_hybrid_planning/lib:/home/scott/ws_moveit/install/moveit_ros_planning_interface/lib:/home/scott/ws_moveit/install/moveit_ros_benchmarks/lib:/home/scott/ws_moveit/install/moveit_ros_warehouse/lib:/home/scott/ws_moveit/install/moveit_ros_robot_interaction/lib:/home/scott/ws_moveit/install/moveit_ros_perception/lib:/home/scott/ws_moveit/install/moveit_ros_move_group/lib:/home/scott/ws_moveit/install/moveit_planners_ompl/lib:/home/scott/ws_moveit/install/moveit_kinematics/lib:/home/scott/ws_moveit/install/moveit_ros_planning/lib:/home/scott/ws_moveit/install/moveit_ros_occupancy_map_monitor/lib:/home/scott/ws_moveit/install/moveit_resources_prbt_ikfast_manipulator_plugin/lib:/home/scott/ws_moveit/install/moveit_planners_stomp/lib:/home/scott/ws_moveit/install/moveit_planners_chomp/lib:/home/scott/ws_moveit/install/chomp_motion_planner/lib:/home/scott/ws_moveit/install/moveit_core/lib:/home/scott/ws_moveit/install/moveit_msgs/lib:/home/scott/ws_moveit/install/kortex_driver/lib:/opt/ros/jazzy/opt/gz_sim_vendor/lib:/opt/ros/jazzy/opt/gz_sensors_vendor/lib:/opt/ros/jazzy/opt/gz_physics_vendor/lib:/opt/ros/jazzy/opt/sdformat_vendor/lib:/opt/ros/jazzy/opt/rviz_ogre_vendor/lib:/opt/ros/jazzy/lib/x86_64-linux-gnu:/opt/ros/jazzy/opt/gz_gui_vendor/lib:/opt/ros/jazzy/opt/gz_transport_vendor/lib:/opt/ros/jazzy/opt/gz_rendering_vendor/lib:/opt/ros/jazzy/opt/gz_plugin_vendor/lib:/opt/ros/jazzy/opt/gz_fuel_tools_vendor/lib:/opt/ros/jazzy/opt/gz_msgs_vendor/lib:/opt/ros/jazzy/opt/gz_common_vendor/lib:/opt/ros/jazzy/opt/gz_math_vendor/lib:/opt/ros/jazzy/opt/gz_utils_vendor/lib:/opt/ros/jazzy/opt/gz_tools_vendor/lib:/opt/ros/jazzy/opt/gz_ogre_next_vendor/lib:/opt/ros/jazzy/opt/gz_dartsim_vendor/lib:/opt/ros/jazzy/opt/gz_cmake_vendor/lib:/opt/ros/jazzy/lib PS1=(ros2_venv) \[\e]0;\u@\h: \w\a\]${debian_chroot:+($debian_chroot)}\[\033[01;32m\]\u@\h\[\033[00m\]:\[\033[01;34m\]\w\[\033[00m\]\$ PYTHONPATH=/home/scott/mercer_garm/ros2/install/g_arm_msgs/lib/python3.12/site-packages:/home/scott/mercer_garm/ros2/install/pymoveit2/lib/python3.12/site-packages:/home/scott/mercer_garm/ros2/install/pi_gpio_interface/lib/python3.12/site-packages:/home/scott/mercer_garm/ros2/install/mercer_robot_commander_py/lib/python3.12/site-packages:/home/scott/mercer_garm/ros2/install/mercer_g_arm_desktop_bringup/lib/python3.12/site-packages:/home/scott/mercer_garm/ros2/install/mercer_g_arm_sim/lib/python3.12/site-packages:/home/scott/mercer_garm/ros2/install/mercer_g_arm_rpi_bringup/lib/python3.12/site-packages:/home/scott/mercer_garm/ros2/install/mercer_g_arm/lib/python3.12/site-packages:/home/scott/mercer_garm/ros2/install/mercer_g-arm_rpi_bringup/lib/python3.12/site-packages:/home/scott/mercer_garm/ros2/install/mercer_g-arm_desktop_bringup/lib/python3.12/site-packages:/home/scott/mercer_garm/ros2/install/joy_js_pkg/lib/python3.12/site-packages:/home/scott/mercer_garm/ros2/install/garm_motion_planning_demos/lib/python3.12/site-packages:/home/scott/mercer_garm/ros2/install/g_arm_trajectory_bridge/lib/python3.12/site-packages:/home/scott/mercer_garm/ros2/install/g_arm_python_examples/lib/python3.12/site-packages:/home/scott/mercer_garm/ros2/install/g-arm_simulation/lib/python3.12/site-packages:/home/scott/mercer_garm/ros2/install/g_arm/lib/python3.12/site-packages:/home/scott/mercer_garm_ws/install/mercer_g_arm_desktop_bringup/lib/python3.12/site-packages:/home/scott/mercer_garm_ws/install/pymoveit2/lib/python3.12/site-packages:/home/scott/mercer_garm_ws/install/pi_gpio_interface/lib/python3.12/site-packages:/home/scott/mercer_garm_ws/install/mercer_robot_commander_py/lib/python3.12/site-packages:/home/scott/mercer_garm_ws/install/mercer_g_arm_sim/lib/python3.12/site-packages:/home/scott/mercer_garm_ws/install/mercer_g_arm_rpi_bringup/lib/python3.12/site-packages:/home/scott/mercer_garm_ws/install/mercer_g_arm/lib/python3.12/site-packages:/home/scott/mercer_garm_ws/install/mercer_g-arm_rpi_bringup/lib/python3.12/site-packages:/home/scott/mercer_garm_ws/install/mercer_g-arm_desktop_bringup/lib/python3.12/site-packages:/home/scott/mercer_garm_ws/install/joy_js_pkg/lib/python3.12/site-packages:/home/scott/mercer_garm_ws/install/garm_motion_planning_demos/lib/python3.12/site-packages:/home/scott/mercer_garm_ws/install/g_arm_trajectory_bridge/lib/python3.12/site-packages:/home/scott/mercer_garm_ws/install/g_arm_python_examples/lib/python3.12/site-packages:/home/scott/mercer_garm_ws/install/g_arm_msgs/lib/python3.12/site-packages:/home/scott/mercer_garm_ws/install/g-arm_simulation/lib/python3.12/site-packages:/home/scott/mercer_garm_ws/install/g_arm/lib/python3.12/site-packages:/home/scott/ros2_ws/install/pymoveit2/lib/python3.12/site-packages:/home/scott/ros2_ws/install/moveit_task_constructor_msgs/lib/python3.12/site-packages:/home/scott/ros2_ws/install/joy_js_pkg/lib/python3.12/site-packages:/home/scott/ros2_ws/install/garm_motion_planning_demos/lib/python3.12/site-packages:/home/scott/ros2_ws/install/g_arm_trajectory_bridge/lib/python3.12/site-packages:/home/scott/ros2_ws/install/g_arm_python_examples/lib/python3.12/site-packages:/home/scott/ros2_ws/install/g-arm_simulation/lib/python3.12/site-packages:/home/scott/ros2_ws/install/g_arm/lib/python3.12/site-packages:/home/scott/ws_moveit/install/moveit_task_constructor_core/lib/python3.12/site-packages:/home/scott/ws_moveit/install/moveit_task_constructor_msgs/lib/python3.12/site-packages:/home/scott/ws_moveit/install/moveit_py/lib/python3.12/site-packages:/home/scott/ws_moveit/install/moveit_msgs/lib/python3.12/site-packages:/home/scott/ws_moveit/install/moveit_configs_utils/lib/python3.12/site-packages:/opt/ros/jazzy/lib/python3.12/site-packages VIRTUAL_ENV_PROMPT=(ros2_venv) /snap/bin/cmake --build /home/scott/mercer_garm/ros2/build/mercer_robot_commander_cpp -- -j4 -l4
[5.015s] DEBUG:colcon.colcon_core.event_handler.log_command:Invoking command in '/home/scott/mercer_garm/ros2/src/g_arm_trajectory_bridge': DEBUGINFOD_URLS=https://debuginfod.ubuntu.com PS1=(ros2_venv) \[\e]0;\u@\h: \w\a\]${debian_chroot:+($debian_chroot)}\[\033[01;32m\]\u@\h\[\033[00m\]:\[\033[01;34m\]\w\[\033[00m\]\$ PYTHONPATH=/home/scott/mercer_garm/ros2/build/g_arm_trajectory_bridge/prefix_override:/usr/lib/python3/dist-packages/colcon_core/task/python/colcon_distutils_commands:/home/scott/mercer_garm/ros2/install/g_arm_trajectory_bridge/lib/python3.12/site-packages:${PYTHONPATH} VIRTUAL_ENV_PROMPT=(ros2_venv) /usr/bin/python3 -W ignore:setup.py install is deprecated -W ignore:easy_install command is deprecated setup.py egg_info --egg-base ../../build/g_arm_trajectory_bridge build --build-base /home/scott/mercer_garm/ros2/build/g_arm_trajectory_bridge/build install --record /home/scott/mercer_garm/ros2/build/g_arm_trajectory_bridge/install.log --single-version-externally-managed install_data
[5.197s] DEBUG:colcon.colcon_core.event_handler.log_command:Invoked command in '/home/scott/mercer_garm/ros2/build/mercer_robot_commander_cpp' returned '0': CMAKE_PREFIX_PATH=/home/scott/mercer_garm/ros2/install/g_arm_msgs:/home/scott/mercer_garm/ros2/install/pymoveit2:/home/scott/mercer_garm/ros2/install/pi_gpio_interface:/home/scott/mercer_garm/ros2/install/mercer_robot_commander_cpp:/home/scott/mercer_garm/ros2/install/mercer_g_arm_topic_hw:/home/scott/mercer_garm/ros2/install/g_arm_moveit2:/home/scott/mercer_garm/ros2/install/g_arm_description:/home/scott/mercer_garm/ros2/install/g-arm_demos:/home/scott/mercer_garm_ws/install/pymoveit2:/home/scott/mercer_garm_ws/install/pi_gpio_interface:/home/scott/mercer_garm_ws/install/mercer_robot_commander_cpp:/home/scott/mercer_garm_ws/install/mercer_g_arm_topic_hw:/home/scott/mercer_garm_ws/install/g_arm_msgs:/home/scott/mercer_garm_ws/install/g_arm_moveit2:/home/scott/mercer_garm_ws/install/g_arm_description:/home/scott/mercer_garm_ws/install/g-arm_demos:/home/scott/ros2_ws/install/rviz_marker_tools:/home/scott/ros2_ws/install/pymoveit2:/home/scott/ros2_ws/install/moveit_task_constructor_msgs:/home/scott/ros2_ws/install/g_arm_moveit2:/home/scott/ros2_ws/install/g_arm_description:/home/scott/ros2_ws/install/g-arm_demos:/home/scott/ws_moveit/install/robotiq_hardware_tests:/home/scott/ws_moveit/install/robotiq_driver:/home/scott/ws_moveit/install/serial:/home/scott/ws_moveit/install/moveit2_tutorials:/home/scott/ws_moveit/install/moveit_visual_tools:/home/scott/ws_moveit/install/rviz_visual_tools:/home/scott/ws_moveit/install/moveit_task_constructor_demo:/home/scott/ws_moveit/install/moveit_task_constructor_visualization:/home/scott/ws_moveit/install/moveit_task_constructor_capabilities:/home/scott/ws_moveit/install/moveit_task_constructor_core:/home/scott/ws_moveit/install/rviz_marker_tools:/home/scott/ws_moveit/install/kortex_bringup:/home/scott/ws_moveit/install/kinova_gen3_lite_moveit_config:/home/scott/ws_moveit/install/kinova_gen3_7dof_robotiq_2f_85_moveit_config:/home/scott/ws_moveit/install/kinova_gen3_6dof_robotiq_2f_85_moveit_config:/home/scott/ws_moveit/install/kortex_description:/home/scott/ws_moveit/install/robotiq_description:/home/scott/ws_moveit/install/robotiq_controllers:/home/scott/ws_moveit/install/pilz_industrial_motion_planner_testutils:/home/scott/ws_moveit/install/moveit_runtime:/home/scott/ws_moveit/install/moveit:/home/scott/ws_moveit/install/moveit_planners:/home/scott/ws_moveit/install/pilz_industrial_motion_planner:/home/scott/ws_moveit/install/moveit_task_constructor_msgs:/home/scott/ws_moveit/install/moveit_ros_control_interface:/home/scott/ws_moveit/install/moveit_plugins:/home/scott/ws_moveit/install/moveit_simple_controller_manager:/home/scott/ws_moveit/install/moveit_setup_assistant:/home/scott/ws_moveit/install/moveit_setup_srdf_plugins:/home/scott/ws_moveit/install/moveit_setup_core_plugins:/home/scott/ws_moveit/install/moveit_setup_controllers:/home/scott/ws_moveit/install/moveit_setup_app_plugins:/home/scott/ws_moveit/install/moveit_setup_framework:/home/scott/ws_moveit/install/moveit_servo:/home/scott/ws_moveit/install/moveit_ros_trajectory_cache:/home/scott/ws_moveit/install/moveit_ros:/home/scott/ws_moveit/install/moveit_ros_visualization:/home/scott/ws_moveit/install/moveit_py:/home/scott/ws_moveit/install/moveit_hybrid_planning:/home/scott/ws_moveit/install/hello_moveit:/home/scott/ws_moveit/install/moveit_ros_planning_interface:/home/scott/ws_moveit/install/moveit_ros_benchmarks:/home/scott/ws_moveit/install/moveit_ros_warehouse:/home/scott/ws_moveit/install/moveit_ros_robot_interaction:/home/scott/ws_moveit/install/moveit_ros_perception:/home/scott/ws_moveit/install/moveit_resources_prbt_pg70_support:/home/scott/ws_moveit/install/moveit_resources_prbt_moveit_config:/home/scott/ws_moveit/install/moveit_ros_move_group:/home/scott/ws_moveit/install/moveit_planners_ompl:/home/scott/ws_moveit/install/moveit_kinematics:/home/scott/ws_moveit/install/moveit_ros_planning:/home/scott/ws_moveit/install/moveit_ros_occupancy_map_monitor:/home/scott/ws_moveit/install/moveit_resources_prbt_support:/home/scott/ws_moveit/install/moveit_resources_prbt_ikfast_manipulator_plugin:/home/scott/ws_moveit/install/moveit_resources:/home/scott/ws_moveit/install/moveit_resources_pr2_description:/home/scott/ws_moveit/install/moveit_resources_panda_moveit_config:/home/scott/ws_moveit/install/dual_arm_panda_moveit_config:/home/scott/ws_moveit/install/moveit_resources_panda_description:/home/scott/ws_moveit/install/moveit_resources_fanuc_moveit_config:/home/scott/ws_moveit/install/moveit_resources_fanuc_description:/home/scott/ws_moveit/install/moveit_planners_stomp:/home/scott/ws_moveit/install/moveit_planners_chomp:/home/scott/ws_moveit/install/chomp_motion_planner:/home/scott/ws_moveit/install/moveit_core:/home/scott/ws_moveit/install/moveit_msgs:/home/scott/ws_moveit/install/moveit_common:/home/scott/ws_moveit/install/kortex_driver:/home/scott/ws_moveit/install/kortex_api:/opt/ros/jazzy/opt/gz_sim_vendor:/opt/ros/jazzy/opt/gz_sensors_vendor:/opt/ros/jazzy/opt/gz_physics_vendor:/opt/ros/jazzy/opt/sdformat_vendor:/opt/ros/jazzy/opt/gz_gui_vendor:/opt/ros/jazzy/opt/gz_transport_vendor:/opt/ros/jazzy/opt/gz_rendering_vendor:/opt/ros/jazzy/opt/gz_plugin_vendor:/opt/ros/jazzy/opt/gz_fuel_tools_vendor:/opt/ros/jazzy/opt/gz_msgs_vendor:/opt/ros/jazzy/opt/gz_common_vendor:/opt/ros/jazzy/opt/gz_math_vendor:/opt/ros/jazzy/opt/gz_utils_vendor:/opt/ros/jazzy/opt/gz_tools_vendor:/opt/ros/jazzy/opt/gz_ogre_next_vendor:/opt/ros/jazzy/opt/gz_dartsim_vendor:/opt/ros/jazzy/opt/gz_cmake_vendor:/home/scott/mercer_garm/ros2/install/mercer_robot_commander_py:/home/scott/mercer_garm/ros2/install/mercer_g_arm_desktop_bringup:/home/scott/mercer_garm/ros2/install/mercer_g_arm_sim:/home/scott/mercer_garm/ros2/install/mercer_g_arm_rpi_bringup:/home/scott/mercer_garm/ros2/install/mercer_g_arm:/home/scott/mercer_garm/ros2/install/mercer_g-arm_rpi_bringup:/home/scott/mercer_garm/ros2/install/mercer_g-arm_desktop_bringup:/home/scott/mercer_garm/ros2/install/joy_js_pkg:/home/scott/mercer_garm/ros2/install/garm_motion_planning_demos:/home/scott/mercer_garm/ros2/install/g_arm_trajectory_bridge:/home/scott/mercer_garm/ros2/install/g_arm_python_examples:/home/scott/mercer_garm/ros2/install/g-arm_simulation:/home/scott/mercer_garm/ros2/install/g_arm:/home/scott/mercer_garm_ws/install/mercer_g_arm_desktop_bringup:/home/scott/mercer_garm_ws/install/mercer_robot_commander_py:/home/scott/mercer_garm_ws/install/mercer_g_arm_sim:/home/scott/mercer_garm_ws/install/mercer_g_arm_rpi_bringup:/home/scott/mercer_garm_ws/install/mercer_g_arm:/home/scott/mercer_garm_ws/install/mercer_g-arm_rpi_bringup:/home/scott/mercer_garm_ws/install/mercer_g-arm_desktop_bringup:/home/scott/mercer_garm_ws/install/joy_js_pkg:/home/scott/mercer_garm_ws/install/garm_motion_planning_demos:/home/scott/mercer_garm_ws/install/g_arm_trajectory_bridge:/home/scott/mercer_garm_ws/install/g_arm_python_examples:/home/scott/mercer_garm_ws/install/g-arm_simulation:/home/scott/mercer_garm_ws/install/g_arm:/home/scott/ros2_ws/install/joy_js_pkg:/home/scott/ros2_ws/install/garm_motion_planning_demos:/home/scott/ros2_ws/install/g_arm_trajectory_bridge:/home/scott/ros2_ws/install/g_arm_python_examples:/home/scott/ros2_ws/install/g-arm_simulation:/home/scott/ros2_ws/install/g_arm:/home/scott/ws_moveit/install/moveit_configs_utils:/opt/ros/jazzy DEBUGINFOD_URLS=https://debuginfod.ubuntu.com LD_LIBRARY_PATH=/home/scott/mercer_garm/ros2/install/g_arm_msgs/lib:/home/scott/mercer_garm/ros2/install/pi_gpio_interface/lib:/home/scott/mercer_garm/ros2/install/mercer_g_arm_topic_hw/lib:/home/scott/mercer_garm_ws/install/pi_gpio_interface/lib:/home/scott/mercer_garm_ws/install/mercer_g_arm_topic_hw/lib:/home/scott/mercer_garm_ws/install/g_arm_msgs/lib:/home/scott/ros2_ws/install/rviz_marker_tools/lib:/home/scott/ros2_ws/install/moveit_task_constructor_msgs/lib:/home/scott/ws_moveit/install/robotiq_driver/lib:/home/scott/ws_moveit/install/serial/lib:/home/scott/ws_moveit/install/moveit_visual_tools/lib:/home/scott/ws_moveit/install/rviz_visual_tools/lib:/home/scott/ws_moveit/install/moveit_task_constructor_demo/lib:/home/scott/ws_moveit/install/moveit_task_constructor_visualization/lib:/home/scott/ws_moveit/install/moveit_task_constructor_capabilities/lib:/home/scott/ws_moveit/install/moveit_task_constructor_core/lib:/home/scott/ws_moveit/install/rviz_marker_tools/lib:/home/scott/ws_moveit/install/robotiq_controllers/lib:/home/scott/ws_moveit/install/pilz_industrial_motion_planner_testutils/lib:/home/scott/ws_moveit/install/pilz_industrial_motion_planner/lib:/home/scott/ws_moveit/install/moveit_task_constructor_msgs/lib:/home/scott/ws_moveit/install/moveit_ros_control_interface/lib:/home/scott/ws_moveit/install/moveit_simple_controller_manager/lib:/home/scott/ws_moveit/install/moveit_setup_assistant/lib:/home/scott/ws_moveit/install/moveit_setup_srdf_plugins/lib:/home/scott/ws_moveit/install/moveit_setup_core_plugins/lib:/home/scott/ws_moveit/install/moveit_setup_controllers/lib:/home/scott/ws_moveit/install/moveit_setup_app_plugins/lib:/home/scott/ws_moveit/install/moveit_setup_framework/lib:/home/scott/ws_moveit/install/moveit_servo/lib:/home/scott/ws_moveit/install/moveit_ros_trajectory_cache/lib:/home/scott/ws_moveit/install/moveit_ros_visualization/lib:/home/scott/ws_moveit/install/moveit_py/lib:/home/scott/ws_moveit/install/moveit_hybrid_planning/lib:/home/scott/ws_moveit/install/moveit_ros_planning_interface/lib:/home/scott/ws_moveit/install/moveit_ros_benchmarks/lib:/home/scott/ws_moveit/install/moveit_ros_warehouse/lib:/home/scott/ws_moveit/install/moveit_ros_robot_interaction/lib:/home/scott/ws_moveit/install/moveit_ros_perception/lib:/home/scott/ws_moveit/install/moveit_ros_move_group/lib:/home/scott/ws_moveit/install/moveit_planners_ompl/lib:/home/scott/ws_moveit/install/moveit_kinematics/lib:/home/scott/ws_moveit/install/moveit_ros_planning/lib:/home/scott/ws_moveit/install/moveit_ros_occupancy_map_monitor/lib:/home/scott/ws_moveit/install/moveit_resources_prbt_ikfast_manipulator_plugin/lib:/home/scott/ws_moveit/install/moveit_planners_stomp/lib:/home/scott/ws_moveit/install/moveit_planners_chomp/lib:/home/scott/ws_moveit/install/chomp_motion_planner/lib:/home/scott/ws_moveit/install/moveit_core/lib:/home/scott/ws_moveit/install/moveit_msgs/lib:/home/scott/ws_moveit/install/kortex_driver/lib:/opt/ros/jazzy/opt/gz_sim_vendor/lib:/opt/ros/jazzy/opt/gz_sensors_vendor/lib:/opt/ros/jazzy/opt/gz_physics_vendor/lib:/opt/ros/jazzy/opt/sdformat_vendor/lib:/opt/ros/jazzy/opt/rviz_ogre_vendor/lib:/opt/ros/jazzy/lib/x86_64-linux-gnu:/opt/ros/jazzy/opt/gz_gui_vendor/lib:/opt/ros/jazzy/opt/gz_transport_vendor/lib:/opt/ros/jazzy/opt/gz_rendering_vendor/lib:/opt/ros/jazzy/opt/gz_plugin_vendor/lib:/opt/ros/jazzy/opt/gz_fuel_tools_vendor/lib:/opt/ros/jazzy/opt/gz_msgs_vendor/lib:/opt/ros/jazzy/opt/gz_common_vendor/lib:/opt/ros/jazzy/opt/gz_math_vendor/lib:/opt/ros/jazzy/opt/gz_utils_vendor/lib:/opt/ros/jazzy/opt/gz_tools_vendor/lib:/opt/ros/jazzy/opt/gz_ogre_next_vendor/lib:/opt/ros/jazzy/opt/gz_dartsim_vendor/lib:/opt/ros/jazzy/opt/gz_cmake_vendor/lib:/opt/ros/jazzy/lib PS1=(ros2_venv) \[\e]0;\u@\h: \w\a\]${debian_chroot:+($debian_chroot)}\[\033[01;32m\]\u@\h\[\033[00m\]:\[\033[01;34m\]\w\[\033[00m\]\$ PYTHONPATH=/home/scott/mercer_garm/ros2/install/g_arm_msgs/lib/python3.12/site-packages:/home/scott/mercer_garm/ros2/install/pymoveit2/lib/python3.12/site-packages:/home/scott/mercer_garm/ros2/install/pi_gpio_interface/lib/python3.12/site-packages:/home/scott/mercer_garm/ros2/install/mercer_robot_commander_py/lib/python3.12/site-packages:/home/scott/mercer_garm/ros2/install/mercer_g_arm_desktop_bringup/lib/python3.12/site-packages:/home/scott/mercer_garm/ros2/install/mercer_g_arm_sim/lib/python3.12/site-packages:/home/scott/mercer_garm/ros2/install/mercer_g_arm_rpi_bringup/lib/python3.12/site-packages:/home/scott/mercer_garm/ros2/install/mercer_g_arm/lib/python3.12/site-packages:/home/scott/mercer_garm/ros2/install/mercer_g-arm_rpi_bringup/lib/python3.12/site-packages:/home/scott/mercer_garm/ros2/install/mercer_g-arm_desktop_bringup/lib/python3.12/site-packages:/home/scott/mercer_garm/ros2/install/joy_js_pkg/lib/python3.12/site-packages:/home/scott/mercer_garm/ros2/install/garm_motion_planning_demos/lib/python3.12/site-packages:/home/scott/mercer_garm/ros2/install/g_arm_trajectory_bridge/lib/python3.12/site-packages:/home/scott/mercer_garm/ros2/install/g_arm_python_examples/lib/python3.12/site-packages:/home/scott/mercer_garm/ros2/install/g-arm_simulation/lib/python3.12/site-packages:/home/scott/mercer_garm/ros2/install/g_arm/lib/python3.12/site-packages:/home/scott/mercer_garm_ws/install/mercer_g_arm_desktop_bringup/lib/python3.12/site-packages:/home/scott/mercer_garm_ws/install/pymoveit2/lib/python3.12/site-packages:/home/scott/mercer_garm_ws/install/pi_gpio_interface/lib/python3.12/site-packages:/home/scott/mercer_garm_ws/install/mercer_robot_commander_py/lib/python3.12/site-packages:/home/scott/mercer_garm_ws/install/mercer_g_arm_sim/lib/python3.12/site-packages:/home/scott/mercer_garm_ws/install/mercer_g_arm_rpi_bringup/lib/python3.12/site-packages:/home/scott/mercer_garm_ws/install/mercer_g_arm/lib/python3.12/site-packages:/home/scott/mercer_garm_ws/install/mercer_g-arm_rpi_bringup/lib/python3.12/site-packages:/home/scott/mercer_garm_ws/install/mercer_g-arm_desktop_bringup/lib/python3.12/site-packages:/home/scott/mercer_garm_ws/install/joy_js_pkg/lib/python3.12/site-packages:/home/scott/mercer_garm_ws/install/garm_motion_planning_demos/lib/python3.12/site-packages:/home/scott/mercer_garm_ws/install/g_arm_trajectory_bridge/lib/python3.12/site-packages:/home/scott/mercer_garm_ws/install/g_arm_python_examples/lib/python3.12/site-packages:/home/scott/mercer_garm_ws/install/g_arm_msgs/lib/python3.12/site-packages:/home/scott/mercer_garm_ws/install/g-arm_simulation/lib/python3.12/site-packages:/home/scott/mercer_garm_ws/install/g_arm/lib/python3.12/site-packages:/home/scott/ros2_ws/install/pymoveit2/lib/python3.12/site-packages:/home/scott/ros2_ws/install/moveit_task_constructor_msgs/lib/python3.12/site-packages:/home/scott/ros2_ws/install/joy_js_pkg/lib/python3.12/site-packages:/home/scott/ros2_ws/install/garm_motion_planning_demos/lib/python3.12/site-packages:/home/scott/ros2_ws/install/g_arm_trajectory_bridge/lib/python3.12/site-packages:/home/scott/ros2_ws/install/g_arm_python_examples/lib/python3.12/site-packages:/home/scott/ros2_ws/install/g-arm_simulation/lib/python3.12/site-packages:/home/scott/ros2_ws/install/g_arm/lib/python3.12/site-packages:/home/scott/ws_moveit/install/moveit_task_constructor_core/lib/python3.12/site-packages:/home/scott/ws_moveit/install/moveit_task_constructor_msgs/lib/python3.12/site-packages:/home/scott/ws_moveit/install/moveit_py/lib/python3.12/site-packages:/home/scott/ws_moveit/install/moveit_msgs/lib/python3.12/site-packages:/home/scott/ws_moveit/install/moveit_configs_utils/lib/python3.12/site-packages:/opt/ros/jazzy/lib/python3.12/site-packages VIRTUAL_ENV_PROMPT=(ros2_venv) /snap/bin/cmake --build /home/scott/mercer_garm/ros2/build/mercer_robot_commander_cpp -- -j4 -l4
[5.201s] DEBUG:colcon.colcon_core.event_handler.log_command:Invoking command in '/home/scott/mercer_garm/ros2/build/mercer_robot_commander_cpp': CMAKE_PREFIX_PATH=/home/scott/mercer_garm/ros2/install/g_arm_msgs:/home/scott/mercer_garm/ros2/install/pymoveit2:/home/scott/mercer_garm/ros2/install/pi_gpio_interface:/home/scott/mercer_garm/ros2/install/mercer_robot_commander_cpp:/home/scott/mercer_garm/ros2/install/mercer_g_arm_topic_hw:/home/scott/mercer_garm/ros2/install/g_arm_moveit2:/home/scott/mercer_garm/ros2/install/g_arm_description:/home/scott/mercer_garm/ros2/install/g-arm_demos:/home/scott/mercer_garm_ws/install/pymoveit2:/home/scott/mercer_garm_ws/install/pi_gpio_interface:/home/scott/mercer_garm_ws/install/mercer_robot_commander_cpp:/home/scott/mercer_garm_ws/install/mercer_g_arm_topic_hw:/home/scott/mercer_garm_ws/install/g_arm_msgs:/home/scott/mercer_garm_ws/install/g_arm_moveit2:/home/scott/mercer_garm_ws/install/g_arm_description:/home/scott/mercer_garm_ws/install/g-arm_demos:/home/scott/ros2_ws/install/rviz_marker_tools:/home/scott/ros2_ws/install/pymoveit2:/home/scott/ros2_ws/install/moveit_task_constructor_msgs:/home/scott/ros2_ws/install/g_arm_moveit2:/home/scott/ros2_ws/install/g_arm_description:/home/scott/ros2_ws/install/g-arm_demos:/home/scott/ws_moveit/install/robotiq_hardware_tests:/home/scott/ws_moveit/install/robotiq_driver:/home/scott/ws_moveit/install/serial:/home/scott/ws_moveit/install/moveit2_tutorials:/home/scott/ws_moveit/install/moveit_visual_tools:/home/scott/ws_moveit/install/rviz_visual_tools:/home/scott/ws_moveit/install/moveit_task_constructor_demo:/home/scott/ws_moveit/install/moveit_task_constructor_visualization:/home/scott/ws_moveit/install/moveit_task_constructor_capabilities:/home/scott/ws_moveit/install/moveit_task_constructor_core:/home/scott/ws_moveit/install/rviz_marker_tools:/home/scott/ws_moveit/install/kortex_bringup:/home/scott/ws_moveit/install/kinova_gen3_lite_moveit_config:/home/scott/ws_moveit/install/kinova_gen3_7dof_robotiq_2f_85_moveit_config:/home/scott/ws_moveit/install/kinova_gen3_6dof_robotiq_2f_85_moveit_config:/home/scott/ws_moveit/install/kortex_description:/home/scott/ws_moveit/install/robotiq_description:/home/scott/ws_moveit/install/robotiq_controllers:/home/scott/ws_moveit/install/pilz_industrial_motion_planner_testutils:/home/scott/ws_moveit/install/moveit_runtime:/home/scott/ws_moveit/install/moveit:/home/scott/ws_moveit/install/moveit_planners:/home/scott/ws_moveit/install/pilz_industrial_motion_planner:/home/scott/ws_moveit/install/moveit_task_constructor_msgs:/home/scott/ws_moveit/install/moveit_ros_control_interface:/home/scott/ws_moveit/install/moveit_plugins:/home/scott/ws_moveit/install/moveit_simple_controller_manager:/home/scott/ws_moveit/install/moveit_setup_assistant:/home/scott/ws_moveit/install/moveit_setup_srdf_plugins:/home/scott/ws_moveit/install/moveit_setup_core_plugins:/home/scott/ws_moveit/install/moveit_setup_controllers:/home/scott/ws_moveit/install/moveit_setup_app_plugins:/home/scott/ws_moveit/install/moveit_setup_framework:/home/scott/ws_moveit/install/moveit_servo:/home/scott/ws_moveit/install/moveit_ros_trajectory_cache:/home/scott/ws_moveit/install/moveit_ros:/home/scott/ws_moveit/install/moveit_ros_visualization:/home/scott/ws_moveit/install/moveit_py:/home/scott/ws_moveit/install/moveit_hybrid_planning:/home/scott/ws_moveit/install/hello_moveit:/home/scott/ws_moveit/install/moveit_ros_planning_interface:/home/scott/ws_moveit/install/moveit_ros_benchmarks:/home/scott/ws_moveit/install/moveit_ros_warehouse:/home/scott/ws_moveit/install/moveit_ros_robot_interaction:/home/scott/ws_moveit/install/moveit_ros_perception:/home/scott/ws_moveit/install/moveit_resources_prbt_pg70_support:/home/scott/ws_moveit/install/moveit_resources_prbt_moveit_config:/home/scott/ws_moveit/install/moveit_ros_move_group:/home/scott/ws_moveit/install/moveit_planners_ompl:/home/scott/ws_moveit/install/moveit_kinematics:/home/scott/ws_moveit/install/moveit_ros_planning:/home/scott/ws_moveit/install/moveit_ros_occupancy_map_monitor:/home/scott/ws_moveit/install/moveit_resources_prbt_support:/home/scott/ws_moveit/install/moveit_resources_prbt_ikfast_manipulator_plugin:/home/scott/ws_moveit/install/moveit_resources:/home/scott/ws_moveit/install/moveit_resources_pr2_description:/home/scott/ws_moveit/install/moveit_resources_panda_moveit_config:/home/scott/ws_moveit/install/dual_arm_panda_moveit_config:/home/scott/ws_moveit/install/moveit_resources_panda_description:/home/scott/ws_moveit/install/moveit_resources_fanuc_moveit_config:/home/scott/ws_moveit/install/moveit_resources_fanuc_description:/home/scott/ws_moveit/install/moveit_planners_stomp:/home/scott/ws_moveit/install/moveit_planners_chomp:/home/scott/ws_moveit/install/chomp_motion_planner:/home/scott/ws_moveit/install/moveit_core:/home/scott/ws_moveit/install/moveit_msgs:/home/scott/ws_moveit/install/moveit_common:/home/scott/ws_moveit/install/kortex_driver:/home/scott/ws_moveit/install/kortex_api:/opt/ros/jazzy/opt/gz_sim_vendor:/opt/ros/jazzy/opt/gz_sensors_vendor:/opt/ros/jazzy/opt/gz_physics_vendor:/opt/ros/jazzy/opt/sdformat_vendor:/opt/ros/jazzy/opt/gz_gui_vendor:/opt/ros/jazzy/opt/gz_transport_vendor:/opt/ros/jazzy/opt/gz_rendering_vendor:/opt/ros/jazzy/opt/gz_plugin_vendor:/opt/ros/jazzy/opt/gz_fuel_tools_vendor:/opt/ros/jazzy/opt/gz_msgs_vendor:/opt/ros/jazzy/opt/gz_common_vendor:/opt/ros/jazzy/opt/gz_math_vendor:/opt/ros/jazzy/opt/gz_utils_vendor:/opt/ros/jazzy/opt/gz_tools_vendor:/opt/ros/jazzy/opt/gz_ogre_next_vendor:/opt/ros/jazzy/opt/gz_dartsim_vendor:/opt/ros/jazzy/opt/gz_cmake_vendor:/home/scott/mercer_garm/ros2/install/mercer_robot_commander_py:/home/scott/mercer_garm/ros2/install/mercer_g_arm_desktop_bringup:/home/scott/mercer_garm/ros2/install/mercer_g_arm_sim:/home/scott/mercer_garm/ros2/install/mercer_g_arm_rpi_bringup:/home/scott/mercer_garm/ros2/install/mercer_g_arm:/home/scott/mercer_garm/ros2/install/mercer_g-arm_rpi_bringup:/home/scott/mercer_garm/ros2/install/mercer_g-arm_desktop_bringup:/home/scott/mercer_garm/ros2/install/joy_js_pkg:/home/scott/mercer_garm/ros2/install/garm_motion_planning_demos:/home/scott/mercer_garm/ros2/install/g_arm_trajectory_bridge:/home/scott/mercer_garm/ros2/install/g_arm_python_examples:/home/scott/mercer_garm/ros2/install/g-arm_simulation:/home/scott/mercer_garm/ros2/install/g_arm:/home/scott/mercer_garm_ws/install/mercer_g_arm_desktop_bringup:/home/scott/mercer_garm_ws/install/mercer_robot_commander_py:/home/scott/mercer_garm_ws/install/mercer_g_arm_sim:/home/scott/mercer_garm_ws/install/mercer_g_arm_rpi_bringup:/home/scott/mercer_garm_ws/install/mercer_g_arm:/home/scott/mercer_garm_ws/install/mercer_g-arm_rpi_bringup:/home/scott/mercer_garm_ws/install/mercer_g-arm_desktop_bringup:/home/scott/mercer_garm_ws/install/joy_js_pkg:/home/scott/mercer_garm_ws/install/garm_motion_planning_demos:/home/scott/mercer_garm_ws/install/g_arm_trajectory_bridge:/home/scott/mercer_garm_ws/install/g_arm_python_examples:/home/scott/mercer_garm_ws/install/g-arm_simulation:/home/scott/mercer_garm_ws/install/g_arm:/home/scott/ros2_ws/install/joy_js_pkg:/home/scott/ros2_ws/install/garm_motion_planning_demos:/home/scott/ros2_ws/install/g_arm_trajectory_bridge:/home/scott/ros2_ws/install/g_arm_python_examples:/home/scott/ros2_ws/install/g-arm_simulation:/home/scott/ros2_ws/install/g_arm:/home/scott/ws_moveit/install/moveit_configs_utils:/opt/ros/jazzy DEBUGINFOD_URLS=https://debuginfod.ubuntu.com LD_LIBRARY_PATH=/home/scott/mercer_garm/ros2/install/g_arm_msgs/lib:/home/scott/mercer_garm/ros2/install/pi_gpio_interface/lib:/home/scott/mercer_garm/ros2/install/mercer_g_arm_topic_hw/lib:/home/scott/mercer_garm_ws/install/pi_gpio_interface/lib:/home/scott/mercer_garm_ws/install/mercer_g_arm_topic_hw/lib:/home/scott/mercer_garm_ws/install/g_arm_msgs/lib:/home/scott/ros2_ws/install/rviz_marker_tools/lib:/home/scott/ros2_ws/install/moveit_task_constructor_msgs/lib:/home/scott/ws_moveit/install/robotiq_driver/lib:/home/scott/ws_moveit/install/serial/lib:/home/scott/ws_moveit/install/moveit_visual_tools/lib:/home/scott/ws_moveit/install/rviz_visual_tools/lib:/home/scott/ws_moveit/install/moveit_task_constructor_demo/lib:/home/scott/ws_moveit/install/moveit_task_constructor_visualization/lib:/home/scott/ws_moveit/install/moveit_task_constructor_capabilities/lib:/home/scott/ws_moveit/install/moveit_task_constructor_core/lib:/home/scott/ws_moveit/install/rviz_marker_tools/lib:/home/scott/ws_moveit/install/robotiq_controllers/lib:/home/scott/ws_moveit/install/pilz_industrial_motion_planner_testutils/lib:/home/scott/ws_moveit/install/pilz_industrial_motion_planner/lib:/home/scott/ws_moveit/install/moveit_task_constructor_msgs/lib:/home/scott/ws_moveit/install/moveit_ros_control_interface/lib:/home/scott/ws_moveit/install/moveit_simple_controller_manager/lib:/home/scott/ws_moveit/install/moveit_setup_assistant/lib:/home/scott/ws_moveit/install/moveit_setup_srdf_plugins/lib:/home/scott/ws_moveit/install/moveit_setup_core_plugins/lib:/home/scott/ws_moveit/install/moveit_setup_controllers/lib:/home/scott/ws_moveit/install/moveit_setup_app_plugins/lib:/home/scott/ws_moveit/install/moveit_setup_framework/lib:/home/scott/ws_moveit/install/moveit_servo/lib:/home/scott/ws_moveit/install/moveit_ros_trajectory_cache/lib:/home/scott/ws_moveit/install/moveit_ros_visualization/lib:/home/scott/ws_moveit/install/moveit_py/lib:/home/scott/ws_moveit/install/moveit_hybrid_planning/lib:/home/scott/ws_moveit/install/moveit_ros_planning_interface/lib:/home/scott/ws_moveit/install/moveit_ros_benchmarks/lib:/home/scott/ws_moveit/install/moveit_ros_warehouse/lib:/home/scott/ws_moveit/install/moveit_ros_robot_interaction/lib:/home/scott/ws_moveit/install/moveit_ros_perception/lib:/home/scott/ws_moveit/install/moveit_ros_move_group/lib:/home/scott/ws_moveit/install/moveit_planners_ompl/lib:/home/scott/ws_moveit/install/moveit_kinematics/lib:/home/scott/ws_moveit/install/moveit_ros_planning/lib:/home/scott/ws_moveit/install/moveit_ros_occupancy_map_monitor/lib:/home/scott/ws_moveit/install/moveit_resources_prbt_ikfast_manipulator_plugin/lib:/home/scott/ws_moveit/install/moveit_planners_stomp/lib:/home/scott/ws_moveit/install/moveit_planners_chomp/lib:/home/scott/ws_moveit/install/chomp_motion_planner/lib:/home/scott/ws_moveit/install/moveit_core/lib:/home/scott/ws_moveit/install/moveit_msgs/lib:/home/scott/ws_moveit/install/kortex_driver/lib:/opt/ros/jazzy/opt/gz_sim_vendor/lib:/opt/ros/jazzy/opt/gz_sensors_vendor/lib:/opt/ros/jazzy/opt/gz_physics_vendor/lib:/opt/ros/jazzy/opt/sdformat_vendor/lib:/opt/ros/jazzy/opt/rviz_ogre_vendor/lib:/opt/ros/jazzy/lib/x86_64-linux-gnu:/opt/ros/jazzy/opt/gz_gui_vendor/lib:/opt/ros/jazzy/opt/gz_transport_vendor/lib:/opt/ros/jazzy/opt/gz_rendering_vendor/lib:/opt/ros/jazzy/opt/gz_plugin_vendor/lib:/opt/ros/jazzy/opt/gz_fuel_tools_vendor/lib:/opt/ros/jazzy/opt/gz_msgs_vendor/lib:/opt/ros/jazzy/opt/gz_common_vendor/lib:/opt/ros/jazzy/opt/gz_math_vendor/lib:/opt/ros/jazzy/opt/gz_utils_vendor/lib:/opt/ros/jazzy/opt/gz_tools_vendor/lib:/opt/ros/jazzy/opt/gz_ogre_next_vendor/lib:/opt/ros/jazzy/opt/gz_dartsim_vendor/lib:/opt/ros/jazzy/opt/gz_cmake_vendor/lib:/opt/ros/jazzy/lib PS1=(ros2_venv) \[\e]0;\u@\h: \w\a\]${debian_chroot:+($debian_chroot)}\[\033[01;32m\]\u@\h\[\033[00m\]:\[\033[01;34m\]\w\[\033[00m\]\$ PYTHONPATH=/home/scott/mercer_garm/ros2/install/g_arm_msgs/lib/python3.12/site-packages:/home/scott/mercer_garm/ros2/install/pymoveit2/lib/python3.12/site-packages:/home/scott/mercer_garm/ros2/install/pi_gpio_interface/lib/python3.12/site-packages:/home/scott/mercer_garm/ros2/install/mercer_robot_commander_py/lib/python3.12/site-packages:/home/scott/mercer_garm/ros2/install/mercer_g_arm_desktop_bringup/lib/python3.12/site-packages:/home/scott/mercer_garm/ros2/install/mercer_g_arm_sim/lib/python3.12/site-packages:/home/scott/mercer_garm/ros2/install/mercer_g_arm_rpi_bringup/lib/python3.12/site-packages:/home/scott/mercer_garm/ros2/install/mercer_g_arm/lib/python3.12/site-packages:/home/scott/mercer_garm/ros2/install/mercer_g-arm_rpi_bringup/lib/python3.12/site-packages:/home/scott/mercer_garm/ros2/install/mercer_g-arm_desktop_bringup/lib/python3.12/site-packages:/home/scott/mercer_garm/ros2/install/joy_js_pkg/lib/python3.12/site-packages:/home/scott/mercer_garm/ros2/install/garm_motion_planning_demos/lib/python3.12/site-packages:/home/scott/mercer_garm/ros2/install/g_arm_trajectory_bridge/lib/python3.12/site-packages:/home/scott/mercer_garm/ros2/install/g_arm_python_examples/lib/python3.12/site-packages:/home/scott/mercer_garm/ros2/install/g-arm_simulation/lib/python3.12/site-packages:/home/scott/mercer_garm/ros2/install/g_arm/lib/python3.12/site-packages:/home/scott/mercer_garm_ws/install/mercer_g_arm_desktop_bringup/lib/python3.12/site-packages:/home/scott/mercer_garm_ws/install/pymoveit2/lib/python3.12/site-packages:/home/scott/mercer_garm_ws/install/pi_gpio_interface/lib/python3.12/site-packages:/home/scott/mercer_garm_ws/install/mercer_robot_commander_py/lib/python3.12/site-packages:/home/scott/mercer_garm_ws/install/mercer_g_arm_sim/lib/python3.12/site-packages:/home/scott/mercer_garm_ws/install/mercer_g_arm_rpi_bringup/lib/python3.12/site-packages:/home/scott/mercer_garm_ws/install/mercer_g_arm/lib/python3.12/site-packages:/home/scott/mercer_garm_ws/install/mercer_g-arm_rpi_bringup/lib/python3.12/site-packages:/home/scott/mercer_garm_ws/install/mercer_g-arm_desktop_bringup/lib/python3.12/site-packages:/home/scott/mercer_garm_ws/install/joy_js_pkg/lib/python3.12/site-packages:/home/scott/mercer_garm_ws/install/garm_motion_planning_demos/lib/python3.12/site-packages:/home/scott/mercer_garm_ws/install/g_arm_trajectory_bridge/lib/python3.12/site-packages:/home/scott/mercer_garm_ws/install/g_arm_python_examples/lib/python3.12/site-packages:/home/scott/mercer_garm_ws/install/g_arm_msgs/lib/python3.12/site-packages:/home/scott/mercer_garm_ws/install/g-arm_simulation/lib/python3.12/site-packages:/home/scott/mercer_garm_ws/install/g_arm/lib/python3.12/site-packages:/home/scott/ros2_ws/install/pymoveit2/lib/python3.12/site-packages:/home/scott/ros2_ws/install/moveit_task_constructor_msgs/lib/python3.12/site-packages:/home/scott/ros2_ws/install/joy_js_pkg/lib/python3.12/site-packages:/home/scott/ros2_ws/install/garm_motion_planning_demos/lib/python3.12/site-packages:/home/scott/ros2_ws/install/g_arm_trajectory_bridge/lib/python3.12/site-packages:/home/scott/ros2_ws/install/g_arm_python_examples/lib/python3.12/site-packages:/home/scott/ros2_ws/install/g-arm_simulation/lib/python3.12/site-packages:/home/scott/ros2_ws/install/g_arm/lib/python3.12/site-packages:/home/scott/ws_moveit/install/moveit_task_constructor_core/lib/python3.12/site-packages:/home/scott/ws_moveit/install/moveit_task_constructor_msgs/lib/python3.12/site-packages:/home/scott/ws_moveit/install/moveit_py/lib/python3.12/site-packages:/home/scott/ws_moveit/install/moveit_msgs/lib/python3.12/site-packages:/home/scott/ws_moveit/install/moveit_configs_utils/lib/python3.12/site-packages:/opt/ros/jazzy/lib/python3.12/site-packages VIRTUAL_ENV_PROMPT=(ros2_venv) /snap/bin/cmake --install /home/scott/mercer_garm/ros2/build/mercer_robot_commander_cpp
[5.213s] DEBUG:colcon.colcon_core.event_handler.log_command:Invoking command in '/home/scott/mercer_garm/ros2/src/garm_motion_planning_demos': DEBUGINFOD_URLS=https://debuginfod.ubuntu.com PS1=(ros2_venv) \[\e]0;\u@\h: \w\a\]${debian_chroot:+($debian_chroot)}\[\033[01;32m\]\u@\h\[\033[00m\]:\[\033[01;34m\]\w\[\033[00m\]\$ PYTHONPATH=/home/scott/mercer_garm/ros2/build/garm_motion_planning_demos/prefix_override:/usr/lib/python3/dist-packages/colcon_core/task/python/colcon_distutils_commands:/home/scott/mercer_garm/ros2/install/garm_motion_planning_demos/lib/python3.12/site-packages:${PYTHONPATH} VIRTUAL_ENV_PROMPT=(ros2_venv) /usr/bin/python3 -W ignore:setup.py install is deprecated -W ignore:easy_install command is deprecated setup.py egg_info --egg-base ../../build/garm_motion_planning_demos build --build-base /home/scott/mercer_garm/ros2/build/garm_motion_planning_demos/build install --record /home/scott/mercer_garm/ros2/build/garm_motion_planning_demos/install.log --single-version-externally-managed install_data
[5.284s] Level 1:colcon.colcon_core.environment:create_environment_scripts_only(mercer_robot_commander_cpp)
[5.285s] Level 1:colcon.colcon_core.environment:checking '/home/scott/mercer_garm/ros2/install/mercer_robot_commander_cpp' for CMake module files
[5.285s] DEBUG:colcon.colcon_core.event_handler.log_command:Invoked command in '/home/scott/mercer_garm/ros2/build/mercer_robot_commander_cpp' returned '0': CMAKE_PREFIX_PATH=/home/scott/mercer_garm/ros2/install/g_arm_msgs:/home/scott/mercer_garm/ros2/install/pymoveit2:/home/scott/mercer_garm/ros2/install/pi_gpio_interface:/home/scott/mercer_garm/ros2/install/mercer_robot_commander_cpp:/home/scott/mercer_garm/ros2/install/mercer_g_arm_topic_hw:/home/scott/mercer_garm/ros2/install/g_arm_moveit2:/home/scott/mercer_garm/ros2/install/g_arm_description:/home/scott/mercer_garm/ros2/install/g-arm_demos:/home/scott/mercer_garm_ws/install/pymoveit2:/home/scott/mercer_garm_ws/install/pi_gpio_interface:/home/scott/mercer_garm_ws/install/mercer_robot_commander_cpp:/home/scott/mercer_garm_ws/install/mercer_g_arm_topic_hw:/home/scott/mercer_garm_ws/install/g_arm_msgs:/home/scott/mercer_garm_ws/install/g_arm_moveit2:/home/scott/mercer_garm_ws/install/g_arm_description:/home/scott/mercer_garm_ws/install/g-arm_demos:/home/scott/ros2_ws/install/rviz_marker_tools:/home/scott/ros2_ws/install/pymoveit2:/home/scott/ros2_ws/install/moveit_task_constructor_msgs:/home/scott/ros2_ws/install/g_arm_moveit2:/home/scott/ros2_ws/install/g_arm_description:/home/scott/ros2_ws/install/g-arm_demos:/home/scott/ws_moveit/install/robotiq_hardware_tests:/home/scott/ws_moveit/install/robotiq_driver:/home/scott/ws_moveit/install/serial:/home/scott/ws_moveit/install/moveit2_tutorials:/home/scott/ws_moveit/install/moveit_visual_tools:/home/scott/ws_moveit/install/rviz_visual_tools:/home/scott/ws_moveit/install/moveit_task_constructor_demo:/home/scott/ws_moveit/install/moveit_task_constructor_visualization:/home/scott/ws_moveit/install/moveit_task_constructor_capabilities:/home/scott/ws_moveit/install/moveit_task_constructor_core:/home/scott/ws_moveit/install/rviz_marker_tools:/home/scott/ws_moveit/install/kortex_bringup:/home/scott/ws_moveit/install/kinova_gen3_lite_moveit_config:/home/scott/ws_moveit/install/kinova_gen3_7dof_robotiq_2f_85_moveit_config:/home/scott/ws_moveit/install/kinova_gen3_6dof_robotiq_2f_85_moveit_config:/home/scott/ws_moveit/install/kortex_description:/home/scott/ws_moveit/install/robotiq_description:/home/scott/ws_moveit/install/robotiq_controllers:/home/scott/ws_moveit/install/pilz_industrial_motion_planner_testutils:/home/scott/ws_moveit/install/moveit_runtime:/home/scott/ws_moveit/install/moveit:/home/scott/ws_moveit/install/moveit_planners:/home/scott/ws_moveit/install/pilz_industrial_motion_planner:/home/scott/ws_moveit/install/moveit_task_constructor_msgs:/home/scott/ws_moveit/install/moveit_ros_control_interface:/home/scott/ws_moveit/install/moveit_plugins:/home/scott/ws_moveit/install/moveit_simple_controller_manager:/home/scott/ws_moveit/install/moveit_setup_assistant:/home/scott/ws_moveit/install/moveit_setup_srdf_plugins:/home/scott/ws_moveit/install/moveit_setup_core_plugins:/home/scott/ws_moveit/install/moveit_setup_controllers:/home/scott/ws_moveit/install/moveit_setup_app_plugins:/home/scott/ws_moveit/install/moveit_setup_framework:/home/scott/ws_moveit/install/moveit_servo:/home/scott/ws_moveit/install/moveit_ros_trajectory_cache:/home/scott/ws_moveit/install/moveit_ros:/home/scott/ws_moveit/install/moveit_ros_visualization:/home/scott/ws_moveit/install/moveit_py:/home/scott/ws_moveit/install/moveit_hybrid_planning:/home/scott/ws_moveit/install/hello_moveit:/home/scott/ws_moveit/install/moveit_ros_planning_interface:/home/scott/ws_moveit/install/moveit_ros_benchmarks:/home/scott/ws_moveit/install/moveit_ros_warehouse:/home/scott/ws_moveit/install/moveit_ros_robot_interaction:/home/scott/ws_moveit/install/moveit_ros_perception:/home/scott/ws_moveit/install/moveit_resources_prbt_pg70_support:/home/scott/ws_moveit/install/moveit_resources_prbt_moveit_config:/home/scott/ws_moveit/install/moveit_ros_move_group:/home/scott/ws_moveit/install/moveit_planners_ompl:/home/scott/ws_moveit/install/moveit_kinematics:/home/scott/ws_moveit/install/moveit_ros_planning:/home/scott/ws_moveit/install/moveit_ros_occupancy_map_monitor:/home/scott/ws_moveit/install/moveit_resources_prbt_support:/home/scott/ws_moveit/install/moveit_resources_prbt_ikfast_manipulator_plugin:/home/scott/ws_moveit/install/moveit_resources:/home/scott/ws_moveit/install/moveit_resources_pr2_description:/home/scott/ws_moveit/install/moveit_resources_panda_moveit_config:/home/scott/ws_moveit/install/dual_arm_panda_moveit_config:/home/scott/ws_moveit/install/moveit_resources_panda_description:/home/scott/ws_moveit/install/moveit_resources_fanuc_moveit_config:/home/scott/ws_moveit/install/moveit_resources_fanuc_description:/home/scott/ws_moveit/install/moveit_planners_stomp:/home/scott/ws_moveit/install/moveit_planners_chomp:/home/scott/ws_moveit/install/chomp_motion_planner:/home/scott/ws_moveit/install/moveit_core:/home/scott/ws_moveit/install/moveit_msgs:/home/scott/ws_moveit/install/moveit_common:/home/scott/ws_moveit/install/kortex_driver:/home/scott/ws_moveit/install/kortex_api:/opt/ros/jazzy/opt/gz_sim_vendor:/opt/ros/jazzy/opt/gz_sensors_vendor:/opt/ros/jazzy/opt/gz_physics_vendor:/opt/ros/jazzy/opt/sdformat_vendor:/opt/ros/jazzy/opt/gz_gui_vendor:/opt/ros/jazzy/opt/gz_transport_vendor:/opt/ros/jazzy/opt/gz_rendering_vendor:/opt/ros/jazzy/opt/gz_plugin_vendor:/opt/ros/jazzy/opt/gz_fuel_tools_vendor:/opt/ros/jazzy/opt/gz_msgs_vendor:/opt/ros/jazzy/opt/gz_common_vendor:/opt/ros/jazzy/opt/gz_math_vendor:/opt/ros/jazzy/opt/gz_utils_vendor:/opt/ros/jazzy/opt/gz_tools_vendor:/opt/ros/jazzy/opt/gz_ogre_next_vendor:/opt/ros/jazzy/opt/gz_dartsim_vendor:/opt/ros/jazzy/opt/gz_cmake_vendor:/home/scott/mercer_garm/ros2/install/mercer_robot_commander_py:/home/scott/mercer_garm/ros2/install/mercer_g_arm_desktop_bringup:/home/scott/mercer_garm/ros2/install/mercer_g_arm_sim:/home/scott/mercer_garm/ros2/install/mercer_g_arm_rpi_bringup:/home/scott/mercer_garm/ros2/install/mercer_g_arm:/home/scott/mercer_garm/ros2/install/mercer_g-arm_rpi_bringup:/home/scott/mercer_garm/ros2/install/mercer_g-arm_desktop_bringup:/home/scott/mercer_garm/ros2/install/joy_js_pkg:/home/scott/mercer_garm/ros2/install/garm_motion_planning_demos:/home/scott/mercer_garm/ros2/install/g_arm_trajectory_bridge:/home/scott/mercer_garm/ros2/install/g_arm_python_examples:/home/scott/mercer_garm/ros2/install/g-arm_simulation:/home/scott/mercer_garm/ros2/install/g_arm:/home/scott/mercer_garm_ws/install/mercer_g_arm_desktop_bringup:/home/scott/mercer_garm_ws/install/mercer_robot_commander_py:/home/scott/mercer_garm_ws/install/mercer_g_arm_sim:/home/scott/mercer_garm_ws/install/mercer_g_arm_rpi_bringup:/home/scott/mercer_garm_ws/install/mercer_g_arm:/home/scott/mercer_garm_ws/install/mercer_g-arm_rpi_bringup:/home/scott/mercer_garm_ws/install/mercer_g-arm_desktop_bringup:/home/scott/mercer_garm_ws/install/joy_js_pkg:/home/scott/mercer_garm_ws/install/garm_motion_planning_demos:/home/scott/mercer_garm_ws/install/g_arm_trajectory_bridge:/home/scott/mercer_garm_ws/install/g_arm_python_examples:/home/scott/mercer_garm_ws/install/g-arm_simulation:/home/scott/mercer_garm_ws/install/g_arm:/home/scott/ros2_ws/install/joy_js_pkg:/home/scott/ros2_ws/install/garm_motion_planning_demos:/home/scott/ros2_ws/install/g_arm_trajectory_bridge:/home/scott/ros2_ws/install/g_arm_python_examples:/home/scott/ros2_ws/install/g-arm_simulation:/home/scott/ros2_ws/install/g_arm:/home/scott/ws_moveit/install/moveit_configs_utils:/opt/ros/jazzy DEBUGINFOD_URLS=https://debuginfod.ubuntu.com LD_LIBRARY_PATH=/home/scott/mercer_garm/ros2/install/g_arm_msgs/lib:/home/scott/mercer_garm/ros2/install/pi_gpio_interface/lib:/home/scott/mercer_garm/ros2/install/mercer_g_arm_topic_hw/lib:/home/scott/mercer_garm_ws/install/pi_gpio_interface/lib:/home/scott/mercer_garm_ws/install/mercer_g_arm_topic_hw/lib:/home/scott/mercer_garm_ws/install/g_arm_msgs/lib:/home/scott/ros2_ws/install/rviz_marker_tools/lib:/home/scott/ros2_ws/install/moveit_task_constructor_msgs/lib:/home/scott/ws_moveit/install/robotiq_driver/lib:/home/scott/ws_moveit/install/serial/lib:/home/scott/ws_moveit/install/moveit_visual_tools/lib:/home/scott/ws_moveit/install/rviz_visual_tools/lib:/home/scott/ws_moveit/install/moveit_task_constructor_demo/lib:/home/scott/ws_moveit/install/moveit_task_constructor_visualization/lib:/home/scott/ws_moveit/install/moveit_task_constructor_capabilities/lib:/home/scott/ws_moveit/install/moveit_task_constructor_core/lib:/home/scott/ws_moveit/install/rviz_marker_tools/lib:/home/scott/ws_moveit/install/robotiq_controllers/lib:/home/scott/ws_moveit/install/pilz_industrial_motion_planner_testutils/lib:/home/scott/ws_moveit/install/pilz_industrial_motion_planner/lib:/home/scott/ws_moveit/install/moveit_task_constructor_msgs/lib:/home/scott/ws_moveit/install/moveit_ros_control_interface/lib:/home/scott/ws_moveit/install/moveit_simple_controller_manager/lib:/home/scott/ws_moveit/install/moveit_setup_assistant/lib:/home/scott/ws_moveit/install/moveit_setup_srdf_plugins/lib:/home/scott/ws_moveit/install/moveit_setup_core_plugins/lib:/home/scott/ws_moveit/install/moveit_setup_controllers/lib:/home/scott/ws_moveit/install/moveit_setup_app_plugins/lib:/home/scott/ws_moveit/install/moveit_setup_framework/lib:/home/scott/ws_moveit/install/moveit_servo/lib:/home/scott/ws_moveit/install/moveit_ros_trajectory_cache/lib:/home/scott/ws_moveit/install/moveit_ros_visualization/lib:/home/scott/ws_moveit/install/moveit_py/lib:/home/scott/ws_moveit/install/moveit_hybrid_planning/lib:/home/scott/ws_moveit/install/moveit_ros_planning_interface/lib:/home/scott/ws_moveit/install/moveit_ros_benchmarks/lib:/home/scott/ws_moveit/install/moveit_ros_warehouse/lib:/home/scott/ws_moveit/install/moveit_ros_robot_interaction/lib:/home/scott/ws_moveit/install/moveit_ros_perception/lib:/home/scott/ws_moveit/install/moveit_ros_move_group/lib:/home/scott/ws_moveit/install/moveit_planners_ompl/lib:/home/scott/ws_moveit/install/moveit_kinematics/lib:/home/scott/ws_moveit/install/moveit_ros_planning/lib:/home/scott/ws_moveit/install/moveit_ros_occupancy_map_monitor/lib:/home/scott/ws_moveit/install/moveit_resources_prbt_ikfast_manipulator_plugin/lib:/home/scott/ws_moveit/install/moveit_planners_stomp/lib:/home/scott/ws_moveit/install/moveit_planners_chomp/lib:/home/scott/ws_moveit/install/chomp_motion_planner/lib:/home/scott/ws_moveit/install/moveit_core/lib:/home/scott/ws_moveit/install/moveit_msgs/lib:/home/scott/ws_moveit/install/kortex_driver/lib:/opt/ros/jazzy/opt/gz_sim_vendor/lib:/opt/ros/jazzy/opt/gz_sensors_vendor/lib:/opt/ros/jazzy/opt/gz_physics_vendor/lib:/opt/ros/jazzy/opt/sdformat_vendor/lib:/opt/ros/jazzy/opt/rviz_ogre_vendor/lib:/opt/ros/jazzy/lib/x86_64-linux-gnu:/opt/ros/jazzy/opt/gz_gui_vendor/lib:/opt/ros/jazzy/opt/gz_transport_vendor/lib:/opt/ros/jazzy/opt/gz_rendering_vendor/lib:/opt/ros/jazzy/opt/gz_plugin_vendor/lib:/opt/ros/jazzy/opt/gz_fuel_tools_vendor/lib:/opt/ros/jazzy/opt/gz_msgs_vendor/lib:/opt/ros/jazzy/opt/gz_common_vendor/lib:/opt/ros/jazzy/opt/gz_math_vendor/lib:/opt/ros/jazzy/opt/gz_utils_vendor/lib:/opt/ros/jazzy/opt/gz_tools_vendor/lib:/opt/ros/jazzy/opt/gz_ogre_next_vendor/lib:/opt/ros/jazzy/opt/gz_dartsim_vendor/lib:/opt/ros/jazzy/opt/gz_cmake_vendor/lib:/opt/ros/jazzy/lib PS1=(ros2_venv) \[\e]0;\u@\h: \w\a\]${debian_chroot:+($debian_chroot)}\[\033[01;32m\]\u@\h\[\033[00m\]:\[\033[01;34m\]\w\[\033[00m\]\$ PYTHONPATH=/home/scott/mercer_garm/ros2/install/g_arm_msgs/lib/python3.12/site-packages:/home/scott/mercer_garm/ros2/install/pymoveit2/lib/python3.12/site-packages:/home/scott/mercer_garm/ros2/install/pi_gpio_interface/lib/python3.12/site-packages:/home/scott/mercer_garm/ros2/install/mercer_robot_commander_py/lib/python3.12/site-packages:/home/scott/mercer_garm/ros2/install/mercer_g_arm_desktop_bringup/lib/python3.12/site-packages:/home/scott/mercer_garm/ros2/install/mercer_g_arm_sim/lib/python3.12/site-packages:/home/scott/mercer_garm/ros2/install/mercer_g_arm_rpi_bringup/lib/python3.12/site-packages:/home/scott/mercer_garm/ros2/install/mercer_g_arm/lib/python3.12/site-packages:/home/scott/mercer_garm/ros2/install/mercer_g-arm_rpi_bringup/lib/python3.12/site-packages:/home/scott/mercer_garm/ros2/install/mercer_g-arm_desktop_bringup/lib/python3.12/site-packages:/home/scott/mercer_garm/ros2/install/joy_js_pkg/lib/python3.12/site-packages:/home/scott/mercer_garm/ros2/install/garm_motion_planning_demos/lib/python3.12/site-packages:/home/scott/mercer_garm/ros2/install/g_arm_trajectory_bridge/lib/python3.12/site-packages:/home/scott/mercer_garm/ros2/install/g_arm_python_examples/lib/python3.12/site-packages:/home/scott/mercer_garm/ros2/install/g-arm_simulation/lib/python3.12/site-packages:/home/scott/mercer_garm/ros2/install/g_arm/lib/python3.12/site-packages:/home/scott/mercer_garm_ws/install/mercer_g_arm_desktop_bringup/lib/python3.12/site-packages:/home/scott/mercer_garm_ws/install/pymoveit2/lib/python3.12/site-packages:/home/scott/mercer_garm_ws/install/pi_gpio_interface/lib/python3.12/site-packages:/home/scott/mercer_garm_ws/install/mercer_robot_commander_py/lib/python3.12/site-packages:/home/scott/mercer_garm_ws/install/mercer_g_arm_sim/lib/python3.12/site-packages:/home/scott/mercer_garm_ws/install/mercer_g_arm_rpi_bringup/lib/python3.12/site-packages:/home/scott/mercer_garm_ws/install/mercer_g_arm/lib/python3.12/site-packages:/home/scott/mercer_garm_ws/install/mercer_g-arm_rpi_bringup/lib/python3.12/site-packages:/home/scott/mercer_garm_ws/install/mercer_g-arm_desktop_bringup/lib/python3.12/site-packages:/home/scott/mercer_garm_ws/install/joy_js_pkg/lib/python3.12/site-packages:/home/scott/mercer_garm_ws/install/garm_motion_planning_demos/lib/python3.12/site-packages:/home/scott/mercer_garm_ws/install/g_arm_trajectory_bridge/lib/python3.12/site-packages:/home/scott/mercer_garm_ws/install/g_arm_python_examples/lib/python3.12/site-packages:/home/scott/mercer_garm_ws/install/g_arm_msgs/lib/python3.12/site-packages:/home/scott/mercer_garm_ws/install/g-arm_simulation/lib/python3.12/site-packages:/home/scott/mercer_garm_ws/install/g_arm/lib/python3.12/site-packages:/home/scott/ros2_ws/install/pymoveit2/lib/python3.12/site-packages:/home/scott/ros2_ws/install/moveit_task_constructor_msgs/lib/python3.12/site-packages:/home/scott/ros2_ws/install/joy_js_pkg/lib/python3.12/site-packages:/home/scott/ros2_ws/install/garm_motion_planning_demos/lib/python3.12/site-packages:/home/scott/ros2_ws/install/g_arm_trajectory_bridge/lib/python3.12/site-packages:/home/scott/ros2_ws/install/g_arm_python_examples/lib/python3.12/site-packages:/home/scott/ros2_ws/install/g-arm_simulation/lib/python3.12/site-packages:/home/scott/ros2_ws/install/g_arm/lib/python3.12/site-packages:/home/scott/ws_moveit/install/moveit_task_constructor_core/lib/python3.12/site-packages:/home/scott/ws_moveit/install/moveit_task_constructor_msgs/lib/python3.12/site-packages:/home/scott/ws_moveit/install/moveit_py/lib/python3.12/site-packages:/home/scott/ws_moveit/install/moveit_msgs/lib/python3.12/site-packages:/home/scott/ws_moveit/install/moveit_configs_utils/lib/python3.12/site-packages:/opt/ros/jazzy/lib/python3.12/site-packages VIRTUAL_ENV_PROMPT=(ros2_venv) /snap/bin/cmake --install /home/scott/mercer_garm/ros2/build/mercer_robot_commander_cpp
[5.286s] Level 1:colcon.colcon_core.environment:checking '/home/scott/mercer_garm/ros2/install/mercer_robot_commander_cpp' for CMake config files
[5.286s] Level 1:colcon.colcon_core.shell:create_environment_hook('mercer_robot_commander_cpp', 'cmake_prefix_path')
[5.286s] INFO:colcon.colcon_core.shell:Creating environment hook '/home/scott/mercer_garm/ros2/install/mercer_robot_commander_cpp/share/mercer_robot_commander_cpp/hook/cmake_prefix_path.ps1'
[5.287s] INFO:colcon.colcon_core.shell:Creating environment descriptor '/home/scott/mercer_garm/ros2/install/mercer_robot_commander_cpp/share/mercer_robot_commander_cpp/hook/cmake_prefix_path.dsv'
[5.287s] INFO:colcon.colcon_core.shell:Creating environment hook '/home/scott/mercer_garm/ros2/install/mercer_robot_commander_cpp/share/mercer_robot_commander_cpp/hook/cmake_prefix_path.sh'
[5.287s] Level 1:colcon.colcon_core.environment:checking '/home/scott/mercer_garm/ros2/install/mercer_robot_commander_cpp/lib'
[5.288s] Level 1:colcon.colcon_core.environment:checking '/home/scott/mercer_garm/ros2/install/mercer_robot_commander_cpp/bin'
[5.288s] Level 1:colcon.colcon_core.environment:checking '/home/scott/mercer_garm/ros2/install/mercer_robot_commander_cpp/lib/pkgconfig/mercer_robot_commander_cpp.pc'
[5.288s] Level 1:colcon.colcon_core.environment:checking '/home/scott/mercer_garm/ros2/install/mercer_robot_commander_cpp/lib/python3.12/site-packages'
[5.288s] Level 1:colcon.colcon_core.environment:checking '/home/scott/mercer_garm/ros2/install/mercer_robot_commander_cpp/bin'
[5.289s] INFO:colcon.colcon_core.shell:Creating package script '/home/scott/mercer_garm/ros2/install/mercer_robot_commander_cpp/share/mercer_robot_commander_cpp/package.ps1'
[5.294s] INFO:colcon.colcon_core.shell:Creating package descriptor '/home/scott/mercer_garm/ros2/install/mercer_robot_commander_cpp/share/mercer_robot_commander_cpp/package.dsv'
[5.294s] INFO:colcon.colcon_core.shell:Creating package script '/home/scott/mercer_garm/ros2/install/mercer_robot_commander_cpp/share/mercer_robot_commander_cpp/package.sh'
[5.295s] INFO:colcon.colcon_core.shell:Creating package script '/home/scott/mercer_garm/ros2/install/mercer_robot_commander_cpp/share/mercer_robot_commander_cpp/package.bash'
[5.295s] INFO:colcon.colcon_core.shell:Creating package script '/home/scott/mercer_garm/ros2/install/mercer_robot_commander_cpp/share/mercer_robot_commander_cpp/package.zsh'
[5.296s] Level 1:colcon.colcon_core.environment:create_file_with_runtime_dependencies(/home/scott/mercer_garm/ros2/install/mercer_robot_commander_cpp/share/colcon-core/packages/mercer_robot_commander_cpp)
[5.298s] Level 1:colcon.colcon_core.environment:create_environment_scripts_only(mercer_robot_commander_cpp)
[5.298s] Level 1:colcon.colcon_core.environment:checking '/home/scott/mercer_garm/ros2/install/mercer_robot_commander_cpp' for CMake module files
[5.298s] Level 1:colcon.colcon_core.environment:checking '/home/scott/mercer_garm/ros2/install/mercer_robot_commander_cpp' for CMake config files
[5.299s] Level 1:colcon.colcon_core.shell:create_environment_hook('mercer_robot_commander_cpp', 'cmake_prefix_path')
[5.299s] INFO:colcon.colcon_core.shell:Creating environment hook '/home/scott/mercer_garm/ros2/install/mercer_robot_commander_cpp/share/mercer_robot_commander_cpp/hook/cmake_prefix_path.ps1'
[5.299s] INFO:colcon.colcon_core.shell:Creating environment descriptor '/home/scott/mercer_garm/ros2/install/mercer_robot_commander_cpp/share/mercer_robot_commander_cpp/hook/cmake_prefix_path.dsv'
[5.300s] INFO:colcon.colcon_core.shell:Creating environment hook '/home/scott/mercer_garm/ros2/install/mercer_robot_commander_cpp/share/mercer_robot_commander_cpp/hook/cmake_prefix_path.sh'
[5.300s] Level 1:colcon.colcon_core.environment:checking '/home/scott/mercer_garm/ros2/install/mercer_robot_commander_cpp/lib'
[5.300s] Level 1:colcon.colcon_core.environment:checking '/home/scott/mercer_garm/ros2/install/mercer_robot_commander_cpp/bin'
[5.300s] Level 1:colcon.colcon_core.environment:checking '/home/scott/mercer_garm/ros2/install/mercer_robot_commander_cpp/lib/pkgconfig/mercer_robot_commander_cpp.pc'
[5.301s] Level 1:colcon.colcon_core.environment:checking '/home/scott/mercer_garm/ros2/install/mercer_robot_commander_cpp/lib/python3.12/site-packages'
[5.301s] Level 1:colcon.colcon_core.environment:checking '/home/scott/mercer_garm/ros2/install/mercer_robot_commander_cpp/bin'
[5.301s] INFO:colcon.colcon_core.shell:Creating package script '/home/scott/mercer_garm/ros2/install/mercer_robot_commander_cpp/share/mercer_robot_commander_cpp/package.ps1'
[5.302s] INFO:colcon.colcon_core.shell:Creating package descriptor '/home/scott/mercer_garm/ros2/install/mercer_robot_commander_cpp/share/mercer_robot_commander_cpp/package.dsv'
[5.302s] INFO:colcon.colcon_core.shell:Creating package script '/home/scott/mercer_garm/ros2/install/mercer_robot_commander_cpp/share/mercer_robot_commander_cpp/package.sh'
[5.303s] INFO:colcon.colcon_core.shell:Creating package script '/home/scott/mercer_garm/ros2/install/mercer_robot_commander_cpp/share/mercer_robot_commander_cpp/package.bash'
[5.303s] INFO:colcon.colcon_core.shell:Creating package script '/home/scott/mercer_garm/ros2/install/mercer_robot_commander_cpp/share/mercer_robot_commander_cpp/package.zsh'
[5.304s] Level 1:colcon.colcon_core.environment:create_file_with_runtime_dependencies(/home/scott/mercer_garm/ros2/install/mercer_robot_commander_cpp/share/colcon-core/packages/mercer_robot_commander_cpp)
[5.304s] INFO:colcon.colcon_ros.task.ament_python.build:Building ROS package in '/home/scott/mercer_garm/ros2/src/mercer_g_arm_rpi_bringup' with build type 'ament_python'
[5.305s] Level 1:colcon.colcon_core.shell:create_environment_hook('mercer_g_arm_rpi_bringup', 'ament_prefix_path')
[5.305s] INFO:colcon.colcon_core.shell:Creating environment hook '/home/scott/mercer_garm/ros2/install/mercer_g_arm_rpi_bringup/share/mercer_g_arm_rpi_bringup/hook/ament_prefix_path.ps1'
[5.305s] INFO:colcon.colcon_core.shell:Creating environment descriptor '/home/scott/mercer_garm/ros2/install/mercer_g_arm_rpi_bringup/share/mercer_g_arm_rpi_bringup/hook/ament_prefix_path.dsv'
[5.306s] INFO:colcon.colcon_core.shell:Creating environment hook '/home/scott/mercer_garm/ros2/install/mercer_g_arm_rpi_bringup/share/mercer_g_arm_rpi_bringup/hook/ament_prefix_path.sh'
[5.306s] INFO:colcon.colcon_core.shell:Skip shell extension 'powershell' for command environment: Not usable outside of PowerShell
[5.306s] DEBUG:colcon.colcon_core.shell:Skip shell extension 'dsv' for command environment
[5.687s] INFO:colcon.colcon_core.task.python.build:Building Python package in '/home/scott/mercer_garm/ros2/src/mercer_g_arm_rpi_bringup'
[5.687s] INFO:colcon.colcon_core.shell:Skip shell extension 'powershell' for command environment: Not usable outside of PowerShell
[5.687s] DEBUG:colcon.colcon_core.shell:Skip shell extension 'dsv' for command environment
[6.004s] DEBUG:colcon.colcon_core.event_handler.log_command:Invoking command in '/home/scott/mercer_garm/ros2/src/mercer_g_arm': DEBUGINFOD_URLS=https://debuginfod.ubuntu.com PS1=(ros2_venv) \[\e]0;\u@\h: \w\a\]${debian_chroot:+($debian_chroot)}\[\033[01;32m\]\u@\h\[\033[00m\]:\[\033[01;34m\]\w\[\033[00m\]\$ PYTHONPATH=/home/scott/mercer_garm/ros2/build/mercer_g_arm/prefix_override:/usr/lib/python3/dist-packages/colcon_core/task/python/colcon_distutils_commands:/home/scott/mercer_garm/ros2/install/mercer_g_arm/lib/python3.12/site-packages:${PYTHONPATH} VIRTUAL_ENV_PROMPT=(ros2_venv) /usr/bin/python3 -W ignore:setup.py install is deprecated -W ignore:easy_install command is deprecated setup.py egg_info --egg-base ../../build/mercer_g_arm build --build-base /home/scott/mercer_garm/ros2/build/mercer_g_arm/build install --record /home/scott/mercer_garm/ros2/build/mercer_g_arm/install.log --single-version-externally-managed install_data
[6.134s] Level 1:colcon.colcon_core.environment:checking '/home/scott/mercer_garm/ros2/install/g_arm_trajectory_bridge' for CMake module files
[6.135s] Level 1:colcon.colcon_core.environment:checking '/home/scott/mercer_garm/ros2/install/g_arm_trajectory_bridge' for CMake config files
[6.135s] DEBUG:colcon.colcon_core.event_handler.log_command:Invoked command in '/home/scott/mercer_garm/ros2/src/g_arm_trajectory_bridge' returned '0': DEBUGINFOD_URLS=https://debuginfod.ubuntu.com PS1=(ros2_venv) \[\e]0;\u@\h: \w\a\]${debian_chroot:+($debian_chroot)}\[\033[01;32m\]\u@\h\[\033[00m\]:\[\033[01;34m\]\w\[\033[00m\]\$ PYTHONPATH=/home/scott/mercer_garm/ros2/build/g_arm_trajectory_bridge/prefix_override:/usr/lib/python3/dist-packages/colcon_core/task/python/colcon_distutils_commands:/home/scott/mercer_garm/ros2/install/g_arm_trajectory_bridge/lib/python3.12/site-packages:${PYTHONPATH} VIRTUAL_ENV_PROMPT=(ros2_venv) /usr/bin/python3 -W ignore:setup.py install is deprecated -W ignore:easy_install command is deprecated setup.py egg_info --egg-base ../../build/g_arm_trajectory_bridge build --build-base /home/scott/mercer_garm/ros2/build/g_arm_trajectory_bridge/build install --record /home/scott/mercer_garm/ros2/build/g_arm_trajectory_bridge/install.log --single-version-externally-managed install_data
[6.136s] Level 1:colcon.colcon_core.environment:checking '/home/scott/mercer_garm/ros2/install/g_arm_trajectory_bridge/lib'
[6.136s] Level 1:colcon.colcon_core.environment:checking '/home/scott/mercer_garm/ros2/install/g_arm_trajectory_bridge/bin'
[6.136s] Level 1:colcon.colcon_core.environment:checking '/home/scott/mercer_garm/ros2/install/g_arm_trajectory_bridge/lib/pkgconfig/g_arm_trajectory_bridge.pc'
[6.136s] Level 1:colcon.colcon_core.environment:checking '/home/scott/mercer_garm/ros2/install/g_arm_trajectory_bridge/lib/python3.12/site-packages'
[6.136s] Level 1:colcon.colcon_core.shell:create_environment_hook('g_arm_trajectory_bridge', 'pythonpath')
[6.136s] INFO:colcon.colcon_core.shell:Creating environment hook '/home/scott/mercer_garm/ros2/install/g_arm_trajectory_bridge/share/g_arm_trajectory_bridge/hook/pythonpath.ps1'
[6.137s] INFO:colcon.colcon_core.shell:Creating environment descriptor '/home/scott/mercer_garm/ros2/install/g_arm_trajectory_bridge/share/g_arm_trajectory_bridge/hook/pythonpath.dsv'
[6.137s] INFO:colcon.colcon_core.shell:Creating environment hook '/home/scott/mercer_garm/ros2/install/g_arm_trajectory_bridge/share/g_arm_trajectory_bridge/hook/pythonpath.sh'
[6.138s] Level 1:colcon.colcon_core.environment:checking '/home/scott/mercer_garm/ros2/install/g_arm_trajectory_bridge/bin'
[6.138s] Level 1:colcon.colcon_core.environment:create_environment_scripts_only(g_arm_trajectory_bridge)
[6.138s] INFO:colcon.colcon_core.shell:Creating package script '/home/scott/mercer_garm/ros2/install/g_arm_trajectory_bridge/share/g_arm_trajectory_bridge/package.ps1'
[6.139s] INFO:colcon.colcon_core.shell:Creating package descriptor '/home/scott/mercer_garm/ros2/install/g_arm_trajectory_bridge/share/g_arm_trajectory_bridge/package.dsv'
[6.139s] INFO:colcon.colcon_core.shell:Creating package script '/home/scott/mercer_garm/ros2/install/g_arm_trajectory_bridge/share/g_arm_trajectory_bridge/package.sh'
[6.140s] INFO:colcon.colcon_core.shell:Creating package script '/home/scott/mercer_garm/ros2/install/g_arm_trajectory_bridge/share/g_arm_trajectory_bridge/package.bash'
[6.140s] INFO:colcon.colcon_core.shell:Creating package script '/home/scott/mercer_garm/ros2/install/g_arm_trajectory_bridge/share/g_arm_trajectory_bridge/package.zsh'
[6.140s] Level 1:colcon.colcon_core.environment:create_file_with_runtime_dependencies(/home/scott/mercer_garm/ros2/install/g_arm_trajectory_bridge/share/colcon-core/packages/g_arm_trajectory_bridge)
[6.141s] INFO:colcon.colcon_ros.task.ament_cmake.build:Building ROS package in '/home/scott/mercer_garm/ros2/src/mercer_g_arm_topic_hw' with build type 'ament_cmake'
[6.141s] INFO:colcon.colcon_cmake.task.cmake.build:Building CMake package in '/home/scott/mercer_garm/ros2/src/mercer_g_arm_topic_hw'
[6.141s] INFO:colcon.colcon_core.shell:Skip shell extension 'powershell' for command environment: Not usable outside of PowerShell
[6.141s] DEBUG:colcon.colcon_core.shell:Skip shell extension 'dsv' for command environment
[6.168s] DEBUG:colcon.colcon_core.event_handler.log_command:Invoking command in '/home/scott/mercer_garm/ros2/build/mercer_g_arm_topic_hw': CMAKE_PREFIX_PATH=${CMAKE_PREFIX_PATH}:/home/scott/mercer_garm/ros2/install/mercer_robot_commander_py:/home/scott/mercer_garm/ros2/install/mercer_g_arm_desktop_bringup:/home/scott/mercer_garm/ros2/install/mercer_g_arm_sim:/home/scott/mercer_garm/ros2/install/mercer_g_arm_rpi_bringup:/home/scott/mercer_garm/ros2/install/mercer_g_arm:/home/scott/mercer_garm/ros2/install/mercer_g-arm_rpi_bringup:/home/scott/mercer_garm/ros2/install/mercer_g-arm_desktop_bringup:/home/scott/mercer_garm/ros2/install/joy_js_pkg:/home/scott/mercer_garm/ros2/install/garm_motion_planning_demos:/home/scott/mercer_garm/ros2/install/g_arm_trajectory_bridge:/home/scott/mercer_garm/ros2/install/g_arm_python_examples:/home/scott/mercer_garm/ros2/install/g-arm_simulation:/home/scott/mercer_garm/ros2/install/g_arm:/home/scott/mercer_garm_ws/install/mercer_g_arm_desktop_bringup:/home/scott/mercer_garm_ws/install/mercer_robot_commander_py:/home/scott/mercer_garm_ws/install/mercer_g_arm_sim:/home/scott/mercer_garm_ws/install/mercer_g_arm_rpi_bringup:/home/scott/mercer_garm_ws/install/mercer_g_arm:/home/scott/mercer_garm_ws/install/mercer_g-arm_rpi_bringup:/home/scott/mercer_garm_ws/install/mercer_g-arm_desktop_bringup:/home/scott/mercer_garm_ws/install/joy_js_pkg:/home/scott/mercer_garm_ws/install/garm_motion_planning_demos:/home/scott/mercer_garm_ws/install/g_arm_trajectory_bridge:/home/scott/mercer_garm_ws/install/g_arm_python_examples:/home/scott/mercer_garm_ws/install/g-arm_simulation:/home/scott/mercer_garm_ws/install/g_arm:/home/scott/ros2_ws/install/joy_js_pkg:/home/scott/ros2_ws/install/garm_motion_planning_demos:/home/scott/ros2_ws/install/g_arm_trajectory_bridge:/home/scott/ros2_ws/install/g_arm_python_examples:/home/scott/ros2_ws/install/g-arm_simulation:/home/scott/ros2_ws/install/g_arm:/home/scott/ws_moveit/install/moveit_configs_utils:/opt/ros/jazzy DEBUGINFOD_URLS=https://debuginfod.ubuntu.com PS1=(ros2_venv) \[\e]0;\u@\h: \w\a\]${debian_chroot:+($debian_chroot)}\[\033[01;32m\]\u@\h\[\033[00m\]:\[\033[01;34m\]\w\[\033[00m\]\$ VIRTUAL_ENV_PROMPT=(ros2_venv) /snap/bin/cmake --build /home/scott/mercer_garm/ros2/build/mercer_g_arm_topic_hw -- -j4 -l4
[6.254s] Level 1:colcon.colcon_core.environment:checking '/home/scott/mercer_garm/ros2/install/garm_motion_planning_demos' for CMake module files
[6.255s] DEBUG:colcon.colcon_core.event_handler.log_command:Invoked command in '/home/scott/mercer_garm/ros2/src/garm_motion_planning_demos' returned '0': DEBUGINFOD_URLS=https://debuginfod.ubuntu.com PS1=(ros2_venv) \[\e]0;\u@\h: \w\a\]${debian_chroot:+($debian_chroot)}\[\033[01;32m\]\u@\h\[\033[00m\]:\[\033[01;34m\]\w\[\033[00m\]\$ PYTHONPATH=/home/scott/mercer_garm/ros2/build/garm_motion_planning_demos/prefix_override:/usr/lib/python3/dist-packages/colcon_core/task/python/colcon_distutils_commands:/home/scott/mercer_garm/ros2/install/garm_motion_planning_demos/lib/python3.12/site-packages:${PYTHONPATH} VIRTUAL_ENV_PROMPT=(ros2_venv) /usr/bin/python3 -W ignore:setup.py install is deprecated -W ignore:easy_install command is deprecated setup.py egg_info --egg-base ../../build/garm_motion_planning_demos build --build-base /home/scott/mercer_garm/ros2/build/garm_motion_planning_demos/build install --record /home/scott/mercer_garm/ros2/build/garm_motion_planning_demos/install.log --single-version-externally-managed install_data
[6.255s] Level 1:colcon.colcon_core.environment:checking '/home/scott/mercer_garm/ros2/install/garm_motion_planning_demos' for CMake config files
[6.269s] Level 1:colcon.colcon_core.environment:checking '/home/scott/mercer_garm/ros2/install/garm_motion_planning_demos/lib'
[6.269s] Level 1:colcon.colcon_core.environment:checking '/home/scott/mercer_garm/ros2/install/garm_motion_planning_demos/bin'
[6.269s] Level 1:colcon.colcon_core.environment:checking '/home/scott/mercer_garm/ros2/install/garm_motion_planning_demos/lib/pkgconfig/garm_motion_planning_demos.pc'
[6.269s] Level 1:colcon.colcon_core.environment:checking '/home/scott/mercer_garm/ros2/install/garm_motion_planning_demos/lib/python3.12/site-packages'
[6.270s] Level 1:colcon.colcon_core.shell:create_environment_hook('garm_motion_planning_demos', 'pythonpath')
[6.270s] INFO:colcon.colcon_core.shell:Creating environment hook '/home/scott/mercer_garm/ros2/install/garm_motion_planning_demos/share/garm_motion_planning_demos/hook/pythonpath.ps1'
[6.270s] INFO:colcon.colcon_core.shell:Creating environment descriptor '/home/scott/mercer_garm/ros2/install/garm_motion_planning_demos/share/garm_motion_planning_demos/hook/pythonpath.dsv'
[6.271s] INFO:colcon.colcon_core.shell:Creating environment hook '/home/scott/mercer_garm/ros2/install/garm_motion_planning_demos/share/garm_motion_planning_demos/hook/pythonpath.sh'
[6.271s] Level 1:colcon.colcon_core.environment:checking '/home/scott/mercer_garm/ros2/install/garm_motion_planning_demos/bin'
[6.272s] Level 1:colcon.colcon_core.environment:create_environment_scripts_only(garm_motion_planning_demos)
[6.272s] INFO:colcon.colcon_core.shell:Creating package script '/home/scott/mercer_garm/ros2/install/garm_motion_planning_demos/share/garm_motion_planning_demos/package.ps1'
[6.272s] INFO:colcon.colcon_core.shell:Creating package descriptor '/home/scott/mercer_garm/ros2/install/garm_motion_planning_demos/share/garm_motion_planning_demos/package.dsv'
[6.273s] INFO:colcon.colcon_core.shell:Creating package script '/home/scott/mercer_garm/ros2/install/garm_motion_planning_demos/share/garm_motion_planning_demos/package.sh'
[6.273s] INFO:colcon.colcon_core.shell:Creating package script '/home/scott/mercer_garm/ros2/install/garm_motion_planning_demos/share/garm_motion_planning_demos/package.bash'
[6.274s] INFO:colcon.colcon_core.shell:Creating package script '/home/scott/mercer_garm/ros2/install/garm_motion_planning_demos/share/garm_motion_planning_demos/package.zsh'
[6.274s] Level 1:colcon.colcon_core.environment:create_file_with_runtime_dependencies(/home/scott/mercer_garm/ros2/install/garm_motion_planning_demos/share/colcon-core/packages/garm_motion_planning_demos)
[6.275s] INFO:colcon.colcon_ros.task.ament_cmake.build:Building ROS package in '/home/scott/mercer_garm/ros2/src/pi_gpio_interface' with build type 'ament_cmake'
[6.275s] INFO:colcon.colcon_cmake.task.cmake.build:Building CMake package in '/home/scott/mercer_garm/ros2/src/pi_gpio_interface'
[6.275s] INFO:colcon.colcon_core.shell:Skip shell extension 'powershell' for command environment: Not usable outside of PowerShell
[6.275s] DEBUG:colcon.colcon_core.shell:Skip shell extension 'dsv' for command environment
[6.303s] DEBUG:colcon.colcon_core.event_handler.log_command:Invoking command in '/home/scott/mercer_garm/ros2/build/pi_gpio_interface': CMAKE_PREFIX_PATH=${CMAKE_PREFIX_PATH}:/home/scott/mercer_garm/ros2/install/mercer_robot_commander_py:/home/scott/mercer_garm/ros2/install/mercer_g_arm_desktop_bringup:/home/scott/mercer_garm/ros2/install/mercer_g_arm_sim:/home/scott/mercer_garm/ros2/install/mercer_g_arm_rpi_bringup:/home/scott/mercer_garm/ros2/install/mercer_g_arm:/home/scott/mercer_garm/ros2/install/mercer_g-arm_rpi_bringup:/home/scott/mercer_garm/ros2/install/mercer_g-arm_desktop_bringup:/home/scott/mercer_garm/ros2/install/joy_js_pkg:/home/scott/mercer_garm/ros2/install/garm_motion_planning_demos:/home/scott/mercer_garm/ros2/install/g_arm_trajectory_bridge:/home/scott/mercer_garm/ros2/install/g_arm_python_examples:/home/scott/mercer_garm/ros2/install/g-arm_simulation:/home/scott/mercer_garm/ros2/install/g_arm:/home/scott/mercer_garm_ws/install/mercer_g_arm_desktop_bringup:/home/scott/mercer_garm_ws/install/mercer_robot_commander_py:/home/scott/mercer_garm_ws/install/mercer_g_arm_sim:/home/scott/mercer_garm_ws/install/mercer_g_arm_rpi_bringup:/home/scott/mercer_garm_ws/install/mercer_g_arm:/home/scott/mercer_garm_ws/install/mercer_g-arm_rpi_bringup:/home/scott/mercer_garm_ws/install/mercer_g-arm_desktop_bringup:/home/scott/mercer_garm_ws/install/joy_js_pkg:/home/scott/mercer_garm_ws/install/garm_motion_planning_demos:/home/scott/mercer_garm_ws/install/g_arm_trajectory_bridge:/home/scott/mercer_garm_ws/install/g_arm_python_examples:/home/scott/mercer_garm_ws/install/g-arm_simulation:/home/scott/mercer_garm_ws/install/g_arm:/home/scott/ros2_ws/install/joy_js_pkg:/home/scott/ros2_ws/install/garm_motion_planning_demos:/home/scott/ros2_ws/install/g_arm_trajectory_bridge:/home/scott/ros2_ws/install/g_arm_python_examples:/home/scott/ros2_ws/install/g-arm_simulation:/home/scott/ros2_ws/install/g_arm:/home/scott/ws_moveit/install/moveit_configs_utils:/opt/ros/jazzy DEBUGINFOD_URLS=https://debuginfod.ubuntu.com PS1=(ros2_venv) \[\e]0;\u@\h: \w\a\]${debian_chroot:+($debian_chroot)}\[\033[01;32m\]\u@\h\[\033[00m\]:\[\033[01;34m\]\w\[\033[00m\]\$ VIRTUAL_ENV_PROMPT=(ros2_venv) /snap/bin/cmake --build /home/scott/mercer_garm/ros2/build/pi_gpio_interface -- -j4 -l4
[6.328s] DEBUG:colcon.colcon_core.event_handler.log_command:Invoked command in '/home/scott/mercer_garm/ros2/build/mercer_g_arm_topic_hw' returned '0': CMAKE_PREFIX_PATH=${CMAKE_PREFIX_PATH}:/home/scott/mercer_garm/ros2/install/mercer_robot_commander_py:/home/scott/mercer_garm/ros2/install/mercer_g_arm_desktop_bringup:/home/scott/mercer_garm/ros2/install/mercer_g_arm_sim:/home/scott/mercer_garm/ros2/install/mercer_g_arm_rpi_bringup:/home/scott/mercer_garm/ros2/install/mercer_g_arm:/home/scott/mercer_garm/ros2/install/mercer_g-arm_rpi_bringup:/home/scott/mercer_garm/ros2/install/mercer_g-arm_desktop_bringup:/home/scott/mercer_garm/ros2/install/joy_js_pkg:/home/scott/mercer_garm/ros2/install/garm_motion_planning_demos:/home/scott/mercer_garm/ros2/install/g_arm_trajectory_bridge:/home/scott/mercer_garm/ros2/install/g_arm_python_examples:/home/scott/mercer_garm/ros2/install/g-arm_simulation:/home/scott/mercer_garm/ros2/install/g_arm:/home/scott/mercer_garm_ws/install/mercer_g_arm_desktop_bringup:/home/scott/mercer_garm_ws/install/mercer_robot_commander_py:/home/scott/mercer_garm_ws/install/mercer_g_arm_sim:/home/scott/mercer_garm_ws/install/mercer_g_arm_rpi_bringup:/home/scott/mercer_garm_ws/install/mercer_g_arm:/home/scott/mercer_garm_ws/install/mercer_g-arm_rpi_bringup:/home/scott/mercer_garm_ws/install/mercer_g-arm_desktop_bringup:/home/scott/mercer_garm_ws/install/joy_js_pkg:/home/scott/mercer_garm_ws/install/garm_motion_planning_demos:/home/scott/mercer_garm_ws/install/g_arm_trajectory_bridge:/home/scott/mercer_garm_ws/install/g_arm_python_examples:/home/scott/mercer_garm_ws/install/g-arm_simulation:/home/scott/mercer_garm_ws/install/g_arm:/home/scott/ros2_ws/install/joy_js_pkg:/home/scott/ros2_ws/install/garm_motion_planning_demos:/home/scott/ros2_ws/install/g_arm_trajectory_bridge:/home/scott/ros2_ws/install/g_arm_python_examples:/home/scott/ros2_ws/install/g-arm_simulation:/home/scott/ros2_ws/install/g_arm:/home/scott/ws_moveit/install/moveit_configs_utils:/opt/ros/jazzy DEBUGINFOD_URLS=https://debuginfod.ubuntu.com PS1=(ros2_venv) \[\e]0;\u@\h: \w\a\]${debian_chroot:+($debian_chroot)}\[\033[01;32m\]\u@\h\[\033[00m\]:\[\033[01;34m\]\w\[\033[00m\]\$ VIRTUAL_ENV_PROMPT=(ros2_venv) /snap/bin/cmake --build /home/scott/mercer_garm/ros2/build/mercer_g_arm_topic_hw -- -j4 -l4
[6.363s] DEBUG:colcon.colcon_core.event_handler.log_command:Invoking command in '/home/scott/mercer_garm/ros2/build/mercer_g_arm_topic_hw': CMAKE_PREFIX_PATH=${CMAKE_PREFIX_PATH}:/home/scott/mercer_garm/ros2/install/mercer_robot_commander_py:/home/scott/mercer_garm/ros2/install/mercer_g_arm_desktop_bringup:/home/scott/mercer_garm/ros2/install/mercer_g_arm_sim:/home/scott/mercer_garm/ros2/install/mercer_g_arm_rpi_bringup:/home/scott/mercer_garm/ros2/install/mercer_g_arm:/home/scott/mercer_garm/ros2/install/mercer_g-arm_rpi_bringup:/home/scott/mercer_garm/ros2/install/mercer_g-arm_desktop_bringup:/home/scott/mercer_garm/ros2/install/joy_js_pkg:/home/scott/mercer_garm/ros2/install/garm_motion_planning_demos:/home/scott/mercer_garm/ros2/install/g_arm_trajectory_bridge:/home/scott/mercer_garm/ros2/install/g_arm_python_examples:/home/scott/mercer_garm/ros2/install/g-arm_simulation:/home/scott/mercer_garm/ros2/install/g_arm:/home/scott/mercer_garm_ws/install/mercer_g_arm_desktop_bringup:/home/scott/mercer_garm_ws/install/mercer_robot_commander_py:/home/scott/mercer_garm_ws/install/mercer_g_arm_sim:/home/scott/mercer_garm_ws/install/mercer_g_arm_rpi_bringup:/home/scott/mercer_garm_ws/install/mercer_g_arm:/home/scott/mercer_garm_ws/install/mercer_g-arm_rpi_bringup:/home/scott/mercer_garm_ws/install/mercer_g-arm_desktop_bringup:/home/scott/mercer_garm_ws/install/joy_js_pkg:/home/scott/mercer_garm_ws/install/garm_motion_planning_demos:/home/scott/mercer_garm_ws/install/g_arm_trajectory_bridge:/home/scott/mercer_garm_ws/install/g_arm_python_examples:/home/scott/mercer_garm_ws/install/g-arm_simulation:/home/scott/mercer_garm_ws/install/g_arm:/home/scott/ros2_ws/install/joy_js_pkg:/home/scott/ros2_ws/install/garm_motion_planning_demos:/home/scott/ros2_ws/install/g_arm_trajectory_bridge:/home/scott/ros2_ws/install/g_arm_python_examples:/home/scott/ros2_ws/install/g-arm_simulation:/home/scott/ros2_ws/install/g_arm:/home/scott/ws_moveit/install/moveit_configs_utils:/opt/ros/jazzy DEBUGINFOD_URLS=https://debuginfod.ubuntu.com PS1=(ros2_venv) \[\e]0;\u@\h: \w\a\]${debian_chroot:+($debian_chroot)}\[\033[01;32m\]\u@\h\[\033[00m\]:\[\033[01;34m\]\w\[\033[00m\]\$ VIRTUAL_ENV_PROMPT=(ros2_venv) /snap/bin/cmake --install /home/scott/mercer_garm/ros2/build/mercer_g_arm_topic_hw
[6.497s] Level 1:colcon.colcon_core.environment:create_environment_scripts_only(mercer_g_arm_topic_hw)
[6.497s] Level 1:colcon.colcon_core.environment:checking '/home/scott/mercer_garm/ros2/install/mercer_g_arm_topic_hw' for CMake module files
[6.500s] DEBUG:colcon.colcon_core.event_handler.log_command:Invoked command in '/home/scott/mercer_garm/ros2/build/mercer_g_arm_topic_hw' returned '0': CMAKE_PREFIX_PATH=${CMAKE_PREFIX_PATH}:/home/scott/mercer_garm/ros2/install/mercer_robot_commander_py:/home/scott/mercer_garm/ros2/install/mercer_g_arm_desktop_bringup:/home/scott/mercer_garm/ros2/install/mercer_g_arm_sim:/home/scott/mercer_garm/ros2/install/mercer_g_arm_rpi_bringup:/home/scott/mercer_garm/ros2/install/mercer_g_arm:/home/scott/mercer_garm/ros2/install/mercer_g-arm_rpi_bringup:/home/scott/mercer_garm/ros2/install/mercer_g-arm_desktop_bringup:/home/scott/mercer_garm/ros2/install/joy_js_pkg:/home/scott/mercer_garm/ros2/install/garm_motion_planning_demos:/home/scott/mercer_garm/ros2/install/g_arm_trajectory_bridge:/home/scott/mercer_garm/ros2/install/g_arm_python_examples:/home/scott/mercer_garm/ros2/install/g-arm_simulation:/home/scott/mercer_garm/ros2/install/g_arm:/home/scott/mercer_garm_ws/install/mercer_g_arm_desktop_bringup:/home/scott/mercer_garm_ws/install/mercer_robot_commander_py:/home/scott/mercer_garm_ws/install/mercer_g_arm_sim:/home/scott/mercer_garm_ws/install/mercer_g_arm_rpi_bringup:/home/scott/mercer_garm_ws/install/mercer_g_arm:/home/scott/mercer_garm_ws/install/mercer_g-arm_rpi_bringup:/home/scott/mercer_garm_ws/install/mercer_g-arm_desktop_bringup:/home/scott/mercer_garm_ws/install/joy_js_pkg:/home/scott/mercer_garm_ws/install/garm_motion_planning_demos:/home/scott/mercer_garm_ws/install/g_arm_trajectory_bridge:/home/scott/mercer_garm_ws/install/g_arm_python_examples:/home/scott/mercer_garm_ws/install/g-arm_simulation:/home/scott/mercer_garm_ws/install/g_arm:/home/scott/ros2_ws/install/joy_js_pkg:/home/scott/ros2_ws/install/garm_motion_planning_demos:/home/scott/ros2_ws/install/g_arm_trajectory_bridge:/home/scott/ros2_ws/install/g_arm_python_examples:/home/scott/ros2_ws/install/g-arm_simulation:/home/scott/ros2_ws/install/g_arm:/home/scott/ws_moveit/install/moveit_configs_utils:/opt/ros/jazzy DEBUGINFOD_URLS=https://debuginfod.ubuntu.com PS1=(ros2_venv) \[\e]0;\u@\h: \w\a\]${debian_chroot:+($debian_chroot)}\[\033[01;32m\]\u@\h\[\033[00m\]:\[\033[01;34m\]\w\[\033[00m\]\$ VIRTUAL_ENV_PROMPT=(ros2_venv) /snap/bin/cmake --install /home/scott/mercer_garm/ros2/build/mercer_g_arm_topic_hw
[6.500s] Level 1:colcon.colcon_core.environment:checking '/home/scott/mercer_garm/ros2/install/mercer_g_arm_topic_hw' for CMake config files
[6.500s] Level 1:colcon.colcon_core.shell:create_environment_hook('mercer_g_arm_topic_hw', 'cmake_prefix_path')
[6.501s] INFO:colcon.colcon_core.shell:Creating environment hook '/home/scott/mercer_garm/ros2/install/mercer_g_arm_topic_hw/share/mercer_g_arm_topic_hw/hook/cmake_prefix_path.ps1'
[6.501s] INFO:colcon.colcon_core.shell:Creating environment descriptor '/home/scott/mercer_garm/ros2/install/mercer_g_arm_topic_hw/share/mercer_g_arm_topic_hw/hook/cmake_prefix_path.dsv'
[6.502s] INFO:colcon.colcon_core.shell:Creating environment hook '/home/scott/mercer_garm/ros2/install/mercer_g_arm_topic_hw/share/mercer_g_arm_topic_hw/hook/cmake_prefix_path.sh'
[6.503s] Level 1:colcon.colcon_core.environment:checking '/home/scott/mercer_garm/ros2/install/mercer_g_arm_topic_hw/lib'
[6.503s] Level 1:colcon.colcon_core.shell:create_environment_hook('mercer_g_arm_topic_hw', 'ld_library_path_lib')
[6.504s] INFO:colcon.colcon_core.shell:Creating environment hook '/home/scott/mercer_garm/ros2/install/mercer_g_arm_topic_hw/share/mercer_g_arm_topic_hw/hook/ld_library_path_lib.ps1'
[6.504s] INFO:colcon.colcon_core.shell:Creating environment descriptor '/home/scott/mercer_garm/ros2/install/mercer_g_arm_topic_hw/share/mercer_g_arm_topic_hw/hook/ld_library_path_lib.dsv'
[6.504s] INFO:colcon.colcon_core.shell:Creating environment hook '/home/scott/mercer_garm/ros2/install/mercer_g_arm_topic_hw/share/mercer_g_arm_topic_hw/hook/ld_library_path_lib.sh'
[6.505s] Level 1:colcon.colcon_core.environment:checking '/home/scott/mercer_garm/ros2/install/mercer_g_arm_topic_hw/bin'
[6.505s] Level 1:colcon.colcon_core.environment:checking '/home/scott/mercer_garm/ros2/install/mercer_g_arm_topic_hw/lib/pkgconfig/mercer_g_arm_topic_hw.pc'
[6.505s] Level 1:colcon.colcon_core.environment:checking '/home/scott/mercer_garm/ros2/install/mercer_g_arm_topic_hw/lib/python3.12/site-packages'
[6.505s] Level 1:colcon.colcon_core.environment:checking '/home/scott/mercer_garm/ros2/install/mercer_g_arm_topic_hw/bin'
[6.506s] INFO:colcon.colcon_core.shell:Creating package script '/home/scott/mercer_garm/ros2/install/mercer_g_arm_topic_hw/share/mercer_g_arm_topic_hw/package.ps1'
[6.506s] INFO:colcon.colcon_core.shell:Creating package descriptor '/home/scott/mercer_garm/ros2/install/mercer_g_arm_topic_hw/share/mercer_g_arm_topic_hw/package.dsv'
[6.507s] INFO:colcon.colcon_core.shell:Creating package script '/home/scott/mercer_garm/ros2/install/mercer_g_arm_topic_hw/share/mercer_g_arm_topic_hw/package.sh'
[6.507s] INFO:colcon.colcon_core.shell:Creating package script '/home/scott/mercer_garm/ros2/install/mercer_g_arm_topic_hw/share/mercer_g_arm_topic_hw/package.bash'
[6.508s] INFO:colcon.colcon_core.shell:Creating package script '/home/scott/mercer_garm/ros2/install/mercer_g_arm_topic_hw/share/mercer_g_arm_topic_hw/package.zsh'
[6.508s] Level 1:colcon.colcon_core.environment:create_file_with_runtime_dependencies(/home/scott/mercer_garm/ros2/install/mercer_g_arm_topic_hw/share/colcon-core/packages/mercer_g_arm_topic_hw)
[6.509s] Level 1:colcon.colcon_core.environment:create_environment_scripts_only(mercer_g_arm_topic_hw)
[6.510s] Level 1:colcon.colcon_core.environment:checking '/home/scott/mercer_garm/ros2/install/mercer_g_arm_topic_hw' for CMake module files
[6.510s] Level 1:colcon.colcon_core.environment:checking '/home/scott/mercer_garm/ros2/install/mercer_g_arm_topic_hw' for CMake config files
[6.510s] Level 1:colcon.colcon_core.shell:create_environment_hook('mercer_g_arm_topic_hw', 'cmake_prefix_path')
[6.510s] INFO:colcon.colcon_core.shell:Creating environment hook '/home/scott/mercer_garm/ros2/install/mercer_g_arm_topic_hw/share/mercer_g_arm_topic_hw/hook/cmake_prefix_path.ps1'
[6.511s] INFO:colcon.colcon_core.shell:Creating environment descriptor '/home/scott/mercer_garm/ros2/install/mercer_g_arm_topic_hw/share/mercer_g_arm_topic_hw/hook/cmake_prefix_path.dsv'
[6.511s] INFO:colcon.colcon_core.shell:Creating environment hook '/home/scott/mercer_garm/ros2/install/mercer_g_arm_topic_hw/share/mercer_g_arm_topic_hw/hook/cmake_prefix_path.sh'
[6.512s] Level 1:colcon.colcon_core.environment:checking '/home/scott/mercer_garm/ros2/install/mercer_g_arm_topic_hw/lib'
[6.512s] Level 1:colcon.colcon_core.shell:create_environment_hook('mercer_g_arm_topic_hw', 'ld_library_path_lib')
[6.512s] INFO:colcon.colcon_core.shell:Creating environment hook '/home/scott/mercer_garm/ros2/install/mercer_g_arm_topic_hw/share/mercer_g_arm_topic_hw/hook/ld_library_path_lib.ps1'
[6.516s] INFO:colcon.colcon_core.shell:Creating environment descriptor '/home/scott/mercer_garm/ros2/install/mercer_g_arm_topic_hw/share/mercer_g_arm_topic_hw/hook/ld_library_path_lib.dsv'
[6.516s] INFO:colcon.colcon_core.shell:Creating environment hook '/home/scott/mercer_garm/ros2/install/mercer_g_arm_topic_hw/share/mercer_g_arm_topic_hw/hook/ld_library_path_lib.sh'
[6.518s] Level 1:colcon.colcon_core.environment:checking '/home/scott/mercer_garm/ros2/install/mercer_g_arm_topic_hw/bin'
[6.518s] Level 1:colcon.colcon_core.environment:checking '/home/scott/mercer_garm/ros2/install/mercer_g_arm_topic_hw/lib/pkgconfig/mercer_g_arm_topic_hw.pc'
[6.521s] Level 1:colcon.colcon_core.environment:checking '/home/scott/mercer_garm/ros2/install/mercer_g_arm_topic_hw/lib/python3.12/site-packages'
[6.521s] Level 1:colcon.colcon_core.environment:checking '/home/scott/mercer_garm/ros2/install/mercer_g_arm_topic_hw/bin'
[6.521s] INFO:colcon.colcon_core.shell:Creating package script '/home/scott/mercer_garm/ros2/install/mercer_g_arm_topic_hw/share/mercer_g_arm_topic_hw/package.ps1'
[6.522s] INFO:colcon.colcon_core.shell:Creating package descriptor '/home/scott/mercer_garm/ros2/install/mercer_g_arm_topic_hw/share/mercer_g_arm_topic_hw/package.dsv'
[6.524s] INFO:colcon.colcon_core.shell:Creating package script '/home/scott/mercer_garm/ros2/install/mercer_g_arm_topic_hw/share/mercer_g_arm_topic_hw/package.sh'
[6.524s] INFO:colcon.colcon_core.shell:Creating package script '/home/scott/mercer_garm/ros2/install/mercer_g_arm_topic_hw/share/mercer_g_arm_topic_hw/package.bash'
[6.525s] INFO:colcon.colcon_core.shell:Creating package script '/home/scott/mercer_garm/ros2/install/mercer_g_arm_topic_hw/share/mercer_g_arm_topic_hw/package.zsh'
[6.525s] Level 1:colcon.colcon_core.environment:create_file_with_runtime_dependencies(/home/scott/mercer_garm/ros2/install/mercer_g_arm_topic_hw/share/colcon-core/packages/mercer_g_arm_topic_hw)
[6.530s] INFO:colcon.colcon_ros.task.ament_python.build:Building ROS package in '/home/scott/mercer_garm/ros2/src/mercer_g_arm_desktop_bringup' with build type 'ament_python'
[6.530s] Level 1:colcon.colcon_core.shell:create_environment_hook('mercer_g_arm_desktop_bringup', 'ament_prefix_path')
[6.530s] INFO:colcon.colcon_core.shell:Creating environment hook '/home/scott/mercer_garm/ros2/install/mercer_g_arm_desktop_bringup/share/mercer_g_arm_desktop_bringup/hook/ament_prefix_path.ps1'
[6.531s] INFO:colcon.colcon_core.shell:Creating environment descriptor '/home/scott/mercer_garm/ros2/install/mercer_g_arm_desktop_bringup/share/mercer_g_arm_desktop_bringup/hook/ament_prefix_path.dsv'
[6.531s] INFO:colcon.colcon_core.shell:Creating environment hook '/home/scott/mercer_garm/ros2/install/mercer_g_arm_desktop_bringup/share/mercer_g_arm_desktop_bringup/hook/ament_prefix_path.sh'
[6.532s] INFO:colcon.colcon_core.shell:Skip shell extension 'powershell' for command environment: Not usable outside of PowerShell
[6.532s] DEBUG:colcon.colcon_core.shell:Skip shell extension 'dsv' for command environment
[6.963s] INFO:colcon.colcon_core.task.python.build:Building Python package in '/home/scott/mercer_garm/ros2/src/mercer_g_arm_desktop_bringup'
[6.963s] INFO:colcon.colcon_core.shell:Skip shell extension 'powershell' for command environment: Not usable outside of PowerShell
[6.963s] DEBUG:colcon.colcon_core.shell:Skip shell extension 'dsv' for command environment
[6.976s] DEBUG:colcon.colcon_core.event_handler.log_command:Invoking command in '/home/scott/mercer_garm/ros2/src/mercer_g_arm_rpi_bringup': DEBUGINFOD_URLS=https://debuginfod.ubuntu.com PS1=(ros2_venv) \[\e]0;\u@\h: \w\a\]${debian_chroot:+($debian_chroot)}\[\033[01;32m\]\u@\h\[\033[00m\]:\[\033[01;34m\]\w\[\033[00m\]\$ PYTHONPATH=/home/scott/mercer_garm/ros2/build/mercer_g_arm_rpi_bringup/prefix_override:/usr/lib/python3/dist-packages/colcon_core/task/python/colcon_distutils_commands:/home/scott/mercer_garm/ros2/install/mercer_g_arm_rpi_bringup/lib/python3.12/site-packages:${PYTHONPATH} VIRTUAL_ENV_PROMPT=(ros2_venv) /usr/bin/python3 -W ignore:setup.py install is deprecated -W ignore:easy_install command is deprecated setup.py egg_info --egg-base ../../build/mercer_g_arm_rpi_bringup build --build-base /home/scott/mercer_garm/ros2/build/mercer_g_arm_rpi_bringup/build install --record /home/scott/mercer_garm/ros2/build/mercer_g_arm_rpi_bringup/install.log --single-version-externally-managed install_data
[7.026s] DEBUG:colcon.colcon_core.event_handler.log_command:Invoked command in '/home/scott/mercer_garm/ros2/build/pi_gpio_interface' returned '0': CMAKE_PREFIX_PATH=${CMAKE_PREFIX_PATH}:/home/scott/mercer_garm/ros2/install/mercer_robot_commander_py:/home/scott/mercer_garm/ros2/install/mercer_g_arm_desktop_bringup:/home/scott/mercer_garm/ros2/install/mercer_g_arm_sim:/home/scott/mercer_garm/ros2/install/mercer_g_arm_rpi_bringup:/home/scott/mercer_garm/ros2/install/mercer_g_arm:/home/scott/mercer_garm/ros2/install/mercer_g-arm_rpi_bringup:/home/scott/mercer_garm/ros2/install/mercer_g-arm_desktop_bringup:/home/scott/mercer_garm/ros2/install/joy_js_pkg:/home/scott/mercer_garm/ros2/install/garm_motion_planning_demos:/home/scott/mercer_garm/ros2/install/g_arm_trajectory_bridge:/home/scott/mercer_garm/ros2/install/g_arm_python_examples:/home/scott/mercer_garm/ros2/install/g-arm_simulation:/home/scott/mercer_garm/ros2/install/g_arm:/home/scott/mercer_garm_ws/install/mercer_g_arm_desktop_bringup:/home/scott/mercer_garm_ws/install/mercer_robot_commander_py:/home/scott/mercer_garm_ws/install/mercer_g_arm_sim:/home/scott/mercer_garm_ws/install/mercer_g_arm_rpi_bringup:/home/scott/mercer_garm_ws/install/mercer_g_arm:/home/scott/mercer_garm_ws/install/mercer_g-arm_rpi_bringup:/home/scott/mercer_garm_ws/install/mercer_g-arm_desktop_bringup:/home/scott/mercer_garm_ws/install/joy_js_pkg:/home/scott/mercer_garm_ws/install/garm_motion_planning_demos:/home/scott/mercer_garm_ws/install/g_arm_trajectory_bridge:/home/scott/mercer_garm_ws/install/g_arm_python_examples:/home/scott/mercer_garm_ws/install/g-arm_simulation:/home/scott/mercer_garm_ws/install/g_arm:/home/scott/ros2_ws/install/joy_js_pkg:/home/scott/ros2_ws/install/garm_motion_planning_demos:/home/scott/ros2_ws/install/g_arm_trajectory_bridge:/home/scott/ros2_ws/install/g_arm_python_examples:/home/scott/ros2_ws/install/g-arm_simulation:/home/scott/ros2_ws/install/g_arm:/home/scott/ws_moveit/install/moveit_configs_utils:/opt/ros/jazzy DEBUGINFOD_URLS=https://debuginfod.ubuntu.com PS1=(ros2_venv) \[\e]0;\u@\h: \w\a\]${debian_chroot:+($debian_chroot)}\[\033[01;32m\]\u@\h\[\033[00m\]:\[\033[01;34m\]\w\[\033[00m\]\$ VIRTUAL_ENV_PROMPT=(ros2_venv) /snap/bin/cmake --build /home/scott/mercer_garm/ros2/build/pi_gpio_interface -- -j4 -l4
[7.044s] DEBUG:colcon.colcon_core.event_handler.log_command:Invoking command in '/home/scott/mercer_garm/ros2/build/pi_gpio_interface': CMAKE_PREFIX_PATH=${CMAKE_PREFIX_PATH}:/home/scott/mercer_garm/ros2/install/mercer_robot_commander_py:/home/scott/mercer_garm/ros2/install/mercer_g_arm_desktop_bringup:/home/scott/mercer_garm/ros2/install/mercer_g_arm_sim:/home/scott/mercer_garm/ros2/install/mercer_g_arm_rpi_bringup:/home/scott/mercer_garm/ros2/install/mercer_g_arm:/home/scott/mercer_garm/ros2/install/mercer_g-arm_rpi_bringup:/home/scott/mercer_garm/ros2/install/mercer_g-arm_desktop_bringup:/home/scott/mercer_garm/ros2/install/joy_js_pkg:/home/scott/mercer_garm/ros2/install/garm_motion_planning_demos:/home/scott/mercer_garm/ros2/install/g_arm_trajectory_bridge:/home/scott/mercer_garm/ros2/install/g_arm_python_examples:/home/scott/mercer_garm/ros2/install/g-arm_simulation:/home/scott/mercer_garm/ros2/install/g_arm:/home/scott/mercer_garm_ws/install/mercer_g_arm_desktop_bringup:/home/scott/mercer_garm_ws/install/mercer_robot_commander_py:/home/scott/mercer_garm_ws/install/mercer_g_arm_sim:/home/scott/mercer_garm_ws/install/mercer_g_arm_rpi_bringup:/home/scott/mercer_garm_ws/install/mercer_g_arm:/home/scott/mercer_garm_ws/install/mercer_g-arm_rpi_bringup:/home/scott/mercer_garm_ws/install/mercer_g-arm_desktop_bringup:/home/scott/mercer_garm_ws/install/joy_js_pkg:/home/scott/mercer_garm_ws/install/garm_motion_planning_demos:/home/scott/mercer_garm_ws/install/g_arm_trajectory_bridge:/home/scott/mercer_garm_ws/install/g_arm_python_examples:/home/scott/mercer_garm_ws/install/g-arm_simulation:/home/scott/mercer_garm_ws/install/g_arm:/home/scott/ros2_ws/install/joy_js_pkg:/home/scott/ros2_ws/install/garm_motion_planning_demos:/home/scott/ros2_ws/install/g_arm_trajectory_bridge:/home/scott/ros2_ws/install/g_arm_python_examples:/home/scott/ros2_ws/install/g-arm_simulation:/home/scott/ros2_ws/install/g_arm:/home/scott/ws_moveit/install/moveit_configs_utils:/opt/ros/jazzy DEBUGINFOD_URLS=https://debuginfod.ubuntu.com PS1=(ros2_venv) \[\e]0;\u@\h: \w\a\]${debian_chroot:+($debian_chroot)}\[\033[01;32m\]\u@\h\[\033[00m\]:\[\033[01;34m\]\w\[\033[00m\]\$ VIRTUAL_ENV_PROMPT=(ros2_venv) /snap/bin/cmake --install /home/scott/mercer_garm/ros2/build/pi_gpio_interface
[7.086s] Level 1:colcon.colcon_core.environment:checking '/home/scott/mercer_garm/ros2/install/mercer_g_arm' for CMake module files
[7.086s] Level 1:colcon.colcon_core.environment:checking '/home/scott/mercer_garm/ros2/install/mercer_g_arm' for CMake config files
[7.087s] DEBUG:colcon.colcon_core.event_handler.log_command:Invoked command in '/home/scott/mercer_garm/ros2/src/mercer_g_arm' returned '0': DEBUGINFOD_URLS=https://debuginfod.ubuntu.com PS1=(ros2_venv) \[\e]0;\u@\h: \w\a\]${debian_chroot:+($debian_chroot)}\[\033[01;32m\]\u@\h\[\033[00m\]:\[\033[01;34m\]\w\[\033[00m\]\$ PYTHONPATH=/home/scott/mercer_garm/ros2/build/mercer_g_arm/prefix_override:/usr/lib/python3/dist-packages/colcon_core/task/python/colcon_distutils_commands:/home/scott/mercer_garm/ros2/install/mercer_g_arm/lib/python3.12/site-packages:${PYTHONPATH} VIRTUAL_ENV_PROMPT=(ros2_venv) /usr/bin/python3 -W ignore:setup.py install is deprecated -W ignore:easy_install command is deprecated setup.py egg_info --egg-base ../../build/mercer_g_arm build --build-base /home/scott/mercer_garm/ros2/build/mercer_g_arm/build install --record /home/scott/mercer_garm/ros2/build/mercer_g_arm/install.log --single-version-externally-managed install_data
[7.088s] Level 1:colcon.colcon_core.environment:checking '/home/scott/mercer_garm/ros2/install/mercer_g_arm/lib'
[7.088s] Level 1:colcon.colcon_core.environment:checking '/home/scott/mercer_garm/ros2/install/mercer_g_arm/bin'
[7.088s] Level 1:colcon.colcon_core.environment:checking '/home/scott/mercer_garm/ros2/install/mercer_g_arm/lib/pkgconfig/mercer_g_arm.pc'
[7.088s] Level 1:colcon.colcon_core.environment:checking '/home/scott/mercer_garm/ros2/install/mercer_g_arm/lib/python3.12/site-packages'
[7.088s] Level 1:colcon.colcon_core.shell:create_environment_hook('mercer_g_arm', 'pythonpath')
[7.088s] INFO:colcon.colcon_core.shell:Creating environment hook '/home/scott/mercer_garm/ros2/install/mercer_g_arm/share/mercer_g_arm/hook/pythonpath.ps1'
[7.089s] INFO:colcon.colcon_core.shell:Creating environment descriptor '/home/scott/mercer_garm/ros2/install/mercer_g_arm/share/mercer_g_arm/hook/pythonpath.dsv'
[7.089s] INFO:colcon.colcon_core.shell:Creating environment hook '/home/scott/mercer_garm/ros2/install/mercer_g_arm/share/mercer_g_arm/hook/pythonpath.sh'
[7.090s] Level 1:colcon.colcon_core.environment:checking '/home/scott/mercer_garm/ros2/install/mercer_g_arm/bin'
[7.090s] Level 1:colcon.colcon_core.environment:create_environment_scripts_only(mercer_g_arm)
[7.090s] INFO:colcon.colcon_core.shell:Creating package script '/home/scott/mercer_garm/ros2/install/mercer_g_arm/share/mercer_g_arm/package.ps1'
[7.091s] INFO:colcon.colcon_core.shell:Creating package descriptor '/home/scott/mercer_garm/ros2/install/mercer_g_arm/share/mercer_g_arm/package.dsv'
[7.091s] INFO:colcon.colcon_core.shell:Creating package script '/home/scott/mercer_garm/ros2/install/mercer_g_arm/share/mercer_g_arm/package.sh'
[7.092s] INFO:colcon.colcon_core.shell:Creating package script '/home/scott/mercer_garm/ros2/install/mercer_g_arm/share/mercer_g_arm/package.bash'
[7.092s] INFO:colcon.colcon_core.shell:Creating package script '/home/scott/mercer_garm/ros2/install/mercer_g_arm/share/mercer_g_arm/package.zsh'
[7.093s] Level 1:colcon.colcon_core.environment:create_file_with_runtime_dependencies(/home/scott/mercer_garm/ros2/install/mercer_g_arm/share/colcon-core/packages/mercer_g_arm)
[7.093s] INFO:colcon.colcon_ros.task.ament_python.build:Building ROS package in '/home/scott/mercer_garm/ros2/src/mercer_g_arm_sim' with build type 'ament_python'
[7.093s] Level 1:colcon.colcon_core.shell:create_environment_hook('mercer_g_arm_sim', 'ament_prefix_path')
[7.094s] INFO:colcon.colcon_core.shell:Creating environment hook '/home/scott/mercer_garm/ros2/install/mercer_g_arm_sim/share/mercer_g_arm_sim/hook/ament_prefix_path.ps1'
[7.094s] INFO:colcon.colcon_core.shell:Creating environment descriptor '/home/scott/mercer_garm/ros2/install/mercer_g_arm_sim/share/mercer_g_arm_sim/hook/ament_prefix_path.dsv'
[7.094s] INFO:colcon.colcon_core.shell:Creating environment hook '/home/scott/mercer_garm/ros2/install/mercer_g_arm_sim/share/mercer_g_arm_sim/hook/ament_prefix_path.sh'
[7.096s] INFO:colcon.colcon_core.shell:Skip shell extension 'powershell' for command environment: Not usable outside of PowerShell
[7.096s] DEBUG:colcon.colcon_core.shell:Skip shell extension 'dsv' for command environment
[7.516s] INFO:colcon.colcon_core.task.python.build:Building Python package in '/home/scott/mercer_garm/ros2/src/mercer_g_arm_sim'
[7.516s] INFO:colcon.colcon_core.shell:Skip shell extension 'powershell' for command environment: Not usable outside of PowerShell
[7.516s] DEBUG:colcon.colcon_core.shell:Skip shell extension 'dsv' for command environment
[7.529s] Level 1:colcon.colcon_core.environment:create_environment_scripts_only(pi_gpio_interface)
[7.529s] Level 1:colcon.colcon_core.environment:checking '/home/scott/mercer_garm/ros2/install/pi_gpio_interface' for CMake module files
[7.530s] DEBUG:colcon.colcon_core.event_handler.log_command:Invoked command in '/home/scott/mercer_garm/ros2/build/pi_gpio_interface' returned '0': CMAKE_PREFIX_PATH=${CMAKE_PREFIX_PATH}:/home/scott/mercer_garm/ros2/install/mercer_robot_commander_py:/home/scott/mercer_garm/ros2/install/mercer_g_arm_desktop_bringup:/home/scott/mercer_garm/ros2/install/mercer_g_arm_sim:/home/scott/mercer_garm/ros2/install/mercer_g_arm_rpi_bringup:/home/scott/mercer_garm/ros2/install/mercer_g_arm:/home/scott/mercer_garm/ros2/install/mercer_g-arm_rpi_bringup:/home/scott/mercer_garm/ros2/install/mercer_g-arm_desktop_bringup:/home/scott/mercer_garm/ros2/install/joy_js_pkg:/home/scott/mercer_garm/ros2/install/garm_motion_planning_demos:/home/scott/mercer_garm/ros2/install/g_arm_trajectory_bridge:/home/scott/mercer_garm/ros2/install/g_arm_python_examples:/home/scott/mercer_garm/ros2/install/g-arm_simulation:/home/scott/mercer_garm/ros2/install/g_arm:/home/scott/mercer_garm_ws/install/mercer_g_arm_desktop_bringup:/home/scott/mercer_garm_ws/install/mercer_robot_commander_py:/home/scott/mercer_garm_ws/install/mercer_g_arm_sim:/home/scott/mercer_garm_ws/install/mercer_g_arm_rpi_bringup:/home/scott/mercer_garm_ws/install/mercer_g_arm:/home/scott/mercer_garm_ws/install/mercer_g-arm_rpi_bringup:/home/scott/mercer_garm_ws/install/mercer_g-arm_desktop_bringup:/home/scott/mercer_garm_ws/install/joy_js_pkg:/home/scott/mercer_garm_ws/install/garm_motion_planning_demos:/home/scott/mercer_garm_ws/install/g_arm_trajectory_bridge:/home/scott/mercer_garm_ws/install/g_arm_python_examples:/home/scott/mercer_garm_ws/install/g-arm_simulation:/home/scott/mercer_garm_ws/install/g_arm:/home/scott/ros2_ws/install/joy_js_pkg:/home/scott/ros2_ws/install/garm_motion_planning_demos:/home/scott/ros2_ws/install/g_arm_trajectory_bridge:/home/scott/ros2_ws/install/g_arm_python_examples:/home/scott/ros2_ws/install/g-arm_simulation:/home/scott/ros2_ws/install/g_arm:/home/scott/ws_moveit/install/moveit_configs_utils:/opt/ros/jazzy DEBUGINFOD_URLS=https://debuginfod.ubuntu.com PS1=(ros2_venv) \[\e]0;\u@\h: \w\a\]${debian_chroot:+($debian_chroot)}\[\033[01;32m\]\u@\h\[\033[00m\]:\[\033[01;34m\]\w\[\033[00m\]\$ VIRTUAL_ENV_PROMPT=(ros2_venv) /snap/bin/cmake --install /home/scott/mercer_garm/ros2/build/pi_gpio_interface
[7.530s] Level 1:colcon.colcon_core.environment:checking '/home/scott/mercer_garm/ros2/install/pi_gpio_interface' for CMake config files
[7.531s] Level 1:colcon.colcon_core.shell:create_environment_hook('pi_gpio_interface', 'cmake_prefix_path')
[7.531s] INFO:colcon.colcon_core.shell:Creating environment hook '/home/scott/mercer_garm/ros2/install/pi_gpio_interface/share/pi_gpio_interface/hook/cmake_prefix_path.ps1'
[7.531s] INFO:colcon.colcon_core.shell:Creating environment descriptor '/home/scott/mercer_garm/ros2/install/pi_gpio_interface/share/pi_gpio_interface/hook/cmake_prefix_path.dsv'
[7.531s] INFO:colcon.colcon_core.shell:Creating environment hook '/home/scott/mercer_garm/ros2/install/pi_gpio_interface/share/pi_gpio_interface/hook/cmake_prefix_path.sh'
[7.532s] Level 1:colcon.colcon_core.environment:checking '/home/scott/mercer_garm/ros2/install/pi_gpio_interface/lib'
[7.532s] Level 1:colcon.colcon_core.shell:create_environment_hook('pi_gpio_interface', 'ld_library_path_lib')
[7.532s] INFO:colcon.colcon_core.shell:Creating environment hook '/home/scott/mercer_garm/ros2/install/pi_gpio_interface/share/pi_gpio_interface/hook/ld_library_path_lib.ps1'
[7.533s] INFO:colcon.colcon_core.shell:Creating environment descriptor '/home/scott/mercer_garm/ros2/install/pi_gpio_interface/share/pi_gpio_interface/hook/ld_library_path_lib.dsv'
[7.533s] INFO:colcon.colcon_core.shell:Creating environment hook '/home/scott/mercer_garm/ros2/install/pi_gpio_interface/share/pi_gpio_interface/hook/ld_library_path_lib.sh'
[7.533s] Level 1:colcon.colcon_core.environment:checking '/home/scott/mercer_garm/ros2/install/pi_gpio_interface/bin'
[7.533s] Level 1:colcon.colcon_core.environment:checking '/home/scott/mercer_garm/ros2/install/pi_gpio_interface/lib/pkgconfig/pi_gpio_interface.pc'
[7.534s] Level 1:colcon.colcon_core.environment:checking '/home/scott/mercer_garm/ros2/install/pi_gpio_interface/lib/python3.12/site-packages'
[7.534s] Level 1:colcon.colcon_core.shell:create_environment_hook('pi_gpio_interface', 'pythonpath')
[7.534s] INFO:colcon.colcon_core.shell:Creating environment hook '/home/scott/mercer_garm/ros2/install/pi_gpio_interface/share/pi_gpio_interface/hook/pythonpath.ps1'
[7.534s] INFO:colcon.colcon_core.shell:Creating environment descriptor '/home/scott/mercer_garm/ros2/install/pi_gpio_interface/share/pi_gpio_interface/hook/pythonpath.dsv'
[7.535s] INFO:colcon.colcon_core.shell:Creating environment hook '/home/scott/mercer_garm/ros2/install/pi_gpio_interface/share/pi_gpio_interface/hook/pythonpath.sh'
[7.535s] Level 1:colcon.colcon_core.environment:checking '/home/scott/mercer_garm/ros2/install/pi_gpio_interface/bin'
[7.536s] INFO:colcon.colcon_core.shell:Creating package script '/home/scott/mercer_garm/ros2/install/pi_gpio_interface/share/pi_gpio_interface/package.ps1'
[7.536s] INFO:colcon.colcon_core.shell:Creating package descriptor '/home/scott/mercer_garm/ros2/install/pi_gpio_interface/share/pi_gpio_interface/package.dsv'
[7.537s] INFO:colcon.colcon_core.shell:Creating package script '/home/scott/mercer_garm/ros2/install/pi_gpio_interface/share/pi_gpio_interface/package.sh'
[7.537s] INFO:colcon.colcon_core.shell:Creating package script '/home/scott/mercer_garm/ros2/install/pi_gpio_interface/share/pi_gpio_interface/package.bash'
[7.538s] INFO:colcon.colcon_core.shell:Creating package script '/home/scott/mercer_garm/ros2/install/pi_gpio_interface/share/pi_gpio_interface/package.zsh'
[7.538s] Level 1:colcon.colcon_core.environment:create_file_with_runtime_dependencies(/home/scott/mercer_garm/ros2/install/pi_gpio_interface/share/colcon-core/packages/pi_gpio_interface)
[7.539s] Level 1:colcon.colcon_core.environment:create_environment_scripts_only(pi_gpio_interface)
[7.539s] Level 1:colcon.colcon_core.environment:checking '/home/scott/mercer_garm/ros2/install/pi_gpio_interface' for CMake module files
[7.539s] Level 1:colcon.colcon_core.environment:checking '/home/scott/mercer_garm/ros2/install/pi_gpio_interface' for CMake config files
[7.540s] Level 1:colcon.colcon_core.shell:create_environment_hook('pi_gpio_interface', 'cmake_prefix_path')
[7.540s] INFO:colcon.colcon_core.shell:Creating environment hook '/home/scott/mercer_garm/ros2/install/pi_gpio_interface/share/pi_gpio_interface/hook/cmake_prefix_path.ps1'
[7.540s] INFO:colcon.colcon_core.shell:Creating environment descriptor '/home/scott/mercer_garm/ros2/install/pi_gpio_interface/share/pi_gpio_interface/hook/cmake_prefix_path.dsv'
[7.540s] INFO:colcon.colcon_core.shell:Creating environment hook '/home/scott/mercer_garm/ros2/install/pi_gpio_interface/share/pi_gpio_interface/hook/cmake_prefix_path.sh'
[7.541s] Level 1:colcon.colcon_core.environment:checking '/home/scott/mercer_garm/ros2/install/pi_gpio_interface/lib'
[7.541s] Level 1:colcon.colcon_core.shell:create_environment_hook('pi_gpio_interface', 'ld_library_path_lib')
[7.541s] INFO:colcon.colcon_core.shell:Creating environment hook '/home/scott/mercer_garm/ros2/install/pi_gpio_interface/share/pi_gpio_interface/hook/ld_library_path_lib.ps1'
[7.542s] INFO:colcon.colcon_core.shell:Creating environment descriptor '/home/scott/mercer_garm/ros2/install/pi_gpio_interface/share/pi_gpio_interface/hook/ld_library_path_lib.dsv'
[7.542s] INFO:colcon.colcon_core.shell:Creating environment hook '/home/scott/mercer_garm/ros2/install/pi_gpio_interface/share/pi_gpio_interface/hook/ld_library_path_lib.sh'
[7.542s] Level 1:colcon.colcon_core.environment:checking '/home/scott/mercer_garm/ros2/install/pi_gpio_interface/bin'
[7.542s] Level 1:colcon.colcon_core.environment:checking '/home/scott/mercer_garm/ros2/install/pi_gpio_interface/lib/pkgconfig/pi_gpio_interface.pc'
[7.543s] Level 1:colcon.colcon_core.environment:checking '/home/scott/mercer_garm/ros2/install/pi_gpio_interface/lib/python3.12/site-packages'
[7.543s] Level 1:colcon.colcon_core.shell:create_environment_hook('pi_gpio_interface', 'pythonpath')
[7.543s] INFO:colcon.colcon_core.shell:Creating environment hook '/home/scott/mercer_garm/ros2/install/pi_gpio_interface/share/pi_gpio_interface/hook/pythonpath.ps1'
[7.543s] INFO:colcon.colcon_core.shell:Creating environment descriptor '/home/scott/mercer_garm/ros2/install/pi_gpio_interface/share/pi_gpio_interface/hook/pythonpath.dsv'
[7.544s] INFO:colcon.colcon_core.shell:Creating environment hook '/home/scott/mercer_garm/ros2/install/pi_gpio_interface/share/pi_gpio_interface/hook/pythonpath.sh'
[7.544s] Level 1:colcon.colcon_core.environment:checking '/home/scott/mercer_garm/ros2/install/pi_gpio_interface/bin'
[7.545s] INFO:colcon.colcon_core.shell:Creating package script '/home/scott/mercer_garm/ros2/install/pi_gpio_interface/share/pi_gpio_interface/package.ps1'
[7.545s] INFO:colcon.colcon_core.shell:Creating package descriptor '/home/scott/mercer_garm/ros2/install/pi_gpio_interface/share/pi_gpio_interface/package.dsv'
[7.546s] INFO:colcon.colcon_core.shell:Creating package script '/home/scott/mercer_garm/ros2/install/pi_gpio_interface/share/pi_gpio_interface/package.sh'
[7.546s] INFO:colcon.colcon_core.shell:Creating package script '/home/scott/mercer_garm/ros2/install/pi_gpio_interface/share/pi_gpio_interface/package.bash'
[7.547s] INFO:colcon.colcon_core.shell:Creating package script '/home/scott/mercer_garm/ros2/install/pi_gpio_interface/share/pi_gpio_interface/package.zsh'
[7.547s] Level 1:colcon.colcon_core.environment:create_file_with_runtime_dependencies(/home/scott/mercer_garm/ros2/install/pi_gpio_interface/share/colcon-core/packages/pi_gpio_interface)
[8.029s] DEBUG:colcon.colcon_core.event_handler.log_command:Invoking command in '/home/scott/mercer_garm/ros2/src/mercer_g_arm_desktop_bringup': CMAKE_PREFIX_PATH=/home/scott/mercer_garm/ros2/install/mercer_robot_commander_cpp:/home/scott/mercer_garm/ros2/install/g_arm_msgs:/home/scott/mercer_garm/ros2/install/pymoveit2:/home/scott/mercer_garm/ros2/install/pi_gpio_interface:/home/scott/mercer_garm/ros2/install/mercer_g_arm_topic_hw:/home/scott/mercer_garm/ros2/install/g_arm_moveit2:/home/scott/mercer_garm/ros2/install/g_arm_description:/home/scott/mercer_garm/ros2/install/g-arm_demos:/home/scott/mercer_garm_ws/install/pymoveit2:/home/scott/mercer_garm_ws/install/pi_gpio_interface:/home/scott/mercer_garm_ws/install/mercer_robot_commander_cpp:/home/scott/mercer_garm_ws/install/mercer_g_arm_topic_hw:/home/scott/mercer_garm_ws/install/g_arm_msgs:/home/scott/mercer_garm_ws/install/g_arm_moveit2:/home/scott/mercer_garm_ws/install/g_arm_description:/home/scott/mercer_garm_ws/install/g-arm_demos:/home/scott/ros2_ws/install/rviz_marker_tools:/home/scott/ros2_ws/install/pymoveit2:/home/scott/ros2_ws/install/moveit_task_constructor_msgs:/home/scott/ros2_ws/install/g_arm_moveit2:/home/scott/ros2_ws/install/g_arm_description:/home/scott/ros2_ws/install/g-arm_demos:/home/scott/ws_moveit/install/robotiq_hardware_tests:/home/scott/ws_moveit/install/robotiq_driver:/home/scott/ws_moveit/install/serial:/home/scott/ws_moveit/install/moveit2_tutorials:/home/scott/ws_moveit/install/moveit_visual_tools:/home/scott/ws_moveit/install/rviz_visual_tools:/home/scott/ws_moveit/install/moveit_task_constructor_demo:/home/scott/ws_moveit/install/moveit_task_constructor_visualization:/home/scott/ws_moveit/install/moveit_task_constructor_capabilities:/home/scott/ws_moveit/install/moveit_task_constructor_core:/home/scott/ws_moveit/install/rviz_marker_tools:/home/scott/ws_moveit/install/kortex_bringup:/home/scott/ws_moveit/install/kinova_gen3_lite_moveit_config:/home/scott/ws_moveit/install/kinova_gen3_7dof_robotiq_2f_85_moveit_config:/home/scott/ws_moveit/install/kinova_gen3_6dof_robotiq_2f_85_moveit_config:/home/scott/ws_moveit/install/kortex_description:/home/scott/ws_moveit/install/robotiq_description:/home/scott/ws_moveit/install/robotiq_controllers:/home/scott/ws_moveit/install/pilz_industrial_motion_planner_testutils:/home/scott/ws_moveit/install/moveit_runtime:/home/scott/ws_moveit/install/moveit:/home/scott/ws_moveit/install/moveit_planners:/home/scott/ws_moveit/install/pilz_industrial_motion_planner:/home/scott/ws_moveit/install/moveit_task_constructor_msgs:/home/scott/ws_moveit/install/moveit_ros_control_interface:/home/scott/ws_moveit/install/moveit_plugins:/home/scott/ws_moveit/install/moveit_simple_controller_manager:/home/scott/ws_moveit/install/moveit_setup_assistant:/home/scott/ws_moveit/install/moveit_setup_srdf_plugins:/home/scott/ws_moveit/install/moveit_setup_core_plugins:/home/scott/ws_moveit/install/moveit_setup_controllers:/home/scott/ws_moveit/install/moveit_setup_app_plugins:/home/scott/ws_moveit/install/moveit_setup_framework:/home/scott/ws_moveit/install/moveit_servo:/home/scott/ws_moveit/install/moveit_ros_trajectory_cache:/home/scott/ws_moveit/install/moveit_ros:/home/scott/ws_moveit/install/moveit_ros_visualization:/home/scott/ws_moveit/install/moveit_py:/home/scott/ws_moveit/install/moveit_hybrid_planning:/home/scott/ws_moveit/install/hello_moveit:/home/scott/ws_moveit/install/moveit_ros_planning_interface:/home/scott/ws_moveit/install/moveit_ros_benchmarks:/home/scott/ws_moveit/install/moveit_ros_warehouse:/home/scott/ws_moveit/install/moveit_ros_robot_interaction:/home/scott/ws_moveit/install/moveit_ros_perception:/home/scott/ws_moveit/install/moveit_resources_prbt_pg70_support:/home/scott/ws_moveit/install/moveit_resources_prbt_moveit_config:/home/scott/ws_moveit/install/moveit_ros_move_group:/home/scott/ws_moveit/install/moveit_planners_ompl:/home/scott/ws_moveit/install/moveit_kinematics:/home/scott/ws_moveit/install/moveit_ros_planning:/home/scott/ws_moveit/install/moveit_ros_occupancy_map_monitor:/home/scott/ws_moveit/install/moveit_resources_prbt_support:/home/scott/ws_moveit/install/moveit_resources_prbt_ikfast_manipulator_plugin:/home/scott/ws_moveit/install/moveit_resources:/home/scott/ws_moveit/install/moveit_resources_pr2_description:/home/scott/ws_moveit/install/moveit_resources_panda_moveit_config:/home/scott/ws_moveit/install/dual_arm_panda_moveit_config:/home/scott/ws_moveit/install/moveit_resources_panda_description:/home/scott/ws_moveit/install/moveit_resources_fanuc_moveit_config:/home/scott/ws_moveit/install/moveit_resources_fanuc_description:/home/scott/ws_moveit/install/moveit_planners_stomp:/home/scott/ws_moveit/install/moveit_planners_chomp:/home/scott/ws_moveit/install/chomp_motion_planner:/home/scott/ws_moveit/install/moveit_core:/home/scott/ws_moveit/install/moveit_msgs:/home/scott/ws_moveit/install/moveit_common:/home/scott/ws_moveit/install/kortex_driver:/home/scott/ws_moveit/install/kortex_api:/opt/ros/jazzy/opt/gz_sim_vendor:/opt/ros/jazzy/opt/gz_sensors_vendor:/opt/ros/jazzy/opt/gz_physics_vendor:/opt/ros/jazzy/opt/sdformat_vendor:/opt/ros/jazzy/opt/gz_gui_vendor:/opt/ros/jazzy/opt/gz_transport_vendor:/opt/ros/jazzy/opt/gz_rendering_vendor:/opt/ros/jazzy/opt/gz_plugin_vendor:/opt/ros/jazzy/opt/gz_fuel_tools_vendor:/opt/ros/jazzy/opt/gz_msgs_vendor:/opt/ros/jazzy/opt/gz_common_vendor:/opt/ros/jazzy/opt/gz_math_vendor:/opt/ros/jazzy/opt/gz_utils_vendor:/opt/ros/jazzy/opt/gz_tools_vendor:/opt/ros/jazzy/opt/gz_ogre_next_vendor:/opt/ros/jazzy/opt/gz_dartsim_vendor:/opt/ros/jazzy/opt/gz_cmake_vendor DEBUGINFOD_URLS=https://debuginfod.ubuntu.com LD_LIBRARY_PATH=/home/scott/mercer_garm/ros2/install/g_arm_msgs/lib:/home/scott/mercer_garm/ros2/install/pi_gpio_interface/lib:/home/scott/mercer_garm/ros2/install/mercer_g_arm_topic_hw/lib:/home/scott/mercer_garm_ws/install/pi_gpio_interface/lib:/home/scott/mercer_garm_ws/install/mercer_g_arm_topic_hw/lib:/home/scott/mercer_garm_ws/install/g_arm_msgs/lib:/home/scott/ros2_ws/install/rviz_marker_tools/lib:/home/scott/ros2_ws/install/moveit_task_constructor_msgs/lib:/home/scott/ws_moveit/install/robotiq_driver/lib:/home/scott/ws_moveit/install/serial/lib:/home/scott/ws_moveit/install/moveit_visual_tools/lib:/home/scott/ws_moveit/install/rviz_visual_tools/lib:/home/scott/ws_moveit/install/moveit_task_constructor_demo/lib:/home/scott/ws_moveit/install/moveit_task_constructor_visualization/lib:/home/scott/ws_moveit/install/moveit_task_constructor_capabilities/lib:/home/scott/ws_moveit/install/moveit_task_constructor_core/lib:/home/scott/ws_moveit/install/rviz_marker_tools/lib:/home/scott/ws_moveit/install/robotiq_controllers/lib:/home/scott/ws_moveit/install/pilz_industrial_motion_planner_testutils/lib:/home/scott/ws_moveit/install/pilz_industrial_motion_planner/lib:/home/scott/ws_moveit/install/moveit_task_constructor_msgs/lib:/home/scott/ws_moveit/install/moveit_ros_control_interface/lib:/home/scott/ws_moveit/install/moveit_simple_controller_manager/lib:/home/scott/ws_moveit/install/moveit_setup_assistant/lib:/home/scott/ws_moveit/install/moveit_setup_srdf_plugins/lib:/home/scott/ws_moveit/install/moveit_setup_core_plugins/lib:/home/scott/ws_moveit/install/moveit_setup_controllers/lib:/home/scott/ws_moveit/install/moveit_setup_app_plugins/lib:/home/scott/ws_moveit/install/moveit_setup_framework/lib:/home/scott/ws_moveit/install/moveit_servo/lib:/home/scott/ws_moveit/install/moveit_ros_trajectory_cache/lib:/home/scott/ws_moveit/install/moveit_ros_visualization/lib:/home/scott/ws_moveit/install/moveit_py/lib:/home/scott/ws_moveit/install/moveit_hybrid_planning/lib:/home/scott/ws_moveit/install/moveit_ros_planning_interface/lib:/home/scott/ws_moveit/install/moveit_ros_benchmarks/lib:/home/scott/ws_moveit/install/moveit_ros_warehouse/lib:/home/scott/ws_moveit/install/moveit_ros_robot_interaction/lib:/home/scott/ws_moveit/install/moveit_ros_perception/lib:/home/scott/ws_moveit/install/moveit_ros_move_group/lib:/home/scott/ws_moveit/install/moveit_planners_ompl/lib:/home/scott/ws_moveit/install/moveit_kinematics/lib:/home/scott/ws_moveit/install/moveit_ros_planning/lib:/home/scott/ws_moveit/install/moveit_ros_occupancy_map_monitor/lib:/home/scott/ws_moveit/install/moveit_resources_prbt_ikfast_manipulator_plugin/lib:/home/scott/ws_moveit/install/moveit_planners_stomp/lib:/home/scott/ws_moveit/install/moveit_planners_chomp/lib:/home/scott/ws_moveit/install/chomp_motion_planner/lib:/home/scott/ws_moveit/install/moveit_core/lib:/home/scott/ws_moveit/install/moveit_msgs/lib:/home/scott/ws_moveit/install/kortex_driver/lib:/opt/ros/jazzy/opt/gz_sim_vendor/lib:/opt/ros/jazzy/opt/gz_sensors_vendor/lib:/opt/ros/jazzy/opt/gz_physics_vendor/lib:/opt/ros/jazzy/opt/sdformat_vendor/lib:/opt/ros/jazzy/opt/rviz_ogre_vendor/lib:/opt/ros/jazzy/lib/x86_64-linux-gnu:/opt/ros/jazzy/opt/gz_gui_vendor/lib:/opt/ros/jazzy/opt/gz_transport_vendor/lib:/opt/ros/jazzy/opt/gz_rendering_vendor/lib:/opt/ros/jazzy/opt/gz_plugin_vendor/lib:/opt/ros/jazzy/opt/gz_fuel_tools_vendor/lib:/opt/ros/jazzy/opt/gz_msgs_vendor/lib:/opt/ros/jazzy/opt/gz_common_vendor/lib:/opt/ros/jazzy/opt/gz_math_vendor/lib:/opt/ros/jazzy/opt/gz_utils_vendor/lib:/opt/ros/jazzy/opt/gz_tools_vendor/lib:/opt/ros/jazzy/opt/gz_ogre_next_vendor/lib:/opt/ros/jazzy/opt/gz_dartsim_vendor/lib:/opt/ros/jazzy/opt/gz_cmake_vendor/lib:/opt/ros/jazzy/lib PS1=(ros2_venv) \[\e]0;\u@\h: \w\a\]${debian_chroot:+($debian_chroot)}\[\033[01;32m\]\u@\h\[\033[00m\]:\[\033[01;34m\]\w\[\033[00m\]\$ PYTHONPATH=/home/scott/mercer_garm/ros2/build/mercer_g_arm_desktop_bringup/prefix_override:/usr/lib/python3/dist-packages/colcon_core/task/python/colcon_distutils_commands:/home/scott/mercer_garm/ros2/install/mercer_g_arm_desktop_bringup/lib/python3.12/site-packages:/home/scott/mercer_garm/ros2/install/g_arm_msgs/lib/python3.12/site-packages:/home/scott/mercer_garm/ros2/install/pymoveit2/lib/python3.12/site-packages:/home/scott/mercer_garm/ros2/install/pi_gpio_interface/lib/python3.12/site-packages:/home/scott/mercer_garm/ros2/install/mercer_robot_commander_py/lib/python3.12/site-packages:/home/scott/mercer_garm/ros2/install/mercer_g_arm_desktop_bringup/lib/python3.12/site-packages:/home/scott/mercer_garm/ros2/install/mercer_g_arm_sim/lib/python3.12/site-packages:/home/scott/mercer_garm/ros2/install/mercer_g_arm_rpi_bringup/lib/python3.12/site-packages:/home/scott/mercer_garm/ros2/install/mercer_g_arm/lib/python3.12/site-packages:/home/scott/mercer_garm/ros2/install/mercer_g-arm_rpi_bringup/lib/python3.12/site-packages:/home/scott/mercer_garm/ros2/install/mercer_g-arm_desktop_bringup/lib/python3.12/site-packages:/home/scott/mercer_garm/ros2/install/joy_js_pkg/lib/python3.12/site-packages:/home/scott/mercer_garm/ros2/install/garm_motion_planning_demos/lib/python3.12/site-packages:/home/scott/mercer_garm/ros2/install/g_arm_trajectory_bridge/lib/python3.12/site-packages:/home/scott/mercer_garm/ros2/install/g_arm_python_examples/lib/python3.12/site-packages:/home/scott/mercer_garm/ros2/install/g-arm_simulation/lib/python3.12/site-packages:/home/scott/mercer_garm/ros2/install/g_arm/lib/python3.12/site-packages:/home/scott/mercer_garm_ws/install/mercer_g_arm_desktop_bringup/lib/python3.12/site-packages:/home/scott/mercer_garm_ws/install/pymoveit2/lib/python3.12/site-packages:/home/scott/mercer_garm_ws/install/pi_gpio_interface/lib/python3.12/site-packages:/home/scott/mercer_garm_ws/install/mercer_robot_commander_py/lib/python3.12/site-packages:/home/scott/mercer_garm_ws/install/mercer_g_arm_sim/lib/python3.12/site-packages:/home/scott/mercer_garm_ws/install/mercer_g_arm_rpi_bringup/lib/python3.12/site-packages:/home/scott/mercer_garm_ws/install/mercer_g_arm/lib/python3.12/site-packages:/home/scott/mercer_garm_ws/install/mercer_g-arm_rpi_bringup/lib/python3.12/site-packages:/home/scott/mercer_garm_ws/install/mercer_g-arm_desktop_bringup/lib/python3.12/site-packages:/home/scott/mercer_garm_ws/install/joy_js_pkg/lib/python3.12/site-packages:/home/scott/mercer_garm_ws/install/garm_motion_planning_demos/lib/python3.12/site-packages:/home/scott/mercer_garm_ws/install/g_arm_trajectory_bridge/lib/python3.12/site-packages:/home/scott/mercer_garm_ws/install/g_arm_python_examples/lib/python3.12/site-packages:/home/scott/mercer_garm_ws/install/g_arm_msgs/lib/python3.12/site-packages:/home/scott/mercer_garm_ws/install/g-arm_simulation/lib/python3.12/site-packages:/home/scott/mercer_garm_ws/install/g_arm/lib/python3.12/site-packages:/home/scott/ros2_ws/install/pymoveit2/lib/python3.12/site-packages:/home/scott/ros2_ws/install/moveit_task_constructor_msgs/lib/python3.12/site-packages:/home/scott/ros2_ws/install/joy_js_pkg/lib/python3.12/site-packages:/home/scott/ros2_ws/install/garm_motion_planning_demos/lib/python3.12/site-packages:/home/scott/ros2_ws/install/g_arm_trajectory_bridge/lib/python3.12/site-packages:/home/scott/ros2_ws/install/g_arm_python_examples/lib/python3.12/site-packages:/home/scott/ros2_ws/install/g-arm_simulation/lib/python3.12/site-packages:/home/scott/ros2_ws/install/g_arm/lib/python3.12/site-packages:/home/scott/ws_moveit/install/moveit_task_constructor_core/lib/python3.12/site-packages:/home/scott/ws_moveit/install/moveit_task_constructor_msgs/lib/python3.12/site-packages:/home/scott/ws_moveit/install/moveit_py/lib/python3.12/site-packages:/home/scott/ws_moveit/install/moveit_msgs/lib/python3.12/site-packages:/home/scott/ws_moveit/install/moveit_configs_utils/lib/python3.12/site-packages:/opt/ros/jazzy/lib/python3.12/site-packages VIRTUAL_ENV_PROMPT=(ros2_venv) /usr/bin/python3 -W ignore:setup.py install is deprecated -W ignore:easy_install command is deprecated setup.py egg_info --egg-base ../../build/mercer_g_arm_desktop_bringup build --build-base /home/scott/mercer_garm/ros2/build/mercer_g_arm_desktop_bringup/build install --record /home/scott/mercer_garm/ros2/build/mercer_g_arm_desktop_bringup/install.log --single-version-externally-managed install_data
[8.029s] Level 1:colcon.colcon_core.environment:checking '/home/scott/mercer_garm/ros2/install/mercer_g_arm_rpi_bringup' for CMake module files
[8.030s] DEBUG:colcon.colcon_core.event_handler.log_command:Invoked command in '/home/scott/mercer_garm/ros2/src/mercer_g_arm_rpi_bringup' returned '0': DEBUGINFOD_URLS=https://debuginfod.ubuntu.com PS1=(ros2_venv) \[\e]0;\u@\h: \w\a\]${debian_chroot:+($debian_chroot)}\[\033[01;32m\]\u@\h\[\033[00m\]:\[\033[01;34m\]\w\[\033[00m\]\$ PYTHONPATH=/home/scott/mercer_garm/ros2/build/mercer_g_arm_rpi_bringup/prefix_override:/usr/lib/python3/dist-packages/colcon_core/task/python/colcon_distutils_commands:/home/scott/mercer_garm/ros2/install/mercer_g_arm_rpi_bringup/lib/python3.12/site-packages:${PYTHONPATH} VIRTUAL_ENV_PROMPT=(ros2_venv) /usr/bin/python3 -W ignore:setup.py install is deprecated -W ignore:easy_install command is deprecated setup.py egg_info --egg-base ../../build/mercer_g_arm_rpi_bringup build --build-base /home/scott/mercer_garm/ros2/build/mercer_g_arm_rpi_bringup/build install --record /home/scott/mercer_garm/ros2/build/mercer_g_arm_rpi_bringup/install.log --single-version-externally-managed install_data
[8.030s] Level 1:colcon.colcon_core.environment:checking '/home/scott/mercer_garm/ros2/install/mercer_g_arm_rpi_bringup' for CMake config files
[8.038s] Level 1:colcon.colcon_core.environment:checking '/home/scott/mercer_garm/ros2/install/mercer_g_arm_rpi_bringup/lib'
[8.038s] Level 1:colcon.colcon_core.environment:checking '/home/scott/mercer_garm/ros2/install/mercer_g_arm_rpi_bringup/bin'
[8.038s] Level 1:colcon.colcon_core.environment:checking '/home/scott/mercer_garm/ros2/install/mercer_g_arm_rpi_bringup/lib/pkgconfig/mercer_g_arm_rpi_bringup.pc'
[8.038s] Level 1:colcon.colcon_core.environment:checking '/home/scott/mercer_garm/ros2/install/mercer_g_arm_rpi_bringup/lib/python3.12/site-packages'
[8.038s] Level 1:colcon.colcon_core.shell:create_environment_hook('mercer_g_arm_rpi_bringup', 'pythonpath')
[8.039s] INFO:colcon.colcon_core.shell:Creating environment hook '/home/scott/mercer_garm/ros2/install/mercer_g_arm_rpi_bringup/share/mercer_g_arm_rpi_bringup/hook/pythonpath.ps1'
[8.039s] INFO:colcon.colcon_core.shell:Creating environment descriptor '/home/scott/mercer_garm/ros2/install/mercer_g_arm_rpi_bringup/share/mercer_g_arm_rpi_bringup/hook/pythonpath.dsv'
[8.039s] INFO:colcon.colcon_core.shell:Creating environment hook '/home/scott/mercer_garm/ros2/install/mercer_g_arm_rpi_bringup/share/mercer_g_arm_rpi_bringup/hook/pythonpath.sh'
[8.040s] Level 1:colcon.colcon_core.environment:checking '/home/scott/mercer_garm/ros2/install/mercer_g_arm_rpi_bringup/bin'
[8.040s] Level 1:colcon.colcon_core.environment:create_environment_scripts_only(mercer_g_arm_rpi_bringup)
[8.040s] INFO:colcon.colcon_core.shell:Creating package script '/home/scott/mercer_garm/ros2/install/mercer_g_arm_rpi_bringup/share/mercer_g_arm_rpi_bringup/package.ps1'
[8.041s] INFO:colcon.colcon_core.shell:Creating package descriptor '/home/scott/mercer_garm/ros2/install/mercer_g_arm_rpi_bringup/share/mercer_g_arm_rpi_bringup/package.dsv'
[8.041s] INFO:colcon.colcon_core.shell:Creating package script '/home/scott/mercer_garm/ros2/install/mercer_g_arm_rpi_bringup/share/mercer_g_arm_rpi_bringup/package.sh'
[8.042s] INFO:colcon.colcon_core.shell:Creating package script '/home/scott/mercer_garm/ros2/install/mercer_g_arm_rpi_bringup/share/mercer_g_arm_rpi_bringup/package.bash'
[8.042s] INFO:colcon.colcon_core.shell:Creating package script '/home/scott/mercer_garm/ros2/install/mercer_g_arm_rpi_bringup/share/mercer_g_arm_rpi_bringup/package.zsh'
[8.043s] Level 1:colcon.colcon_core.environment:create_file_with_runtime_dependencies(/home/scott/mercer_garm/ros2/install/mercer_g_arm_rpi_bringup/share/colcon-core/packages/mercer_g_arm_rpi_bringup)
[8.535s] DEBUG:colcon.colcon_core.event_handler.log_command:Invoking command in '/home/scott/mercer_garm/ros2/src/mercer_g_arm_sim': CMAKE_PREFIX_PATH=/home/scott/mercer_garm/ros2/install/g_arm_moveit2:/home/scott/mercer_garm/ros2/install/g_arm_description:/home/scott/mercer_garm/ros2/install/pymoveit2:/home/scott/mercer_garm/ros2/install/pi_gpio_interface:/home/scott/mercer_garm/ros2/install/mercer_robot_commander_cpp:/home/scott/mercer_garm/ros2/install/mercer_g_arm_topic_hw:/home/scott/mercer_garm/ros2/install/g_arm_msgs:/home/scott/mercer_garm/ros2/install/g-arm_demos:/home/scott/mercer_garm_ws/install/pymoveit2:/home/scott/mercer_garm_ws/install/pi_gpio_interface:/home/scott/mercer_garm_ws/install/mercer_robot_commander_cpp:/home/scott/mercer_garm_ws/install/mercer_g_arm_topic_hw:/home/scott/mercer_garm_ws/install/g_arm_msgs:/home/scott/mercer_garm_ws/install/g_arm_moveit2:/home/scott/mercer_garm_ws/install/g_arm_description:/home/scott/mercer_garm_ws/install/g-arm_demos:/home/scott/ros2_ws/install/rviz_marker_tools:/home/scott/ros2_ws/install/pymoveit2:/home/scott/ros2_ws/install/moveit_task_constructor_msgs:/home/scott/ros2_ws/install/g_arm_moveit2:/home/scott/ros2_ws/install/g_arm_description:/home/scott/ros2_ws/install/g-arm_demos:/home/scott/ws_moveit/install/robotiq_hardware_tests:/home/scott/ws_moveit/install/robotiq_driver:/home/scott/ws_moveit/install/serial:/home/scott/ws_moveit/install/moveit2_tutorials:/home/scott/ws_moveit/install/moveit_visual_tools:/home/scott/ws_moveit/install/rviz_visual_tools:/home/scott/ws_moveit/install/moveit_task_constructor_demo:/home/scott/ws_moveit/install/moveit_task_constructor_visualization:/home/scott/ws_moveit/install/moveit_task_constructor_capabilities:/home/scott/ws_moveit/install/moveit_task_constructor_core:/home/scott/ws_moveit/install/rviz_marker_tools:/home/scott/ws_moveit/install/kortex_bringup:/home/scott/ws_moveit/install/kinova_gen3_lite_moveit_config:/home/scott/ws_moveit/install/kinova_gen3_7dof_robotiq_2f_85_moveit_config:/home/scott/ws_moveit/install/kinova_gen3_6dof_robotiq_2f_85_moveit_config:/home/scott/ws_moveit/install/kortex_description:/home/scott/ws_moveit/install/robotiq_description:/home/scott/ws_moveit/install/robotiq_controllers:/home/scott/ws_moveit/install/pilz_industrial_motion_planner_testutils:/home/scott/ws_moveit/install/moveit_runtime:/home/scott/ws_moveit/install/moveit:/home/scott/ws_moveit/install/moveit_planners:/home/scott/ws_moveit/install/pilz_industrial_motion_planner:/home/scott/ws_moveit/install/moveit_task_constructor_msgs:/home/scott/ws_moveit/install/moveit_ros_control_interface:/home/scott/ws_moveit/install/moveit_plugins:/home/scott/ws_moveit/install/moveit_simple_controller_manager:/home/scott/ws_moveit/install/moveit_setup_assistant:/home/scott/ws_moveit/install/moveit_setup_srdf_plugins:/home/scott/ws_moveit/install/moveit_setup_core_plugins:/home/scott/ws_moveit/install/moveit_setup_controllers:/home/scott/ws_moveit/install/moveit_setup_app_plugins:/home/scott/ws_moveit/install/moveit_setup_framework:/home/scott/ws_moveit/install/moveit_servo:/home/scott/ws_moveit/install/moveit_ros_trajectory_cache:/home/scott/ws_moveit/install/moveit_ros:/home/scott/ws_moveit/install/moveit_ros_visualization:/home/scott/ws_moveit/install/moveit_py:/home/scott/ws_moveit/install/moveit_hybrid_planning:/home/scott/ws_moveit/install/hello_moveit:/home/scott/ws_moveit/install/moveit_ros_planning_interface:/home/scott/ws_moveit/install/moveit_ros_benchmarks:/home/scott/ws_moveit/install/moveit_ros_warehouse:/home/scott/ws_moveit/install/moveit_ros_robot_interaction:/home/scott/ws_moveit/install/moveit_ros_perception:/home/scott/ws_moveit/install/moveit_resources_prbt_pg70_support:/home/scott/ws_moveit/install/moveit_resources_prbt_moveit_config:/home/scott/ws_moveit/install/moveit_ros_move_group:/home/scott/ws_moveit/install/moveit_planners_ompl:/home/scott/ws_moveit/install/moveit_kinematics:/home/scott/ws_moveit/install/moveit_ros_planning:/home/scott/ws_moveit/install/moveit_ros_occupancy_map_monitor:/home/scott/ws_moveit/install/moveit_resources_prbt_support:/home/scott/ws_moveit/install/moveit_resources_prbt_ikfast_manipulator_plugin:/home/scott/ws_moveit/install/moveit_resources:/home/scott/ws_moveit/install/moveit_resources_pr2_description:/home/scott/ws_moveit/install/moveit_resources_panda_moveit_config:/home/scott/ws_moveit/install/dual_arm_panda_moveit_config:/home/scott/ws_moveit/install/moveit_resources_panda_description:/home/scott/ws_moveit/install/moveit_resources_fanuc_moveit_config:/home/scott/ws_moveit/install/moveit_resources_fanuc_description:/home/scott/ws_moveit/install/moveit_planners_stomp:/home/scott/ws_moveit/install/moveit_planners_chomp:/home/scott/ws_moveit/install/chomp_motion_planner:/home/scott/ws_moveit/install/moveit_core:/home/scott/ws_moveit/install/moveit_msgs:/home/scott/ws_moveit/install/moveit_common:/home/scott/ws_moveit/install/kortex_driver:/home/scott/ws_moveit/install/kortex_api:/opt/ros/jazzy/opt/gz_sim_vendor:/opt/ros/jazzy/opt/gz_sensors_vendor:/opt/ros/jazzy/opt/gz_physics_vendor:/opt/ros/jazzy/opt/sdformat_vendor:/opt/ros/jazzy/opt/gz_gui_vendor:/opt/ros/jazzy/opt/gz_transport_vendor:/opt/ros/jazzy/opt/gz_rendering_vendor:/opt/ros/jazzy/opt/gz_plugin_vendor:/opt/ros/jazzy/opt/gz_fuel_tools_vendor:/opt/ros/jazzy/opt/gz_msgs_vendor:/opt/ros/jazzy/opt/gz_common_vendor:/opt/ros/jazzy/opt/gz_math_vendor:/opt/ros/jazzy/opt/gz_utils_vendor:/opt/ros/jazzy/opt/gz_tools_vendor:/opt/ros/jazzy/opt/gz_ogre_next_vendor:/opt/ros/jazzy/opt/gz_dartsim_vendor:/opt/ros/jazzy/opt/gz_cmake_vendor DEBUGINFOD_URLS=https://debuginfod.ubuntu.com PS1=(ros2_venv) \[\e]0;\u@\h: \w\a\]${debian_chroot:+($debian_chroot)}\[\033[01;32m\]\u@\h\[\033[00m\]:\[\033[01;34m\]\w\[\033[00m\]\$ PYTHONPATH=/home/scott/mercer_garm/ros2/build/mercer_g_arm_sim/prefix_override:/usr/lib/python3/dist-packages/colcon_core/task/python/colcon_distutils_commands:/home/scott/mercer_garm/ros2/install/mercer_g_arm_sim/lib/python3.12/site-packages:${PYTHONPATH} VIRTUAL_ENV_PROMPT=(ros2_venv) /usr/bin/python3 -W ignore:setup.py install is deprecated -W ignore:easy_install command is deprecated setup.py egg_info --egg-base ../../build/mercer_g_arm_sim build --build-base /home/scott/mercer_garm/ros2/build/mercer_g_arm_sim/build install --record /home/scott/mercer_garm/ros2/build/mercer_g_arm_sim/install.log --single-version-externally-managed install_data
[8.981s] Level 1:colcon.colcon_core.environment:checking '/home/scott/mercer_garm/ros2/install/mercer_g_arm_desktop_bringup' for CMake module files
[8.981s] DEBUG:colcon.colcon_core.event_handler.log_command:Invoked command in '/home/scott/mercer_garm/ros2/src/mercer_g_arm_desktop_bringup' returned '0': CMAKE_PREFIX_PATH=/home/scott/mercer_garm/ros2/install/mercer_robot_commander_cpp:/home/scott/mercer_garm/ros2/install/g_arm_msgs:/home/scott/mercer_garm/ros2/install/pymoveit2:/home/scott/mercer_garm/ros2/install/pi_gpio_interface:/home/scott/mercer_garm/ros2/install/mercer_g_arm_topic_hw:/home/scott/mercer_garm/ros2/install/g_arm_moveit2:/home/scott/mercer_garm/ros2/install/g_arm_description:/home/scott/mercer_garm/ros2/install/g-arm_demos:/home/scott/mercer_garm_ws/install/pymoveit2:/home/scott/mercer_garm_ws/install/pi_gpio_interface:/home/scott/mercer_garm_ws/install/mercer_robot_commander_cpp:/home/scott/mercer_garm_ws/install/mercer_g_arm_topic_hw:/home/scott/mercer_garm_ws/install/g_arm_msgs:/home/scott/mercer_garm_ws/install/g_arm_moveit2:/home/scott/mercer_garm_ws/install/g_arm_description:/home/scott/mercer_garm_ws/install/g-arm_demos:/home/scott/ros2_ws/install/rviz_marker_tools:/home/scott/ros2_ws/install/pymoveit2:/home/scott/ros2_ws/install/moveit_task_constructor_msgs:/home/scott/ros2_ws/install/g_arm_moveit2:/home/scott/ros2_ws/install/g_arm_description:/home/scott/ros2_ws/install/g-arm_demos:/home/scott/ws_moveit/install/robotiq_hardware_tests:/home/scott/ws_moveit/install/robotiq_driver:/home/scott/ws_moveit/install/serial:/home/scott/ws_moveit/install/moveit2_tutorials:/home/scott/ws_moveit/install/moveit_visual_tools:/home/scott/ws_moveit/install/rviz_visual_tools:/home/scott/ws_moveit/install/moveit_task_constructor_demo:/home/scott/ws_moveit/install/moveit_task_constructor_visualization:/home/scott/ws_moveit/install/moveit_task_constructor_capabilities:/home/scott/ws_moveit/install/moveit_task_constructor_core:/home/scott/ws_moveit/install/rviz_marker_tools:/home/scott/ws_moveit/install/kortex_bringup:/home/scott/ws_moveit/install/kinova_gen3_lite_moveit_config:/home/scott/ws_moveit/install/kinova_gen3_7dof_robotiq_2f_85_moveit_config:/home/scott/ws_moveit/install/kinova_gen3_6dof_robotiq_2f_85_moveit_config:/home/scott/ws_moveit/install/kortex_description:/home/scott/ws_moveit/install/robotiq_description:/home/scott/ws_moveit/install/robotiq_controllers:/home/scott/ws_moveit/install/pilz_industrial_motion_planner_testutils:/home/scott/ws_moveit/install/moveit_runtime:/home/scott/ws_moveit/install/moveit:/home/scott/ws_moveit/install/moveit_planners:/home/scott/ws_moveit/install/pilz_industrial_motion_planner:/home/scott/ws_moveit/install/moveit_task_constructor_msgs:/home/scott/ws_moveit/install/moveit_ros_control_interface:/home/scott/ws_moveit/install/moveit_plugins:/home/scott/ws_moveit/install/moveit_simple_controller_manager:/home/scott/ws_moveit/install/moveit_setup_assistant:/home/scott/ws_moveit/install/moveit_setup_srdf_plugins:/home/scott/ws_moveit/install/moveit_setup_core_plugins:/home/scott/ws_moveit/install/moveit_setup_controllers:/home/scott/ws_moveit/install/moveit_setup_app_plugins:/home/scott/ws_moveit/install/moveit_setup_framework:/home/scott/ws_moveit/install/moveit_servo:/home/scott/ws_moveit/install/moveit_ros_trajectory_cache:/home/scott/ws_moveit/install/moveit_ros:/home/scott/ws_moveit/install/moveit_ros_visualization:/home/scott/ws_moveit/install/moveit_py:/home/scott/ws_moveit/install/moveit_hybrid_planning:/home/scott/ws_moveit/install/hello_moveit:/home/scott/ws_moveit/install/moveit_ros_planning_interface:/home/scott/ws_moveit/install/moveit_ros_benchmarks:/home/scott/ws_moveit/install/moveit_ros_warehouse:/home/scott/ws_moveit/install/moveit_ros_robot_interaction:/home/scott/ws_moveit/install/moveit_ros_perception:/home/scott/ws_moveit/install/moveit_resources_prbt_pg70_support:/home/scott/ws_moveit/install/moveit_resources_prbt_moveit_config:/home/scott/ws_moveit/install/moveit_ros_move_group:/home/scott/ws_moveit/install/moveit_planners_ompl:/home/scott/ws_moveit/install/moveit_kinematics:/home/scott/ws_moveit/install/moveit_ros_planning:/home/scott/ws_moveit/install/moveit_ros_occupancy_map_monitor:/home/scott/ws_moveit/install/moveit_resources_prbt_support:/home/scott/ws_moveit/install/moveit_resources_prbt_ikfast_manipulator_plugin:/home/scott/ws_moveit/install/moveit_resources:/home/scott/ws_moveit/install/moveit_resources_pr2_description:/home/scott/ws_moveit/install/moveit_resources_panda_moveit_config:/home/scott/ws_moveit/install/dual_arm_panda_moveit_config:/home/scott/ws_moveit/install/moveit_resources_panda_description:/home/scott/ws_moveit/install/moveit_resources_fanuc_moveit_config:/home/scott/ws_moveit/install/moveit_resources_fanuc_description:/home/scott/ws_moveit/install/moveit_planners_stomp:/home/scott/ws_moveit/install/moveit_planners_chomp:/home/scott/ws_moveit/install/chomp_motion_planner:/home/scott/ws_moveit/install/moveit_core:/home/scott/ws_moveit/install/moveit_msgs:/home/scott/ws_moveit/install/moveit_common:/home/scott/ws_moveit/install/kortex_driver:/home/scott/ws_moveit/install/kortex_api:/opt/ros/jazzy/opt/gz_sim_vendor:/opt/ros/jazzy/opt/gz_sensors_vendor:/opt/ros/jazzy/opt/gz_physics_vendor:/opt/ros/jazzy/opt/sdformat_vendor:/opt/ros/jazzy/opt/gz_gui_vendor:/opt/ros/jazzy/opt/gz_transport_vendor:/opt/ros/jazzy/opt/gz_rendering_vendor:/opt/ros/jazzy/opt/gz_plugin_vendor:/opt/ros/jazzy/opt/gz_fuel_tools_vendor:/opt/ros/jazzy/opt/gz_msgs_vendor:/opt/ros/jazzy/opt/gz_common_vendor:/opt/ros/jazzy/opt/gz_math_vendor:/opt/ros/jazzy/opt/gz_utils_vendor:/opt/ros/jazzy/opt/gz_tools_vendor:/opt/ros/jazzy/opt/gz_ogre_next_vendor:/opt/ros/jazzy/opt/gz_dartsim_vendor:/opt/ros/jazzy/opt/gz_cmake_vendor DEBUGINFOD_URLS=https://debuginfod.ubuntu.com LD_LIBRARY_PATH=/home/scott/mercer_garm/ros2/install/g_arm_msgs/lib:/home/scott/mercer_garm/ros2/install/pi_gpio_interface/lib:/home/scott/mercer_garm/ros2/install/mercer_g_arm_topic_hw/lib:/home/scott/mercer_garm_ws/install/pi_gpio_interface/lib:/home/scott/mercer_garm_ws/install/mercer_g_arm_topic_hw/lib:/home/scott/mercer_garm_ws/install/g_arm_msgs/lib:/home/scott/ros2_ws/install/rviz_marker_tools/lib:/home/scott/ros2_ws/install/moveit_task_constructor_msgs/lib:/home/scott/ws_moveit/install/robotiq_driver/lib:/home/scott/ws_moveit/install/serial/lib:/home/scott/ws_moveit/install/moveit_visual_tools/lib:/home/scott/ws_moveit/install/rviz_visual_tools/lib:/home/scott/ws_moveit/install/moveit_task_constructor_demo/lib:/home/scott/ws_moveit/install/moveit_task_constructor_visualization/lib:/home/scott/ws_moveit/install/moveit_task_constructor_capabilities/lib:/home/scott/ws_moveit/install/moveit_task_constructor_core/lib:/home/scott/ws_moveit/install/rviz_marker_tools/lib:/home/scott/ws_moveit/install/robotiq_controllers/lib:/home/scott/ws_moveit/install/pilz_industrial_motion_planner_testutils/lib:/home/scott/ws_moveit/install/pilz_industrial_motion_planner/lib:/home/scott/ws_moveit/install/moveit_task_constructor_msgs/lib:/home/scott/ws_moveit/install/moveit_ros_control_interface/lib:/home/scott/ws_moveit/install/moveit_simple_controller_manager/lib:/home/scott/ws_moveit/install/moveit_setup_assistant/lib:/home/scott/ws_moveit/install/moveit_setup_srdf_plugins/lib:/home/scott/ws_moveit/install/moveit_setup_core_plugins/lib:/home/scott/ws_moveit/install/moveit_setup_controllers/lib:/home/scott/ws_moveit/install/moveit_setup_app_plugins/lib:/home/scott/ws_moveit/install/moveit_setup_framework/lib:/home/scott/ws_moveit/install/moveit_servo/lib:/home/scott/ws_moveit/install/moveit_ros_trajectory_cache/lib:/home/scott/ws_moveit/install/moveit_ros_visualization/lib:/home/scott/ws_moveit/install/moveit_py/lib:/home/scott/ws_moveit/install/moveit_hybrid_planning/lib:/home/scott/ws_moveit/install/moveit_ros_planning_interface/lib:/home/scott/ws_moveit/install/moveit_ros_benchmarks/lib:/home/scott/ws_moveit/install/moveit_ros_warehouse/lib:/home/scott/ws_moveit/install/moveit_ros_robot_interaction/lib:/home/scott/ws_moveit/install/moveit_ros_perception/lib:/home/scott/ws_moveit/install/moveit_ros_move_group/lib:/home/scott/ws_moveit/install/moveit_planners_ompl/lib:/home/scott/ws_moveit/install/moveit_kinematics/lib:/home/scott/ws_moveit/install/moveit_ros_planning/lib:/home/scott/ws_moveit/install/moveit_ros_occupancy_map_monitor/lib:/home/scott/ws_moveit/install/moveit_resources_prbt_ikfast_manipulator_plugin/lib:/home/scott/ws_moveit/install/moveit_planners_stomp/lib:/home/scott/ws_moveit/install/moveit_planners_chomp/lib:/home/scott/ws_moveit/install/chomp_motion_planner/lib:/home/scott/ws_moveit/install/moveit_core/lib:/home/scott/ws_moveit/install/moveit_msgs/lib:/home/scott/ws_moveit/install/kortex_driver/lib:/opt/ros/jazzy/opt/gz_sim_vendor/lib:/opt/ros/jazzy/opt/gz_sensors_vendor/lib:/opt/ros/jazzy/opt/gz_physics_vendor/lib:/opt/ros/jazzy/opt/sdformat_vendor/lib:/opt/ros/jazzy/opt/rviz_ogre_vendor/lib:/opt/ros/jazzy/lib/x86_64-linux-gnu:/opt/ros/jazzy/opt/gz_gui_vendor/lib:/opt/ros/jazzy/opt/gz_transport_vendor/lib:/opt/ros/jazzy/opt/gz_rendering_vendor/lib:/opt/ros/jazzy/opt/gz_plugin_vendor/lib:/opt/ros/jazzy/opt/gz_fuel_tools_vendor/lib:/opt/ros/jazzy/opt/gz_msgs_vendor/lib:/opt/ros/jazzy/opt/gz_common_vendor/lib:/opt/ros/jazzy/opt/gz_math_vendor/lib:/opt/ros/jazzy/opt/gz_utils_vendor/lib:/opt/ros/jazzy/opt/gz_tools_vendor/lib:/opt/ros/jazzy/opt/gz_ogre_next_vendor/lib:/opt/ros/jazzy/opt/gz_dartsim_vendor/lib:/opt/ros/jazzy/opt/gz_cmake_vendor/lib:/opt/ros/jazzy/lib PS1=(ros2_venv) \[\e]0;\u@\h: \w\a\]${debian_chroot:+($debian_chroot)}\[\033[01;32m\]\u@\h\[\033[00m\]:\[\033[01;34m\]\w\[\033[00m\]\$ PYTHONPATH=/home/scott/mercer_garm/ros2/build/mercer_g_arm_desktop_bringup/prefix_override:/usr/lib/python3/dist-packages/colcon_core/task/python/colcon_distutils_commands:/home/scott/mercer_garm/ros2/install/mercer_g_arm_desktop_bringup/lib/python3.12/site-packages:/home/scott/mercer_garm/ros2/install/g_arm_msgs/lib/python3.12/site-packages:/home/scott/mercer_garm/ros2/install/pymoveit2/lib/python3.12/site-packages:/home/scott/mercer_garm/ros2/install/pi_gpio_interface/lib/python3.12/site-packages:/home/scott/mercer_garm/ros2/install/mercer_robot_commander_py/lib/python3.12/site-packages:/home/scott/mercer_garm/ros2/install/mercer_g_arm_desktop_bringup/lib/python3.12/site-packages:/home/scott/mercer_garm/ros2/install/mercer_g_arm_sim/lib/python3.12/site-packages:/home/scott/mercer_garm/ros2/install/mercer_g_arm_rpi_bringup/lib/python3.12/site-packages:/home/scott/mercer_garm/ros2/install/mercer_g_arm/lib/python3.12/site-packages:/home/scott/mercer_garm/ros2/install/mercer_g-arm_rpi_bringup/lib/python3.12/site-packages:/home/scott/mercer_garm/ros2/install/mercer_g-arm_desktop_bringup/lib/python3.12/site-packages:/home/scott/mercer_garm/ros2/install/joy_js_pkg/lib/python3.12/site-packages:/home/scott/mercer_garm/ros2/install/garm_motion_planning_demos/lib/python3.12/site-packages:/home/scott/mercer_garm/ros2/install/g_arm_trajectory_bridge/lib/python3.12/site-packages:/home/scott/mercer_garm/ros2/install/g_arm_python_examples/lib/python3.12/site-packages:/home/scott/mercer_garm/ros2/install/g-arm_simulation/lib/python3.12/site-packages:/home/scott/mercer_garm/ros2/install/g_arm/lib/python3.12/site-packages:/home/scott/mercer_garm_ws/install/mercer_g_arm_desktop_bringup/lib/python3.12/site-packages:/home/scott/mercer_garm_ws/install/pymoveit2/lib/python3.12/site-packages:/home/scott/mercer_garm_ws/install/pi_gpio_interface/lib/python3.12/site-packages:/home/scott/mercer_garm_ws/install/mercer_robot_commander_py/lib/python3.12/site-packages:/home/scott/mercer_garm_ws/install/mercer_g_arm_sim/lib/python3.12/site-packages:/home/scott/mercer_garm_ws/install/mercer_g_arm_rpi_bringup/lib/python3.12/site-packages:/home/scott/mercer_garm_ws/install/mercer_g_arm/lib/python3.12/site-packages:/home/scott/mercer_garm_ws/install/mercer_g-arm_rpi_bringup/lib/python3.12/site-packages:/home/scott/mercer_garm_ws/install/mercer_g-arm_desktop_bringup/lib/python3.12/site-packages:/home/scott/mercer_garm_ws/install/joy_js_pkg/lib/python3.12/site-packages:/home/scott/mercer_garm_ws/install/garm_motion_planning_demos/lib/python3.12/site-packages:/home/scott/mercer_garm_ws/install/g_arm_trajectory_bridge/lib/python3.12/site-packages:/home/scott/mercer_garm_ws/install/g_arm_python_examples/lib/python3.12/site-packages:/home/scott/mercer_garm_ws/install/g_arm_msgs/lib/python3.12/site-packages:/home/scott/mercer_garm_ws/install/g-arm_simulation/lib/python3.12/site-packages:/home/scott/mercer_garm_ws/install/g_arm/lib/python3.12/site-packages:/home/scott/ros2_ws/install/pymoveit2/lib/python3.12/site-packages:/home/scott/ros2_ws/install/moveit_task_constructor_msgs/lib/python3.12/site-packages:/home/scott/ros2_ws/install/joy_js_pkg/lib/python3.12/site-packages:/home/scott/ros2_ws/install/garm_motion_planning_demos/lib/python3.12/site-packages:/home/scott/ros2_ws/install/g_arm_trajectory_bridge/lib/python3.12/site-packages:/home/scott/ros2_ws/install/g_arm_python_examples/lib/python3.12/site-packages:/home/scott/ros2_ws/install/g-arm_simulation/lib/python3.12/site-packages:/home/scott/ros2_ws/install/g_arm/lib/python3.12/site-packages:/home/scott/ws_moveit/install/moveit_task_constructor_core/lib/python3.12/site-packages:/home/scott/ws_moveit/install/moveit_task_constructor_msgs/lib/python3.12/site-packages:/home/scott/ws_moveit/install/moveit_py/lib/python3.12/site-packages:/home/scott/ws_moveit/install/moveit_msgs/lib/python3.12/site-packages:/home/scott/ws_moveit/install/moveit_configs_utils/lib/python3.12/site-packages:/opt/ros/jazzy/lib/python3.12/site-packages VIRTUAL_ENV_PROMPT=(ros2_venv) /usr/bin/python3 -W ignore:setup.py install is deprecated -W ignore:easy_install command is deprecated setup.py egg_info --egg-base ../../build/mercer_g_arm_desktop_bringup build --build-base /home/scott/mercer_garm/ros2/build/mercer_g_arm_desktop_bringup/build install --record /home/scott/mercer_garm/ros2/build/mercer_g_arm_desktop_bringup/install.log --single-version-externally-managed install_data
[8.982s] Level 1:colcon.colcon_core.environment:checking '/home/scott/mercer_garm/ros2/install/mercer_g_arm_desktop_bringup' for CMake config files
[8.982s] Level 1:colcon.colcon_core.environment:checking '/home/scott/mercer_garm/ros2/install/mercer_g_arm_desktop_bringup/lib'
[8.982s] Level 1:colcon.colcon_core.environment:checking '/home/scott/mercer_garm/ros2/install/mercer_g_arm_desktop_bringup/bin'
[8.982s] Level 1:colcon.colcon_core.environment:checking '/home/scott/mercer_garm/ros2/install/mercer_g_arm_desktop_bringup/lib/pkgconfig/mercer_g_arm_desktop_bringup.pc'
[8.983s] Level 1:colcon.colcon_core.environment:checking '/home/scott/mercer_garm/ros2/install/mercer_g_arm_desktop_bringup/lib/python3.12/site-packages'
[8.983s] Level 1:colcon.colcon_core.shell:create_environment_hook('mercer_g_arm_desktop_bringup', 'pythonpath')
[8.983s] INFO:colcon.colcon_core.shell:Creating environment hook '/home/scott/mercer_garm/ros2/install/mercer_g_arm_desktop_bringup/share/mercer_g_arm_desktop_bringup/hook/pythonpath.ps1'
[8.983s] INFO:colcon.colcon_core.shell:Creating environment descriptor '/home/scott/mercer_garm/ros2/install/mercer_g_arm_desktop_bringup/share/mercer_g_arm_desktop_bringup/hook/pythonpath.dsv'
[8.984s] INFO:colcon.colcon_core.shell:Creating environment hook '/home/scott/mercer_garm/ros2/install/mercer_g_arm_desktop_bringup/share/mercer_g_arm_desktop_bringup/hook/pythonpath.sh'
[8.985s] Level 1:colcon.colcon_core.environment:checking '/home/scott/mercer_garm/ros2/install/mercer_g_arm_desktop_bringup/bin'
[8.985s] Level 1:colcon.colcon_core.environment:create_environment_scripts_only(mercer_g_arm_desktop_bringup)
[8.985s] INFO:colcon.colcon_core.shell:Creating package script '/home/scott/mercer_garm/ros2/install/mercer_g_arm_desktop_bringup/share/mercer_g_arm_desktop_bringup/package.ps1'
[8.985s] INFO:colcon.colcon_core.shell:Creating package descriptor '/home/scott/mercer_garm/ros2/install/mercer_g_arm_desktop_bringup/share/mercer_g_arm_desktop_bringup/package.dsv'
[8.986s] INFO:colcon.colcon_core.shell:Creating package script '/home/scott/mercer_garm/ros2/install/mercer_g_arm_desktop_bringup/share/mercer_g_arm_desktop_bringup/package.sh'
[8.986s] INFO:colcon.colcon_core.shell:Creating package script '/home/scott/mercer_garm/ros2/install/mercer_g_arm_desktop_bringup/share/mercer_g_arm_desktop_bringup/package.bash'
[8.987s] INFO:colcon.colcon_core.shell:Creating package script '/home/scott/mercer_garm/ros2/install/mercer_g_arm_desktop_bringup/share/mercer_g_arm_desktop_bringup/package.zsh'
[8.987s] Level 1:colcon.colcon_core.environment:create_file_with_runtime_dependencies(/home/scott/mercer_garm/ros2/install/mercer_g_arm_desktop_bringup/share/colcon-core/packages/mercer_g_arm_desktop_bringup)
[9.475s] Level 1:colcon.colcon_core.environment:checking '/home/scott/mercer_garm/ros2/install/mercer_g_arm_sim' for CMake module files
[9.475s] DEBUG:colcon.colcon_core.event_handler.log_command:Invoked command in '/home/scott/mercer_garm/ros2/src/mercer_g_arm_sim' returned '0': CMAKE_PREFIX_PATH=/home/scott/mercer_garm/ros2/install/g_arm_moveit2:/home/scott/mercer_garm/ros2/install/g_arm_description:/home/scott/mercer_garm/ros2/install/pymoveit2:/home/scott/mercer_garm/ros2/install/pi_gpio_interface:/home/scott/mercer_garm/ros2/install/mercer_robot_commander_cpp:/home/scott/mercer_garm/ros2/install/mercer_g_arm_topic_hw:/home/scott/mercer_garm/ros2/install/g_arm_msgs:/home/scott/mercer_garm/ros2/install/g-arm_demos:/home/scott/mercer_garm_ws/install/pymoveit2:/home/scott/mercer_garm_ws/install/pi_gpio_interface:/home/scott/mercer_garm_ws/install/mercer_robot_commander_cpp:/home/scott/mercer_garm_ws/install/mercer_g_arm_topic_hw:/home/scott/mercer_garm_ws/install/g_arm_msgs:/home/scott/mercer_garm_ws/install/g_arm_moveit2:/home/scott/mercer_garm_ws/install/g_arm_description:/home/scott/mercer_garm_ws/install/g-arm_demos:/home/scott/ros2_ws/install/rviz_marker_tools:/home/scott/ros2_ws/install/pymoveit2:/home/scott/ros2_ws/install/moveit_task_constructor_msgs:/home/scott/ros2_ws/install/g_arm_moveit2:/home/scott/ros2_ws/install/g_arm_description:/home/scott/ros2_ws/install/g-arm_demos:/home/scott/ws_moveit/install/robotiq_hardware_tests:/home/scott/ws_moveit/install/robotiq_driver:/home/scott/ws_moveit/install/serial:/home/scott/ws_moveit/install/moveit2_tutorials:/home/scott/ws_moveit/install/moveit_visual_tools:/home/scott/ws_moveit/install/rviz_visual_tools:/home/scott/ws_moveit/install/moveit_task_constructor_demo:/home/scott/ws_moveit/install/moveit_task_constructor_visualization:/home/scott/ws_moveit/install/moveit_task_constructor_capabilities:/home/scott/ws_moveit/install/moveit_task_constructor_core:/home/scott/ws_moveit/install/rviz_marker_tools:/home/scott/ws_moveit/install/kortex_bringup:/home/scott/ws_moveit/install/kinova_gen3_lite_moveit_config:/home/scott/ws_moveit/install/kinova_gen3_7dof_robotiq_2f_85_moveit_config:/home/scott/ws_moveit/install/kinova_gen3_6dof_robotiq_2f_85_moveit_config:/home/scott/ws_moveit/install/kortex_description:/home/scott/ws_moveit/install/robotiq_description:/home/scott/ws_moveit/install/robotiq_controllers:/home/scott/ws_moveit/install/pilz_industrial_motion_planner_testutils:/home/scott/ws_moveit/install/moveit_runtime:/home/scott/ws_moveit/install/moveit:/home/scott/ws_moveit/install/moveit_planners:/home/scott/ws_moveit/install/pilz_industrial_motion_planner:/home/scott/ws_moveit/install/moveit_task_constructor_msgs:/home/scott/ws_moveit/install/moveit_ros_control_interface:/home/scott/ws_moveit/install/moveit_plugins:/home/scott/ws_moveit/install/moveit_simple_controller_manager:/home/scott/ws_moveit/install/moveit_setup_assistant:/home/scott/ws_moveit/install/moveit_setup_srdf_plugins:/home/scott/ws_moveit/install/moveit_setup_core_plugins:/home/scott/ws_moveit/install/moveit_setup_controllers:/home/scott/ws_moveit/install/moveit_setup_app_plugins:/home/scott/ws_moveit/install/moveit_setup_framework:/home/scott/ws_moveit/install/moveit_servo:/home/scott/ws_moveit/install/moveit_ros_trajectory_cache:/home/scott/ws_moveit/install/moveit_ros:/home/scott/ws_moveit/install/moveit_ros_visualization:/home/scott/ws_moveit/install/moveit_py:/home/scott/ws_moveit/install/moveit_hybrid_planning:/home/scott/ws_moveit/install/hello_moveit:/home/scott/ws_moveit/install/moveit_ros_planning_interface:/home/scott/ws_moveit/install/moveit_ros_benchmarks:/home/scott/ws_moveit/install/moveit_ros_warehouse:/home/scott/ws_moveit/install/moveit_ros_robot_interaction:/home/scott/ws_moveit/install/moveit_ros_perception:/home/scott/ws_moveit/install/moveit_resources_prbt_pg70_support:/home/scott/ws_moveit/install/moveit_resources_prbt_moveit_config:/home/scott/ws_moveit/install/moveit_ros_move_group:/home/scott/ws_moveit/install/moveit_planners_ompl:/home/scott/ws_moveit/install/moveit_kinematics:/home/scott/ws_moveit/install/moveit_ros_planning:/home/scott/ws_moveit/install/moveit_ros_occupancy_map_monitor:/home/scott/ws_moveit/install/moveit_resources_prbt_support:/home/scott/ws_moveit/install/moveit_resources_prbt_ikfast_manipulator_plugin:/home/scott/ws_moveit/install/moveit_resources:/home/scott/ws_moveit/install/moveit_resources_pr2_description:/home/scott/ws_moveit/install/moveit_resources_panda_moveit_config:/home/scott/ws_moveit/install/dual_arm_panda_moveit_config:/home/scott/ws_moveit/install/moveit_resources_panda_description:/home/scott/ws_moveit/install/moveit_resources_fanuc_moveit_config:/home/scott/ws_moveit/install/moveit_resources_fanuc_description:/home/scott/ws_moveit/install/moveit_planners_stomp:/home/scott/ws_moveit/install/moveit_planners_chomp:/home/scott/ws_moveit/install/chomp_motion_planner:/home/scott/ws_moveit/install/moveit_core:/home/scott/ws_moveit/install/moveit_msgs:/home/scott/ws_moveit/install/moveit_common:/home/scott/ws_moveit/install/kortex_driver:/home/scott/ws_moveit/install/kortex_api:/opt/ros/jazzy/opt/gz_sim_vendor:/opt/ros/jazzy/opt/gz_sensors_vendor:/opt/ros/jazzy/opt/gz_physics_vendor:/opt/ros/jazzy/opt/sdformat_vendor:/opt/ros/jazzy/opt/gz_gui_vendor:/opt/ros/jazzy/opt/gz_transport_vendor:/opt/ros/jazzy/opt/gz_rendering_vendor:/opt/ros/jazzy/opt/gz_plugin_vendor:/opt/ros/jazzy/opt/gz_fuel_tools_vendor:/opt/ros/jazzy/opt/gz_msgs_vendor:/opt/ros/jazzy/opt/gz_common_vendor:/opt/ros/jazzy/opt/gz_math_vendor:/opt/ros/jazzy/opt/gz_utils_vendor:/opt/ros/jazzy/opt/gz_tools_vendor:/opt/ros/jazzy/opt/gz_ogre_next_vendor:/opt/ros/jazzy/opt/gz_dartsim_vendor:/opt/ros/jazzy/opt/gz_cmake_vendor DEBUGINFOD_URLS=https://debuginfod.ubuntu.com PS1=(ros2_venv) \[\e]0;\u@\h: \w\a\]${debian_chroot:+($debian_chroot)}\[\033[01;32m\]\u@\h\[\033[00m\]:\[\033[01;34m\]\w\[\033[00m\]\$ PYTHONPATH=/home/scott/mercer_garm/ros2/build/mercer_g_arm_sim/prefix_override:/usr/lib/python3/dist-packages/colcon_core/task/python/colcon_distutils_commands:/home/scott/mercer_garm/ros2/install/mercer_g_arm_sim/lib/python3.12/site-packages:${PYTHONPATH} VIRTUAL_ENV_PROMPT=(ros2_venv) /usr/bin/python3 -W ignore:setup.py install is deprecated -W ignore:easy_install command is deprecated setup.py egg_info --egg-base ../../build/mercer_g_arm_sim build --build-base /home/scott/mercer_garm/ros2/build/mercer_g_arm_sim/build install --record /home/scott/mercer_garm/ros2/build/mercer_g_arm_sim/install.log --single-version-externally-managed install_data
[9.476s] Level 1:colcon.colcon_core.environment:checking '/home/scott/mercer_garm/ros2/install/mercer_g_arm_sim' for CMake config files
[9.477s] Level 1:colcon.colcon_core.environment:checking '/home/scott/mercer_garm/ros2/install/mercer_g_arm_sim/lib'
[9.477s] Level 1:colcon.colcon_core.environment:checking '/home/scott/mercer_garm/ros2/install/mercer_g_arm_sim/bin'
[9.477s] Level 1:colcon.colcon_core.environment:checking '/home/scott/mercer_garm/ros2/install/mercer_g_arm_sim/lib/pkgconfig/mercer_g_arm_sim.pc'
[9.477s] Level 1:colcon.colcon_core.environment:checking '/home/scott/mercer_garm/ros2/install/mercer_g_arm_sim/lib/python3.12/site-packages'
[9.477s] Level 1:colcon.colcon_core.shell:create_environment_hook('mercer_g_arm_sim', 'pythonpath')
[9.477s] INFO:colcon.colcon_core.shell:Creating environment hook '/home/scott/mercer_garm/ros2/install/mercer_g_arm_sim/share/mercer_g_arm_sim/hook/pythonpath.ps1'
[9.478s] INFO:colcon.colcon_core.shell:Creating environment descriptor '/home/scott/mercer_garm/ros2/install/mercer_g_arm_sim/share/mercer_g_arm_sim/hook/pythonpath.dsv'
[9.478s] INFO:colcon.colcon_core.shell:Creating environment hook '/home/scott/mercer_garm/ros2/install/mercer_g_arm_sim/share/mercer_g_arm_sim/hook/pythonpath.sh'
[9.479s] Level 1:colcon.colcon_core.environment:checking '/home/scott/mercer_garm/ros2/install/mercer_g_arm_sim/bin'
[9.479s] Level 1:colcon.colcon_core.environment:create_environment_scripts_only(mercer_g_arm_sim)
[9.479s] INFO:colcon.colcon_core.shell:Creating package script '/home/scott/mercer_garm/ros2/install/mercer_g_arm_sim/share/mercer_g_arm_sim/package.ps1'
[9.479s] INFO:colcon.colcon_core.shell:Creating package descriptor '/home/scott/mercer_garm/ros2/install/mercer_g_arm_sim/share/mercer_g_arm_sim/package.dsv'
[9.480s] INFO:colcon.colcon_core.shell:Creating package script '/home/scott/mercer_garm/ros2/install/mercer_g_arm_sim/share/mercer_g_arm_sim/package.sh'
[9.480s] INFO:colcon.colcon_core.shell:Creating package script '/home/scott/mercer_garm/ros2/install/mercer_g_arm_sim/share/mercer_g_arm_sim/package.bash'
[9.481s] INFO:colcon.colcon_core.shell:Creating package script '/home/scott/mercer_garm/ros2/install/mercer_g_arm_sim/share/mercer_g_arm_sim/package.zsh'
[9.481s] Level 1:colcon.colcon_core.environment:create_file_with_runtime_dependencies(/home/scott/mercer_garm/ros2/install/mercer_g_arm_sim/share/colcon-core/packages/mercer_g_arm_sim)
[9.481s] DEBUG:colcon.colcon_parallel_executor.executor.parallel:closing loop
[9.481s] DEBUG:colcon.colcon_parallel_executor.executor.parallel:loop closed
[9.481s] DEBUG:colcon.colcon_parallel_executor.executor.parallel:run_until_complete finished with '0'
[9.481s] DEBUG:colcon.colcon_core.event_reactor:joining thread
[9.493s] INFO:colcon.colcon_core.plugin_system:Skipping extension 'colcon_notification.desktop_notification.terminal_notifier': Not used on non-Darwin systems
[9.493s] INFO:colcon.colcon_core.plugin_system:Skipping extension 'colcon_notification.desktop_notification.win32': Not used on non-Windows systems
[9.493s] INFO:colcon.colcon_notification.desktop_notification:Sending desktop notification using 'notify2'
[9.508s] DEBUG:colcon.colcon_core.event_reactor:joined thread
[9.508s] INFO:colcon.colcon_core.shell:Creating prefix script '/home/scott/mercer_garm/ros2/install/local_setup.ps1'
[9.509s] INFO:colcon.colcon_core.shell:Creating prefix util module '/home/scott/mercer_garm/ros2/install/_local_setup_util_ps1.py'
[9.510s] INFO:colcon.colcon_core.shell:Creating prefix chain script '/home/scott/mercer_garm/ros2/install/setup.ps1'
[9.517s] INFO:colcon.colcon_core.shell:Creating prefix script '/home/scott/mercer_garm/ros2/install/local_setup.sh'
[9.518s] INFO:colcon.colcon_core.shell:Creating prefix util module '/home/scott/mercer_garm/ros2/install/_local_setup_util_sh.py'
[9.519s] INFO:colcon.colcon_core.shell:Creating prefix chain script '/home/scott/mercer_garm/ros2/install/setup.sh'
[9.525s] INFO:colcon.colcon_core.shell:Creating prefix script '/home/scott/mercer_garm/ros2/install/local_setup.bash'
[9.526s] INFO:colcon.colcon_core.shell:Creating prefix chain script '/home/scott/mercer_garm/ros2/install/setup.bash'
[9.535s] INFO:colcon.colcon_core.shell:Creating prefix script '/home/scott/mercer_garm/ros2/install/local_setup.zsh'
[9.536s] INFO:colcon.colcon_core.shell:Creating prefix chain script '/home/scott/mercer_garm/ros2/install/setup.zsh'
