[0.243s] DEBUG:colcon:Command line arguments: ['/usr/bin/colcon', 'build']
[0.243s] DEBUG:colcon:Parsed command line arguments: Namespace(log_base=None, log_level=None, verb_name='build', build_base='build', install_base='install', merge_install=False, symlink_install=False, test_result_base=None, continue_on_error=False, executor='parallel', parallel_workers=4, event_handlers=None, ignore_user_meta=False, metas=['./colcon.meta'], base_paths=['.'], packages_ignore=None, packages_ignore_regex=None, paths=None, packages_up_to=None, packages_up_to_regex=None, packages_above=None, packages_above_and_dependencies=None, packages_above_depth=None, packages_select_by_dep=None, packages_skip_by_dep=None, packages_skip_up_to=None, packages_select_build_failed=False, packages_skip_build_finished=False, packages_select_test_failures=False, packages_skip_test_passed=False, packages_select=None, packages_skip=None, packages_select_regex=None, packages_skip_regex=None, packages_start=None, packages_end=None, allow_overriding=[], cmake_args=None, cmake_target=None, cmake_target_skip_unavailable=False, cmake_clean_cache=False, cmake_clean_first=False, cmake_force_configure=False, ament_cmake_args=None, catkin_cmake_args=None, catkin_skip_building_tests=False, mixin_files=None, mixin=None, verb_parser=<colcon_mixin.mixin.mixin_argument.MixinArgumentDecorator object at 0x712183a2e030>, verb_extension=<colcon_core.verb.build.BuildVerb object at 0x712183bee4e0>, main=<bound method BuildVerb.main of <colcon_core.verb.build.BuildVerb object at 0x712183bee4e0>>, mixin_verb=('build',))
[0.289s] Level 1:colcon.colcon_core.package_discovery:discover_packages(colcon_meta) check parameters
[0.289s] Level 1:colcon.colcon_core.package_discovery:discover_packages(recursive) check parameters
[0.289s] Level 1:colcon.colcon_core.package_discovery:discover_packages(ignore) check parameters
[0.289s] Level 1:colcon.colcon_core.package_discovery:discover_packages(path) check parameters
[0.289s] Level 1:colcon.colcon_core.package_discovery:discover_packages(colcon_meta) discover
[0.289s] Level 1:colcon.colcon_core.package_discovery:discover_packages(recursive) discover
[0.289s] INFO:colcon.colcon_core.package_discovery:Crawling recursively for packages in '/home/scott/mercer_garm/ros2'
[0.289s] Level 1:colcon.colcon_core.package_identification:_identify(.) by extensions ['ignore', 'ignore_ament_install']
[0.289s] Level 1:colcon.colcon_core.package_identification:_identify(.) by extension 'ignore'
[0.289s] Level 1:colcon.colcon_core.package_identification:_identify(.) by extension 'ignore_ament_install'
[0.289s] Level 1:colcon.colcon_core.package_identification:_identify(.) by extensions ['colcon_pkg']
[0.289s] Level 1:colcon.colcon_core.package_identification:_identify(.) by extension 'colcon_pkg'
[0.289s] Level 1:colcon.colcon_core.package_identification:_identify(.) by extensions ['colcon_meta']
[0.289s] Level 1:colcon.colcon_core.package_identification:_identify(.) by extension 'colcon_meta'
[0.289s] Level 1:colcon.colcon_core.package_identification:_identify(.) by extensions ['ros']
[0.289s] Level 1:colcon.colcon_core.package_identification:_identify(.) by extension 'ros'
[0.315s] Level 1:colcon.colcon_core.package_identification:_identify(.) by extensions ['cmake', 'python']
[0.315s] Level 1:colcon.colcon_core.package_identification:_identify(.) by extension 'cmake'
[0.315s] Level 1:colcon.colcon_core.package_identification:_identify(.) by extension 'python'
[0.316s] Level 1:colcon.colcon_core.package_identification:_identify(.) by extensions ['python_setup_py']
[0.316s] Level 1:colcon.colcon_core.package_identification:_identify(.) by extension 'python_setup_py'
[0.316s] Level 1:colcon.colcon_core.package_identification:_identify(build) by extensions ['ignore', 'ignore_ament_install']
[0.316s] Level 1:colcon.colcon_core.package_identification:_identify(build) by extension 'ignore'
[0.316s] Level 1:colcon.colcon_core.package_identification:_identify(build) ignored
[0.316s] Level 1:colcon.colcon_core.package_identification:_identify(install) by extensions ['ignore', 'ignore_ament_install']
[0.316s] Level 1:colcon.colcon_core.package_identification:_identify(install) by extension 'ignore'
[0.316s] Level 1:colcon.colcon_core.package_identification:_identify(install) ignored
[0.316s] Level 1:colcon.colcon_core.package_identification:_identify(log) by extensions ['ignore', 'ignore_ament_install']
[0.316s] Level 1:colcon.colcon_core.package_identification:_identify(log) by extension 'ignore'
[0.316s] Level 1:colcon.colcon_core.package_identification:_identify(log) ignored
[0.316s] Level 1:colcon.colcon_core.package_identification:_identify(src) by extensions ['ignore', 'ignore_ament_install']
[0.316s] Level 1:colcon.colcon_core.package_identification:_identify(src) by extension 'ignore'
[0.317s] Level 1:colcon.colcon_core.package_identification:_identify(src) by extension 'ignore_ament_install'
[0.317s] Level 1:colcon.colcon_core.package_identification:_identify(src) by extensions ['colcon_pkg']
[0.317s] Level 1:colcon.colcon_core.package_identification:_identify(src) by extension 'colcon_pkg'
[0.317s] Level 1:colcon.colcon_core.package_identification:_identify(src) by extensions ['colcon_meta']
[0.317s] Level 1:colcon.colcon_core.package_identification:_identify(src) by extension 'colcon_meta'
[0.317s] Level 1:colcon.colcon_core.package_identification:_identify(src) by extensions ['ros']
[0.317s] Level 1:colcon.colcon_core.package_identification:_identify(src) by extension 'ros'
[0.317s] Level 1:colcon.colcon_core.package_identification:_identify(src) by extensions ['cmake', 'python']
[0.317s] Level 1:colcon.colcon_core.package_identification:_identify(src) by extension 'cmake'
[0.317s] Level 1:colcon.colcon_core.package_identification:_identify(src) by extension 'python'
[0.317s] Level 1:colcon.colcon_core.package_identification:_identify(src) by extensions ['python_setup_py']
[0.317s] Level 1:colcon.colcon_core.package_identification:_identify(src) by extension 'python_setup_py'
[0.317s] Level 1:colcon.colcon_core.package_identification:_identify(src/g_arm_description) by extensions ['ignore', 'ignore_ament_install']
[0.317s] Level 1:colcon.colcon_core.package_identification:_identify(src/g_arm_description) by extension 'ignore'
[0.317s] Level 1:colcon.colcon_core.package_identification:_identify(src/g_arm_description) by extension 'ignore_ament_install'
[0.317s] Level 1:colcon.colcon_core.package_identification:_identify(src/g_arm_description) by extensions ['colcon_pkg']
[0.317s] Level 1:colcon.colcon_core.package_identification:_identify(src/g_arm_description) by extension 'colcon_pkg'
[0.317s] Level 1:colcon.colcon_core.package_identification:_identify(src/g_arm_description) by extensions ['colcon_meta']
[0.317s] Level 1:colcon.colcon_core.package_identification:_identify(src/g_arm_description) by extension 'colcon_meta'
[0.317s] Level 1:colcon.colcon_core.package_identification:_identify(src/g_arm_description) by extensions ['ros']
[0.317s] Level 1:colcon.colcon_core.package_identification:_identify(src/g_arm_description) by extension 'ros'
[0.320s] DEBUG:colcon.colcon_core.package_identification:Package 'src/g_arm_description' with type 'ros.ament_cmake' and name 'g_arm_description'
[0.320s] Level 1:colcon.colcon_core.package_identification:_identify(src/g_arm_moveit2) by extensions ['ignore', 'ignore_ament_install']
[0.320s] Level 1:colcon.colcon_core.package_identification:_identify(src/g_arm_moveit2) by extension 'ignore'
[0.321s] Level 1:colcon.colcon_core.package_identification:_identify(src/g_arm_moveit2) by extension 'ignore_ament_install'
[0.321s] Level 1:colcon.colcon_core.package_identification:_identify(src/g_arm_moveit2) by extensions ['colcon_pkg']
[0.321s] Level 1:colcon.colcon_core.package_identification:_identify(src/g_arm_moveit2) by extension 'colcon_pkg'
[0.321s] Level 1:colcon.colcon_core.package_identification:_identify(src/g_arm_moveit2) by extensions ['colcon_meta']
[0.321s] Level 1:colcon.colcon_core.package_identification:_identify(src/g_arm_moveit2) by extension 'colcon_meta'
[0.321s] Level 1:colcon.colcon_core.package_identification:_identify(src/g_arm_moveit2) by extensions ['ros']
[0.321s] Level 1:colcon.colcon_core.package_identification:_identify(src/g_arm_moveit2) by extension 'ros'
[0.321s] DEBUG:colcon.colcon_core.package_identification:Package 'src/g_arm_moveit2' with type 'ros.ament_cmake' and name 'g_arm_moveit2'
[0.322s] Level 1:colcon.colcon_core.package_identification:_identify(src/g_arm_msgs) by extensions ['ignore', 'ignore_ament_install']
[0.322s] Level 1:colcon.colcon_core.package_identification:_identify(src/g_arm_msgs) by extension 'ignore'
[0.322s] Level 1:colcon.colcon_core.package_identification:_identify(src/g_arm_msgs) by extension 'ignore_ament_install'
[0.322s] Level 1:colcon.colcon_core.package_identification:_identify(src/g_arm_msgs) by extensions ['colcon_pkg']
[0.322s] Level 1:colcon.colcon_core.package_identification:_identify(src/g_arm_msgs) by extension 'colcon_pkg'
[0.322s] Level 1:colcon.colcon_core.package_identification:_identify(src/g_arm_msgs) by extensions ['colcon_meta']
[0.322s] Level 1:colcon.colcon_core.package_identification:_identify(src/g_arm_msgs) by extension 'colcon_meta'
[0.322s] Level 1:colcon.colcon_core.package_identification:_identify(src/g_arm_msgs) by extensions ['ros']
[0.322s] Level 1:colcon.colcon_core.package_identification:_identify(src/g_arm_msgs) by extension 'ros'
[0.323s] DEBUG:colcon.colcon_core.package_identification:Package 'src/g_arm_msgs' with type 'ros.ament_cmake' and name 'g_arm_msgs'
[0.323s] Level 1:colcon.colcon_core.package_identification:_identify(src/g_arm_trajectory_bridge) by extensions ['ignore', 'ignore_ament_install']
[0.323s] Level 1:colcon.colcon_core.package_identification:_identify(src/g_arm_trajectory_bridge) by extension 'ignore'
[0.323s] Level 1:colcon.colcon_core.package_identification:_identify(src/g_arm_trajectory_bridge) by extension 'ignore_ament_install'
[0.323s] Level 1:colcon.colcon_core.package_identification:_identify(src/g_arm_trajectory_bridge) by extensions ['colcon_pkg']
[0.323s] Level 1:colcon.colcon_core.package_identification:_identify(src/g_arm_trajectory_bridge) by extension 'colcon_pkg'
[0.323s] Level 1:colcon.colcon_core.package_identification:_identify(src/g_arm_trajectory_bridge) by extensions ['colcon_meta']
[0.323s] Level 1:colcon.colcon_core.package_identification:_identify(src/g_arm_trajectory_bridge) by extension 'colcon_meta'
[0.323s] Level 1:colcon.colcon_core.package_identification:_identify(src/g_arm_trajectory_bridge) by extensions ['ros']
[0.323s] Level 1:colcon.colcon_core.package_identification:_identify(src/g_arm_trajectory_bridge) by extension 'ros'
[0.324s] DEBUG:colcon.colcon_core.package_identification:Package 'src/g_arm_trajectory_bridge' with type 'ros.ament_python' and name 'g_arm_trajectory_bridge'
[0.324s] Level 1:colcon.colcon_core.package_identification:_identify(src/garm_motion_planning_demos) by extensions ['ignore', 'ignore_ament_install']
[0.324s] Level 1:colcon.colcon_core.package_identification:_identify(src/garm_motion_planning_demos) by extension 'ignore'
[0.324s] Level 1:colcon.colcon_core.package_identification:_identify(src/garm_motion_planning_demos) by extension 'ignore_ament_install'
[0.324s] Level 1:colcon.colcon_core.package_identification:_identify(src/garm_motion_planning_demos) by extensions ['colcon_pkg']
[0.324s] Level 1:colcon.colcon_core.package_identification:_identify(src/garm_motion_planning_demos) by extension 'colcon_pkg'
[0.324s] Level 1:colcon.colcon_core.package_identification:_identify(src/garm_motion_planning_demos) by extensions ['colcon_meta']
[0.324s] Level 1:colcon.colcon_core.package_identification:_identify(src/garm_motion_planning_demos) by extension 'colcon_meta'
[0.324s] Level 1:colcon.colcon_core.package_identification:_identify(src/garm_motion_planning_demos) by extensions ['ros']
[0.324s] Level 1:colcon.colcon_core.package_identification:_identify(src/garm_motion_planning_demos) by extension 'ros'
[0.324s] DEBUG:colcon.colcon_core.package_identification:Package 'src/garm_motion_planning_demos' with type 'ros.ament_python' and name 'garm_motion_planning_demos'
[0.325s] Level 1:colcon.colcon_core.package_identification:_identify(src/mercer_g_arm) by extensions ['ignore', 'ignore_ament_install']
[0.325s] Level 1:colcon.colcon_core.package_identification:_identify(src/mercer_g_arm) by extension 'ignore'
[0.325s] Level 1:colcon.colcon_core.package_identification:_identify(src/mercer_g_arm) by extension 'ignore_ament_install'
[0.325s] Level 1:colcon.colcon_core.package_identification:_identify(src/mercer_g_arm) by extensions ['colcon_pkg']
[0.325s] Level 1:colcon.colcon_core.package_identification:_identify(src/mercer_g_arm) by extension 'colcon_pkg'
[0.325s] Level 1:colcon.colcon_core.package_identification:_identify(src/mercer_g_arm) by extensions ['colcon_meta']
[0.325s] Level 1:colcon.colcon_core.package_identification:_identify(src/mercer_g_arm) by extension 'colcon_meta'
[0.325s] Level 1:colcon.colcon_core.package_identification:_identify(src/mercer_g_arm) by extensions ['ros']
[0.325s] Level 1:colcon.colcon_core.package_identification:_identify(src/mercer_g_arm) by extension 'ros'
[0.325s] DEBUG:colcon.colcon_core.package_identification:Package 'src/mercer_g_arm' with type 'ros.ament_python' and name 'mercer_g_arm'
[0.326s] Level 1:colcon.colcon_core.package_identification:_identify(src/mercer_g_arm_desktop_bringup) by extensions ['ignore', 'ignore_ament_install']
[0.326s] Level 1:colcon.colcon_core.package_identification:_identify(src/mercer_g_arm_desktop_bringup) by extension 'ignore'
[0.326s] Level 1:colcon.colcon_core.package_identification:_identify(src/mercer_g_arm_desktop_bringup) by extension 'ignore_ament_install'
[0.326s] Level 1:colcon.colcon_core.package_identification:_identify(src/mercer_g_arm_desktop_bringup) by extensions ['colcon_pkg']
[0.326s] Level 1:colcon.colcon_core.package_identification:_identify(src/mercer_g_arm_desktop_bringup) by extension 'colcon_pkg'
[0.326s] Level 1:colcon.colcon_core.package_identification:_identify(src/mercer_g_arm_desktop_bringup) by extensions ['colcon_meta']
[0.326s] Level 1:colcon.colcon_core.package_identification:_identify(src/mercer_g_arm_desktop_bringup) by extension 'colcon_meta'
[0.326s] Level 1:colcon.colcon_core.package_identification:_identify(src/mercer_g_arm_desktop_bringup) by extensions ['ros']
[0.326s] Level 1:colcon.colcon_core.package_identification:_identify(src/mercer_g_arm_desktop_bringup) by extension 'ros'
[0.327s] DEBUG:colcon.colcon_core.package_identification:Package 'src/mercer_g_arm_desktop_bringup' with type 'ros.ament_python' and name 'mercer_g_arm_desktop_bringup'
[0.327s] Level 1:colcon.colcon_core.package_identification:_identify(src/mercer_g_arm_rpi_bringup) by extensions ['ignore', 'ignore_ament_install']
[0.327s] Level 1:colcon.colcon_core.package_identification:_identify(src/mercer_g_arm_rpi_bringup) by extension 'ignore'
[0.327s] Level 1:colcon.colcon_core.package_identification:_identify(src/mercer_g_arm_rpi_bringup) by extension 'ignore_ament_install'
[0.327s] Level 1:colcon.colcon_core.package_identification:_identify(src/mercer_g_arm_rpi_bringup) by extensions ['colcon_pkg']
[0.327s] Level 1:colcon.colcon_core.package_identification:_identify(src/mercer_g_arm_rpi_bringup) by extension 'colcon_pkg'
[0.327s] Level 1:colcon.colcon_core.package_identification:_identify(src/mercer_g_arm_rpi_bringup) by extensions ['colcon_meta']
[0.327s] Level 1:colcon.colcon_core.package_identification:_identify(src/mercer_g_arm_rpi_bringup) by extension 'colcon_meta'
[0.327s] Level 1:colcon.colcon_core.package_identification:_identify(src/mercer_g_arm_rpi_bringup) by extensions ['ros']
[0.327s] Level 1:colcon.colcon_core.package_identification:_identify(src/mercer_g_arm_rpi_bringup) by extension 'ros'
[0.328s] DEBUG:colcon.colcon_core.package_identification:Package 'src/mercer_g_arm_rpi_bringup' with type 'ros.ament_python' and name 'mercer_g_arm_rpi_bringup'
[0.328s] Level 1:colcon.colcon_core.package_identification:_identify(src/mercer_g_arm_sim) by extensions ['ignore', 'ignore_ament_install']
[0.328s] Level 1:colcon.colcon_core.package_identification:_identify(src/mercer_g_arm_sim) by extension 'ignore'
[0.328s] Level 1:colcon.colcon_core.package_identification:_identify(src/mercer_g_arm_sim) by extension 'ignore_ament_install'
[0.328s] Level 1:colcon.colcon_core.package_identification:_identify(src/mercer_g_arm_sim) by extensions ['colcon_pkg']
[0.328s] Level 1:colcon.colcon_core.package_identification:_identify(src/mercer_g_arm_sim) by extension 'colcon_pkg'
[0.328s] Level 1:colcon.colcon_core.package_identification:_identify(src/mercer_g_arm_sim) by extensions ['colcon_meta']
[0.328s] Level 1:colcon.colcon_core.package_identification:_identify(src/mercer_g_arm_sim) by extension 'colcon_meta'
[0.328s] Level 1:colcon.colcon_core.package_identification:_identify(src/mercer_g_arm_sim) by extensions ['ros']
[0.328s] Level 1:colcon.colcon_core.package_identification:_identify(src/mercer_g_arm_sim) by extension 'ros'
[0.329s] DEBUG:colcon.colcon_core.package_identification:Package 'src/mercer_g_arm_sim' with type 'ros.ament_python' and name 'mercer_g_arm_sim'
[0.329s] Level 1:colcon.colcon_core.package_identification:_identify(src/mercer_g_arm_topic_hw) by extensions ['ignore', 'ignore_ament_install']
[0.329s] Level 1:colcon.colcon_core.package_identification:_identify(src/mercer_g_arm_topic_hw) by extension 'ignore'
[0.329s] Level 1:colcon.colcon_core.package_identification:_identify(src/mercer_g_arm_topic_hw) by extension 'ignore_ament_install'
[0.330s] Level 1:colcon.colcon_core.package_identification:_identify(src/mercer_g_arm_topic_hw) by extensions ['colcon_pkg']
[0.330s] Level 1:colcon.colcon_core.package_identification:_identify(src/mercer_g_arm_topic_hw) by extension 'colcon_pkg'
[0.330s] Level 1:colcon.colcon_core.package_identification:_identify(src/mercer_g_arm_topic_hw) by extensions ['colcon_meta']
[0.330s] Level 1:colcon.colcon_core.package_identification:_identify(src/mercer_g_arm_topic_hw) by extension 'colcon_meta'
[0.330s] Level 1:colcon.colcon_core.package_identification:_identify(src/mercer_g_arm_topic_hw) by extensions ['ros']
[0.330s] Level 1:colcon.colcon_core.package_identification:_identify(src/mercer_g_arm_topic_hw) by extension 'ros'
[0.330s] DEBUG:colcon.colcon_core.package_identification:Package 'src/mercer_g_arm_topic_hw' with type 'ros.ament_cmake' and name 'mercer_g_arm_topic_hw'
[0.330s] Level 1:colcon.colcon_core.package_identification:_identify(src/mercer_robot_commander_cpp) by extensions ['ignore', 'ignore_ament_install']
[0.330s] Level 1:colcon.colcon_core.package_identification:_identify(src/mercer_robot_commander_cpp) by extension 'ignore'
[0.330s] Level 1:colcon.colcon_core.package_identification:_identify(src/mercer_robot_commander_cpp) by extension 'ignore_ament_install'
[0.331s] Level 1:colcon.colcon_core.package_identification:_identify(src/mercer_robot_commander_cpp) by extensions ['colcon_pkg']
[0.331s] Level 1:colcon.colcon_core.package_identification:_identify(src/mercer_robot_commander_cpp) by extension 'colcon_pkg'
[0.331s] Level 1:colcon.colcon_core.package_identification:_identify(src/mercer_robot_commander_cpp) by extensions ['colcon_meta']
[0.331s] Level 1:colcon.colcon_core.package_identification:_identify(src/mercer_robot_commander_cpp) by extension 'colcon_meta'
[0.331s] Level 1:colcon.colcon_core.package_identification:_identify(src/mercer_robot_commander_cpp) by extensions ['ros']
[0.331s] Level 1:colcon.colcon_core.package_identification:_identify(src/mercer_robot_commander_cpp) by extension 'ros'
[0.332s] DEBUG:colcon.colcon_core.package_identification:Package 'src/mercer_robot_commander_cpp' with type 'ros.ament_cmake' and name 'mercer_robot_commander_cpp'
[0.332s] Level 1:colcon.colcon_core.package_identification:_identify(src/pi_gpio_interface) by extensions ['ignore', 'ignore_ament_install']
[0.332s] Level 1:colcon.colcon_core.package_identification:_identify(src/pi_gpio_interface) by extension 'ignore'
[0.332s] Level 1:colcon.colcon_core.package_identification:_identify(src/pi_gpio_interface) by extension 'ignore_ament_install'
[0.332s] Level 1:colcon.colcon_core.package_identification:_identify(src/pi_gpio_interface) by extensions ['colcon_pkg']
[0.332s] Level 1:colcon.colcon_core.package_identification:_identify(src/pi_gpio_interface) by extension 'colcon_pkg'
[0.332s] Level 1:colcon.colcon_core.package_identification:_identify(src/pi_gpio_interface) by extensions ['colcon_meta']
[0.332s] Level 1:colcon.colcon_core.package_identification:_identify(src/pi_gpio_interface) by extension 'colcon_meta'
[0.332s] Level 1:colcon.colcon_core.package_identification:_identify(src/pi_gpio_interface) by extensions ['ros']
[0.332s] Level 1:colcon.colcon_core.package_identification:_identify(src/pi_gpio_interface) by extension 'ros'
[0.333s] DEBUG:colcon.colcon_core.package_identification:Package 'src/pi_gpio_interface' with type 'ros.ament_cmake' and name 'pi_gpio_interface'
[0.333s] Level 1:colcon.colcon_core.package_discovery:discover_packages(recursive) using defaults
[0.333s] Level 1:colcon.colcon_core.package_discovery:discover_packages(ignore) discover
[0.333s] Level 1:colcon.colcon_core.package_discovery:discover_packages(ignore) using defaults
[0.333s] Level 1:colcon.colcon_core.package_discovery:discover_packages(path) discover
[0.333s] Level 1:colcon.colcon_core.package_discovery:discover_packages(path) using defaults
[0.357s] Level 1:colcon.colcon_core.package_discovery:discover_packages(prefix_path) check parameters
[0.357s] Level 1:colcon.colcon_core.package_discovery:discover_packages(prefix_path) discover
[0.358s] WARNING:colcon.colcon_core.prefix_path.colcon:The path '/home/scott/mercer_garm_ws/install' in the environment variable COLCON_PREFIX_PATH doesn't exist
[0.358s] WARNING:colcon.colcon_ros.prefix_path.ament:The path '/home/scott/mercer_garm/ros2/install/pymoveit2' in the environment variable AMENT_PREFIX_PATH doesn't exist
[0.358s] WARNING:colcon.colcon_ros.prefix_path.ament:The path '/home/scott/mercer_garm/ros2/install/pi_gpio_interface' in the environment variable AMENT_PREFIX_PATH doesn't exist
[0.358s] WARNING:colcon.colcon_ros.prefix_path.ament:The path '/home/scott/mercer_garm/ros2/install/mercer_robot_commander_py' in the environment variable AMENT_PREFIX_PATH doesn't exist
[0.358s] WARNING:colcon.colcon_ros.prefix_path.ament:The path '/home/scott/mercer_garm/ros2/install/mercer_g_arm_desktop_bringup' in the environment variable AMENT_PREFIX_PATH doesn't exist
[0.358s] WARNING:colcon.colcon_ros.prefix_path.ament:The path '/home/scott/mercer_garm/ros2/install/mercer_robot_commander_cpp' in the environment variable AMENT_PREFIX_PATH doesn't exist
[0.358s] WARNING:colcon.colcon_ros.prefix_path.ament:The path '/home/scott/mercer_garm/ros2/install/mercer_g_arm_sim' in the environment variable AMENT_PREFIX_PATH doesn't exist
[0.358s] WARNING:colcon.colcon_ros.prefix_path.ament:The path '/home/scott/mercer_garm/ros2/install/mercer_g_arm_rpi_bringup' in the environment variable AMENT_PREFIX_PATH doesn't exist
[0.358s] WARNING:colcon.colcon_ros.prefix_path.ament:The path '/home/scott/mercer_garm/ros2/install/mercer_g_arm' in the environment variable AMENT_PREFIX_PATH doesn't exist
[0.358s] WARNING:colcon.colcon_ros.prefix_path.ament:The path '/home/scott/mercer_garm/ros2/install/mercer_g-arm_rpi_bringup' in the environment variable AMENT_PREFIX_PATH doesn't exist
[0.358s] WARNING:colcon.colcon_ros.prefix_path.ament:The path '/home/scott/mercer_garm/ros2/install/mercer_g-arm_desktop_bringup' in the environment variable AMENT_PREFIX_PATH doesn't exist
[0.358s] WARNING:colcon.colcon_ros.prefix_path.ament:The path '/home/scott/mercer_garm/ros2/install/joy_js_pkg' in the environment variable AMENT_PREFIX_PATH doesn't exist
[0.358s] WARNING:colcon.colcon_ros.prefix_path.ament:The path '/home/scott/mercer_garm/ros2/install/garm_motion_planning_demos' in the environment variable AMENT_PREFIX_PATH doesn't exist
[0.358s] WARNING:colcon.colcon_ros.prefix_path.ament:The path '/home/scott/mercer_garm/ros2/install/g_arm_trajectory_bridge' in the environment variable AMENT_PREFIX_PATH doesn't exist
[0.358s] WARNING:colcon.colcon_ros.prefix_path.ament:The path '/home/scott/mercer_garm/ros2/install/g_arm_python_examples' in the environment variable AMENT_PREFIX_PATH doesn't exist
[0.358s] WARNING:colcon.colcon_ros.prefix_path.ament:The path '/home/scott/mercer_garm/ros2/install/g_arm_msgs' in the environment variable AMENT_PREFIX_PATH doesn't exist
[0.358s] WARNING:colcon.colcon_ros.prefix_path.ament:The path '/home/scott/mercer_garm/ros2/install/g-arm_simulation' in the environment variable AMENT_PREFIX_PATH doesn't exist
[0.358s] WARNING:colcon.colcon_ros.prefix_path.ament:The path '/home/scott/mercer_garm/ros2/install/g_arm' in the environment variable AMENT_PREFIX_PATH doesn't exist
[0.358s] WARNING:colcon.colcon_ros.prefix_path.ament:The path '/home/scott/mercer_garm/ros2/install/g-arm_demos' in the environment variable AMENT_PREFIX_PATH doesn't exist
[0.359s] WARNING:colcon.colcon_ros.prefix_path.ament:The path '/home/scott/mercer_garm_ws/install/mercer_g_arm_desktop_bringup' in the environment variable AMENT_PREFIX_PATH doesn't exist
[0.359s] WARNING:colcon.colcon_ros.prefix_path.ament:The path '/home/scott/mercer_garm_ws/install/pymoveit2' in the environment variable AMENT_PREFIX_PATH doesn't exist
[0.359s] WARNING:colcon.colcon_ros.prefix_path.ament:The path '/home/scott/mercer_garm_ws/install/pi_gpio_interface' in the environment variable AMENT_PREFIX_PATH doesn't exist
[0.359s] WARNING:colcon.colcon_ros.prefix_path.ament:The path '/home/scott/mercer_garm_ws/install/mercer_robot_commander_py' in the environment variable AMENT_PREFIX_PATH doesn't exist
[0.359s] WARNING:colcon.colcon_ros.prefix_path.ament:The path '/home/scott/mercer_garm_ws/install/mercer_robot_commander_cpp' in the environment variable AMENT_PREFIX_PATH doesn't exist
[0.359s] WARNING:colcon.colcon_ros.prefix_path.ament:The path '/home/scott/mercer_garm_ws/install/mercer_g_arm_topic_hw' in the environment variable AMENT_PREFIX_PATH doesn't exist
[0.359s] WARNING:colcon.colcon_ros.prefix_path.ament:The path '/home/scott/mercer_garm_ws/install/mercer_g_arm_sim' in the environment variable AMENT_PREFIX_PATH doesn't exist
[0.359s] WARNING:colcon.colcon_ros.prefix_path.ament:The path '/home/scott/mercer_garm_ws/install/mercer_g_arm_rpi_bringup' in the environment variable AMENT_PREFIX_PATH doesn't exist
[0.359s] WARNING:colcon.colcon_ros.prefix_path.ament:The path '/home/scott/mercer_garm_ws/install/mercer_g_arm' in the environment variable AMENT_PREFIX_PATH doesn't exist
[0.359s] WARNING:colcon.colcon_ros.prefix_path.ament:The path '/home/scott/mercer_garm_ws/install/mercer_g-arm_rpi_bringup' in the environment variable AMENT_PREFIX_PATH doesn't exist
[0.359s] WARNING:colcon.colcon_ros.prefix_path.ament:The path '/home/scott/mercer_garm_ws/install/mercer_g-arm_desktop_bringup' in the environment variable AMENT_PREFIX_PATH doesn't exist
[0.359s] WARNING:colcon.colcon_ros.prefix_path.ament:The path '/home/scott/mercer_garm_ws/install/joy_js_pkg' in the environment variable AMENT_PREFIX_PATH doesn't exist
[0.359s] WARNING:colcon.colcon_ros.prefix_path.ament:The path '/home/scott/mercer_garm_ws/install/garm_motion_planning_demos' in the environment variable AMENT_PREFIX_PATH doesn't exist
[0.359s] WARNING:colcon.colcon_ros.prefix_path.ament:The path '/home/scott/mercer_garm_ws/install/g_arm_trajectory_bridge' in the environment variable AMENT_PREFIX_PATH doesn't exist
[0.359s] WARNING:colcon.colcon_ros.prefix_path.ament:The path '/home/scott/mercer_garm_ws/install/g_arm_python_examples' in the environment variable AMENT_PREFIX_PATH doesn't exist
[0.359s] WARNING:colcon.colcon_ros.prefix_path.ament:The path '/home/scott/mercer_garm_ws/install/g_arm_msgs' in the environment variable AMENT_PREFIX_PATH doesn't exist
[0.359s] WARNING:colcon.colcon_ros.prefix_path.ament:The path '/home/scott/mercer_garm_ws/install/g-arm_simulation' in the environment variable AMENT_PREFIX_PATH doesn't exist
[0.359s] WARNING:colcon.colcon_ros.prefix_path.ament:The path '/home/scott/mercer_garm_ws/install/g_arm_moveit2' in the environment variable AMENT_PREFIX_PATH doesn't exist
[0.359s] WARNING:colcon.colcon_ros.prefix_path.ament:The path '/home/scott/mercer_garm_ws/install/g_arm_description' in the environment variable AMENT_PREFIX_PATH doesn't exist
[0.359s] WARNING:colcon.colcon_ros.prefix_path.ament:The path '/home/scott/mercer_garm_ws/install/g_arm' in the environment variable AMENT_PREFIX_PATH doesn't exist
[0.359s] WARNING:colcon.colcon_ros.prefix_path.ament:The path '/home/scott/mercer_garm_ws/install/g-arm_demos' in the environment variable AMENT_PREFIX_PATH doesn't exist
[0.362s] WARNING:colcon.colcon_ros.prefix_path.catkin:The path '/home/scott/mercer_garm/ros2/install/pymoveit2' in the environment variable CMAKE_PREFIX_PATH doesn't exist
[0.363s] WARNING:colcon.colcon_ros.prefix_path.catkin:The path '/home/scott/mercer_garm/ros2/install/pi_gpio_interface' in the environment variable CMAKE_PREFIX_PATH doesn't exist
[0.363s] WARNING:colcon.colcon_ros.prefix_path.catkin:The path '/home/scott/mercer_garm/ros2/install/mercer_robot_commander_cpp' in the environment variable CMAKE_PREFIX_PATH doesn't exist
[0.363s] WARNING:colcon.colcon_ros.prefix_path.catkin:The path '/home/scott/mercer_garm/ros2/install/mercer_g_arm_topic_hw' in the environment variable CMAKE_PREFIX_PATH doesn't exist
[0.363s] WARNING:colcon.colcon_ros.prefix_path.catkin:The path '/home/scott/mercer_garm/ros2/install/g_arm_msgs' in the environment variable CMAKE_PREFIX_PATH doesn't exist
[0.363s] WARNING:colcon.colcon_ros.prefix_path.catkin:The path '/home/scott/mercer_garm/ros2/install/g_arm_moveit2' in the environment variable CMAKE_PREFIX_PATH doesn't exist
[0.363s] WARNING:colcon.colcon_ros.prefix_path.catkin:The path '/home/scott/mercer_garm/ros2/install/g_arm_description' in the environment variable CMAKE_PREFIX_PATH doesn't exist
[0.363s] WARNING:colcon.colcon_ros.prefix_path.catkin:The path '/home/scott/mercer_garm/ros2/install/g-arm_demos' in the environment variable CMAKE_PREFIX_PATH doesn't exist
[0.363s] WARNING:colcon.colcon_ros.prefix_path.catkin:The path '/home/scott/mercer_garm_ws/install/pymoveit2' in the environment variable CMAKE_PREFIX_PATH doesn't exist
[0.363s] WARNING:colcon.colcon_ros.prefix_path.catkin:The path '/home/scott/mercer_garm_ws/install/pi_gpio_interface' in the environment variable CMAKE_PREFIX_PATH doesn't exist
[0.363s] WARNING:colcon.colcon_ros.prefix_path.catkin:The path '/home/scott/mercer_garm_ws/install/mercer_robot_commander_cpp' in the environment variable CMAKE_PREFIX_PATH doesn't exist
[0.363s] WARNING:colcon.colcon_ros.prefix_path.catkin:The path '/home/scott/mercer_garm_ws/install/mercer_g_arm_topic_hw' in the environment variable CMAKE_PREFIX_PATH doesn't exist
[0.363s] WARNING:colcon.colcon_ros.prefix_path.catkin:The path '/home/scott/mercer_garm_ws/install/g_arm_msgs' in the environment variable CMAKE_PREFIX_PATH doesn't exist
[0.363s] WARNING:colcon.colcon_ros.prefix_path.catkin:The path '/home/scott/mercer_garm_ws/install/g_arm_moveit2' in the environment variable CMAKE_PREFIX_PATH doesn't exist
[0.363s] WARNING:colcon.colcon_ros.prefix_path.catkin:The path '/home/scott/mercer_garm_ws/install/g_arm_description' in the environment variable CMAKE_PREFIX_PATH doesn't exist
[0.363s] WARNING:colcon.colcon_ros.prefix_path.catkin:The path '/home/scott/mercer_garm_ws/install/g-arm_demos' in the environment variable CMAKE_PREFIX_PATH doesn't exist
[0.365s] DEBUG:colcon.colcon_installed_package_information.package_discovery:Found 0 installed packages in /home/scott/mercer_garm/ros2/install
[0.368s] DEBUG:colcon.colcon_installed_package_information.package_discovery:Found 71 installed packages in /home/scott/ws_moveit/install
[0.369s] DEBUG:colcon.colcon_installed_package_information.package_discovery:Found 13 installed packages in /home/scott/ros2_ws/install
[0.371s] DEBUG:colcon.colcon_installed_package_information.package_discovery:Found 430 installed packages in /opt/ros/jazzy
[0.373s] Level 1:colcon.colcon_core.package_discovery:discover_packages(prefix_path) using defaults
[0.462s] WARNING:colcon.colcon_core.package_selection:Some selected packages are already built in one or more underlay workspaces:
	'g_arm_moveit2' is in: /home/scott/ros2_ws/install/g_arm_moveit2
	'g_arm_description' is in: /home/scott/ros2_ws/install/g_arm_description
If a package in a merged underlay workspace is overridden and it installs headers, then all packages in the overlay must sort their include directories by workspace order. Failure to do so may result in build failures or undefined behavior at run time.
If the overridden package is used by another package in any underlay, then the overriding package in the overlay must be API and ABI compatible or undefined behavior at run time may occur.

If you understand the risks and want to override a package anyways, add the following to the command line:
	--allow-overriding g_arm_description g_arm_moveit2

This may be promoted to an error in a future release of colcon-override-check.
[0.464s] Level 5:colcon.colcon_core.verb:set package 'g_arm_description' build argument 'cmake_args' from command line to 'None'
[0.464s] Level 5:colcon.colcon_core.verb:set package 'g_arm_description' build argument 'cmake_target' from command line to 'None'
[0.464s] Level 5:colcon.colcon_core.verb:set package 'g_arm_description' build argument 'cmake_target_skip_unavailable' from command line to 'False'
[0.464s] Level 5:colcon.colcon_core.verb:set package 'g_arm_description' build argument 'cmake_clean_cache' from command line to 'False'
[0.464s] Level 5:colcon.colcon_core.verb:set package 'g_arm_description' build argument 'cmake_clean_first' from command line to 'False'
[0.464s] Level 5:colcon.colcon_core.verb:set package 'g_arm_description' build argument 'cmake_force_configure' from command line to 'False'
[0.464s] Level 5:colcon.colcon_core.verb:set package 'g_arm_description' build argument 'ament_cmake_args' from command line to 'None'
[0.464s] Level 5:colcon.colcon_core.verb:set package 'g_arm_description' build argument 'catkin_cmake_args' from command line to 'None'
[0.464s] Level 5:colcon.colcon_core.verb:set package 'g_arm_description' build argument 'catkin_skip_building_tests' from command line to 'False'
[0.464s] DEBUG:colcon.colcon_core.verb:Building package 'g_arm_description' with the following arguments: {'ament_cmake_args': None, 'build_base': '/home/scott/mercer_garm/ros2/build/g_arm_description', 'catkin_cmake_args': None, 'catkin_skip_building_tests': False, 'cmake_args': None, 'cmake_clean_cache': False, 'cmake_clean_first': False, 'cmake_force_configure': False, 'cmake_target': None, 'cmake_target_skip_unavailable': False, 'install_base': '/home/scott/mercer_garm/ros2/install/g_arm_description', 'merge_install': False, 'path': '/home/scott/mercer_garm/ros2/src/g_arm_description', 'symlink_install': False, 'test_result_base': None}
[0.464s] Level 5:colcon.colcon_core.verb:set package 'g_arm_msgs' build argument 'cmake_args' from command line to 'None'
[0.464s] Level 5:colcon.colcon_core.verb:set package 'g_arm_msgs' build argument 'cmake_target' from command line to 'None'
[0.464s] Level 5:colcon.colcon_core.verb:set package 'g_arm_msgs' build argument 'cmake_target_skip_unavailable' from command line to 'False'
[0.464s] Level 5:colcon.colcon_core.verb:set package 'g_arm_msgs' build argument 'cmake_clean_cache' from command line to 'False'
[0.464s] Level 5:colcon.colcon_core.verb:set package 'g_arm_msgs' build argument 'cmake_clean_first' from command line to 'False'
[0.464s] Level 5:colcon.colcon_core.verb:set package 'g_arm_msgs' build argument 'cmake_force_configure' from command line to 'False'
[0.464s] Level 5:colcon.colcon_core.verb:set package 'g_arm_msgs' build argument 'ament_cmake_args' from command line to 'None'
[0.464s] Level 5:colcon.colcon_core.verb:set package 'g_arm_msgs' build argument 'catkin_cmake_args' from command line to 'None'
[0.464s] Level 5:colcon.colcon_core.verb:set package 'g_arm_msgs' build argument 'catkin_skip_building_tests' from command line to 'False'
[0.464s] DEBUG:colcon.colcon_core.verb:Building package 'g_arm_msgs' with the following arguments: {'ament_cmake_args': None, 'build_base': '/home/scott/mercer_garm/ros2/build/g_arm_msgs', 'catkin_cmake_args': None, 'catkin_skip_building_tests': False, 'cmake_args': None, 'cmake_clean_cache': False, 'cmake_clean_first': False, 'cmake_force_configure': False, 'cmake_target': None, 'cmake_target_skip_unavailable': False, 'install_base': '/home/scott/mercer_garm/ros2/install/g_arm_msgs', 'merge_install': False, 'path': '/home/scott/mercer_garm/ros2/src/g_arm_msgs', 'symlink_install': False, 'test_result_base': None}
[0.465s] Level 5:colcon.colcon_core.verb:set package 'g_arm_trajectory_bridge' build argument 'cmake_args' from command line to 'None'
[0.465s] Level 5:colcon.colcon_core.verb:set package 'g_arm_trajectory_bridge' build argument 'cmake_target' from command line to 'None'
[0.465s] Level 5:colcon.colcon_core.verb:set package 'g_arm_trajectory_bridge' build argument 'cmake_target_skip_unavailable' from command line to 'False'
[0.465s] Level 5:colcon.colcon_core.verb:set package 'g_arm_trajectory_bridge' build argument 'cmake_clean_cache' from command line to 'False'
[0.465s] Level 5:colcon.colcon_core.verb:set package 'g_arm_trajectory_bridge' build argument 'cmake_clean_first' from command line to 'False'
[0.465s] Level 5:colcon.colcon_core.verb:set package 'g_arm_trajectory_bridge' build argument 'cmake_force_configure' from command line to 'False'
[0.465s] Level 5:colcon.colcon_core.verb:set package 'g_arm_trajectory_bridge' build argument 'ament_cmake_args' from command line to 'None'
[0.465s] Level 5:colcon.colcon_core.verb:set package 'g_arm_trajectory_bridge' build argument 'catkin_cmake_args' from command line to 'None'
[0.465s] Level 5:colcon.colcon_core.verb:set package 'g_arm_trajectory_bridge' build argument 'catkin_skip_building_tests' from command line to 'False'
[0.465s] DEBUG:colcon.colcon_core.verb:Building package 'g_arm_trajectory_bridge' with the following arguments: {'ament_cmake_args': None, 'build_base': '/home/scott/mercer_garm/ros2/build/g_arm_trajectory_bridge', 'catkin_cmake_args': None, 'catkin_skip_building_tests': False, 'cmake_args': None, 'cmake_clean_cache': False, 'cmake_clean_first': False, 'cmake_force_configure': False, 'cmake_target': None, 'cmake_target_skip_unavailable': False, 'install_base': '/home/scott/mercer_garm/ros2/install/g_arm_trajectory_bridge', 'merge_install': False, 'path': '/home/scott/mercer_garm/ros2/src/g_arm_trajectory_bridge', 'symlink_install': False, 'test_result_base': None}
[0.465s] Level 5:colcon.colcon_core.verb:set package 'garm_motion_planning_demos' build argument 'cmake_args' from command line to 'None'
[0.465s] Level 5:colcon.colcon_core.verb:set package 'garm_motion_planning_demos' build argument 'cmake_target' from command line to 'None'
[0.465s] Level 5:colcon.colcon_core.verb:set package 'garm_motion_planning_demos' build argument 'cmake_target_skip_unavailable' from command line to 'False'
[0.465s] Level 5:colcon.colcon_core.verb:set package 'garm_motion_planning_demos' build argument 'cmake_clean_cache' from command line to 'False'
[0.465s] Level 5:colcon.colcon_core.verb:set package 'garm_motion_planning_demos' build argument 'cmake_clean_first' from command line to 'False'
[0.465s] Level 5:colcon.colcon_core.verb:set package 'garm_motion_planning_demos' build argument 'cmake_force_configure' from command line to 'False'
[0.465s] Level 5:colcon.colcon_core.verb:set package 'garm_motion_planning_demos' build argument 'ament_cmake_args' from command line to 'None'
[0.465s] Level 5:colcon.colcon_core.verb:set package 'garm_motion_planning_demos' build argument 'catkin_cmake_args' from command line to 'None'
[0.465s] Level 5:colcon.colcon_core.verb:set package 'garm_motion_planning_demos' build argument 'catkin_skip_building_tests' from command line to 'False'
[0.465s] DEBUG:colcon.colcon_core.verb:Building package 'garm_motion_planning_demos' with the following arguments: {'ament_cmake_args': None, 'build_base': '/home/scott/mercer_garm/ros2/build/garm_motion_planning_demos', 'catkin_cmake_args': None, 'catkin_skip_building_tests': False, 'cmake_args': None, 'cmake_clean_cache': False, 'cmake_clean_first': False, 'cmake_force_configure': False, 'cmake_target': None, 'cmake_target_skip_unavailable': False, 'install_base': '/home/scott/mercer_garm/ros2/install/garm_motion_planning_demos', 'merge_install': False, 'path': '/home/scott/mercer_garm/ros2/src/garm_motion_planning_demos', 'symlink_install': False, 'test_result_base': None}
[0.466s] Level 5:colcon.colcon_core.verb:set package 'mercer_g_arm' build argument 'cmake_args' from command line to 'None'
[0.466s] Level 5:colcon.colcon_core.verb:set package 'mercer_g_arm' build argument 'cmake_target' from command line to 'None'
[0.466s] Level 5:colcon.colcon_core.verb:set package 'mercer_g_arm' build argument 'cmake_target_skip_unavailable' from command line to 'False'
[0.466s] Level 5:colcon.colcon_core.verb:set package 'mercer_g_arm' build argument 'cmake_clean_cache' from command line to 'False'
[0.466s] Level 5:colcon.colcon_core.verb:set package 'mercer_g_arm' build argument 'cmake_clean_first' from command line to 'False'
[0.466s] Level 5:colcon.colcon_core.verb:set package 'mercer_g_arm' build argument 'cmake_force_configure' from command line to 'False'
[0.466s] Level 5:colcon.colcon_core.verb:set package 'mercer_g_arm' build argument 'ament_cmake_args' from command line to 'None'
[0.466s] Level 5:colcon.colcon_core.verb:set package 'mercer_g_arm' build argument 'catkin_cmake_args' from command line to 'None'
[0.466s] Level 5:colcon.colcon_core.verb:set package 'mercer_g_arm' build argument 'catkin_skip_building_tests' from command line to 'False'
[0.466s] DEBUG:colcon.colcon_core.verb:Building package 'mercer_g_arm' with the following arguments: {'ament_cmake_args': None, 'build_base': '/home/scott/mercer_garm/ros2/build/mercer_g_arm', 'catkin_cmake_args': None, 'catkin_skip_building_tests': False, 'cmake_args': None, 'cmake_clean_cache': False, 'cmake_clean_first': False, 'cmake_force_configure': False, 'cmake_target': None, 'cmake_target_skip_unavailable': False, 'install_base': '/home/scott/mercer_garm/ros2/install/mercer_g_arm', 'merge_install': False, 'path': '/home/scott/mercer_garm/ros2/src/mercer_g_arm', 'symlink_install': False, 'test_result_base': None}
[0.466s] Level 5:colcon.colcon_core.verb:set package 'mercer_g_arm_rpi_bringup' build argument 'cmake_args' from command line to 'None'
[0.466s] Level 5:colcon.colcon_core.verb:set package 'mercer_g_arm_rpi_bringup' build argument 'cmake_target' from command line to 'None'
[0.466s] Level 5:colcon.colcon_core.verb:set package 'mercer_g_arm_rpi_bringup' build argument 'cmake_target_skip_unavailable' from command line to 'False'
[0.466s] Level 5:colcon.colcon_core.verb:set package 'mercer_g_arm_rpi_bringup' build argument 'cmake_clean_cache' from command line to 'False'
[0.466s] Level 5:colcon.colcon_core.verb:set package 'mercer_g_arm_rpi_bringup' build argument 'cmake_clean_first' from command line to 'False'
[0.466s] Level 5:colcon.colcon_core.verb:set package 'mercer_g_arm_rpi_bringup' build argument 'cmake_force_configure' from command line to 'False'
[0.466s] Level 5:colcon.colcon_core.verb:set package 'mercer_g_arm_rpi_bringup' build argument 'ament_cmake_args' from command line to 'None'
[0.466s] Level 5:colcon.colcon_core.verb:set package 'mercer_g_arm_rpi_bringup' build argument 'catkin_cmake_args' from command line to 'None'
[0.466s] Level 5:colcon.colcon_core.verb:set package 'mercer_g_arm_rpi_bringup' build argument 'catkin_skip_building_tests' from command line to 'False'
[0.466s] DEBUG:colcon.colcon_core.verb:Building package 'mercer_g_arm_rpi_bringup' with the following arguments: {'ament_cmake_args': None, 'build_base': '/home/scott/mercer_garm/ros2/build/mercer_g_arm_rpi_bringup', 'catkin_cmake_args': None, 'catkin_skip_building_tests': False, 'cmake_args': None, 'cmake_clean_cache': False, 'cmake_clean_first': False, 'cmake_force_configure': False, 'cmake_target': None, 'cmake_target_skip_unavailable': False, 'install_base': '/home/scott/mercer_garm/ros2/install/mercer_g_arm_rpi_bringup', 'merge_install': False, 'path': '/home/scott/mercer_garm/ros2/src/mercer_g_arm_rpi_bringup', 'symlink_install': False, 'test_result_base': None}
[0.467s] Level 5:colcon.colcon_core.verb:set package 'mercer_g_arm_topic_hw' build argument 'cmake_args' from command line to 'None'
[0.467s] Level 5:colcon.colcon_core.verb:set package 'mercer_g_arm_topic_hw' build argument 'cmake_target' from command line to 'None'
[0.467s] Level 5:colcon.colcon_core.verb:set package 'mercer_g_arm_topic_hw' build argument 'cmake_target_skip_unavailable' from command line to 'False'
[0.467s] Level 5:colcon.colcon_core.verb:set package 'mercer_g_arm_topic_hw' build argument 'cmake_clean_cache' from command line to 'False'
[0.467s] Level 5:colcon.colcon_core.verb:set package 'mercer_g_arm_topic_hw' build argument 'cmake_clean_first' from command line to 'False'
[0.467s] Level 5:colcon.colcon_core.verb:set package 'mercer_g_arm_topic_hw' build argument 'cmake_force_configure' from command line to 'False'
[0.467s] Level 5:colcon.colcon_core.verb:set package 'mercer_g_arm_topic_hw' build argument 'ament_cmake_args' from command line to 'None'
[0.467s] Level 5:colcon.colcon_core.verb:set package 'mercer_g_arm_topic_hw' build argument 'catkin_cmake_args' from command line to 'None'
[0.467s] Level 5:colcon.colcon_core.verb:set package 'mercer_g_arm_topic_hw' build argument 'catkin_skip_building_tests' from command line to 'False'
[0.467s] DEBUG:colcon.colcon_core.verb:Building package 'mercer_g_arm_topic_hw' with the following arguments: {'ament_cmake_args': None, 'build_base': '/home/scott/mercer_garm/ros2/build/mercer_g_arm_topic_hw', 'catkin_cmake_args': None, 'catkin_skip_building_tests': False, 'cmake_args': None, 'cmake_clean_cache': False, 'cmake_clean_first': False, 'cmake_force_configure': False, 'cmake_target': None, 'cmake_target_skip_unavailable': False, 'install_base': '/home/scott/mercer_garm/ros2/install/mercer_g_arm_topic_hw', 'merge_install': False, 'path': '/home/scott/mercer_garm/ros2/src/mercer_g_arm_topic_hw', 'symlink_install': False, 'test_result_base': None}
[0.467s] Level 5:colcon.colcon_core.verb:set package 'pi_gpio_interface' build argument 'cmake_args' from command line to 'None'
[0.467s] Level 5:colcon.colcon_core.verb:set package 'pi_gpio_interface' build argument 'cmake_target' from command line to 'None'
[0.467s] Level 5:colcon.colcon_core.verb:set package 'pi_gpio_interface' build argument 'cmake_target_skip_unavailable' from command line to 'False'
[0.467s] Level 5:colcon.colcon_core.verb:set package 'pi_gpio_interface' build argument 'cmake_clean_cache' from command line to 'False'
[0.467s] Level 5:colcon.colcon_core.verb:set package 'pi_gpio_interface' build argument 'cmake_clean_first' from command line to 'False'
[0.467s] Level 5:colcon.colcon_core.verb:set package 'pi_gpio_interface' build argument 'cmake_force_configure' from command line to 'False'
[0.467s] Level 5:colcon.colcon_core.verb:set package 'pi_gpio_interface' build argument 'ament_cmake_args' from command line to 'None'
[0.467s] Level 5:colcon.colcon_core.verb:set package 'pi_gpio_interface' build argument 'catkin_cmake_args' from command line to 'None'
[0.467s] Level 5:colcon.colcon_core.verb:set package 'pi_gpio_interface' build argument 'catkin_skip_building_tests' from command line to 'False'
[0.467s] DEBUG:colcon.colcon_core.verb:Building package 'pi_gpio_interface' with the following arguments: {'ament_cmake_args': None, 'build_base': '/home/scott/mercer_garm/ros2/build/pi_gpio_interface', 'catkin_cmake_args': None, 'catkin_skip_building_tests': False, 'cmake_args': None, 'cmake_clean_cache': False, 'cmake_clean_first': False, 'cmake_force_configure': False, 'cmake_target': None, 'cmake_target_skip_unavailable': False, 'install_base': '/home/scott/mercer_garm/ros2/install/pi_gpio_interface', 'merge_install': False, 'path': '/home/scott/mercer_garm/ros2/src/pi_gpio_interface', 'symlink_install': False, 'test_result_base': None}
[0.468s] Level 5:colcon.colcon_core.verb:set package 'g_arm_moveit2' build argument 'cmake_args' from command line to 'None'
[0.468s] Level 5:colcon.colcon_core.verb:set package 'g_arm_moveit2' build argument 'cmake_target' from command line to 'None'
[0.468s] Level 5:colcon.colcon_core.verb:set package 'g_arm_moveit2' build argument 'cmake_target_skip_unavailable' from command line to 'False'
[0.468s] Level 5:colcon.colcon_core.verb:set package 'g_arm_moveit2' build argument 'cmake_clean_cache' from command line to 'False'
[0.468s] Level 5:colcon.colcon_core.verb:set package 'g_arm_moveit2' build argument 'cmake_clean_first' from command line to 'False'
[0.468s] Level 5:colcon.colcon_core.verb:set package 'g_arm_moveit2' build argument 'cmake_force_configure' from command line to 'False'
[0.468s] Level 5:colcon.colcon_core.verb:set package 'g_arm_moveit2' build argument 'ament_cmake_args' from command line to 'None'
[0.468s] Level 5:colcon.colcon_core.verb:set package 'g_arm_moveit2' build argument 'catkin_cmake_args' from command line to 'None'
[0.468s] Level 5:colcon.colcon_core.verb:set package 'g_arm_moveit2' build argument 'catkin_skip_building_tests' from command line to 'False'
[0.468s] DEBUG:colcon.colcon_core.verb:Building package 'g_arm_moveit2' with the following arguments: {'ament_cmake_args': None, 'build_base': '/home/scott/mercer_garm/ros2/build/g_arm_moveit2', 'catkin_cmake_args': None, 'catkin_skip_building_tests': False, 'cmake_args': None, 'cmake_clean_cache': False, 'cmake_clean_first': False, 'cmake_force_configure': False, 'cmake_target': None, 'cmake_target_skip_unavailable': False, 'install_base': '/home/scott/mercer_garm/ros2/install/g_arm_moveit2', 'merge_install': False, 'path': '/home/scott/mercer_garm/ros2/src/g_arm_moveit2', 'symlink_install': False, 'test_result_base': None}
[0.468s] Level 5:colcon.colcon_core.verb:set package 'mercer_robot_commander_cpp' build argument 'cmake_args' from command line to 'None'
[0.468s] Level 5:colcon.colcon_core.verb:set package 'mercer_robot_commander_cpp' build argument 'cmake_target' from command line to 'None'
[0.468s] Level 5:colcon.colcon_core.verb:set package 'mercer_robot_commander_cpp' build argument 'cmake_target_skip_unavailable' from command line to 'False'
[0.468s] Level 5:colcon.colcon_core.verb:set package 'mercer_robot_commander_cpp' build argument 'cmake_clean_cache' from command line to 'False'
[0.468s] Level 5:colcon.colcon_core.verb:set package 'mercer_robot_commander_cpp' build argument 'cmake_clean_first' from command line to 'False'
[0.468s] Level 5:colcon.colcon_core.verb:set package 'mercer_robot_commander_cpp' build argument 'cmake_force_configure' from command line to 'False'
[0.468s] Level 5:colcon.colcon_core.verb:set package 'mercer_robot_commander_cpp' build argument 'ament_cmake_args' from command line to 'None'
[0.468s] Level 5:colcon.colcon_core.verb:set package 'mercer_robot_commander_cpp' build argument 'catkin_cmake_args' from command line to 'None'
[0.468s] Level 5:colcon.colcon_core.verb:set package 'mercer_robot_commander_cpp' build argument 'catkin_skip_building_tests' from command line to 'False'
[0.468s] DEBUG:colcon.colcon_core.verb:Building package 'mercer_robot_commander_cpp' with the following arguments: {'ament_cmake_args': None, 'build_base': '/home/scott/mercer_garm/ros2/build/mercer_robot_commander_cpp', 'catkin_cmake_args': None, 'catkin_skip_building_tests': False, 'cmake_args': None, 'cmake_clean_cache': False, 'cmake_clean_first': False, 'cmake_force_configure': False, 'cmake_target': None, 'cmake_target_skip_unavailable': False, 'install_base': '/home/scott/mercer_garm/ros2/install/mercer_robot_commander_cpp', 'merge_install': False, 'path': '/home/scott/mercer_garm/ros2/src/mercer_robot_commander_cpp', 'symlink_install': False, 'test_result_base': None}
[0.469s] Level 5:colcon.colcon_core.verb:set package 'mercer_g_arm_desktop_bringup' build argument 'cmake_args' from command line to 'None'
[0.469s] Level 5:colcon.colcon_core.verb:set package 'mercer_g_arm_desktop_bringup' build argument 'cmake_target' from command line to 'None'
[0.469s] Level 5:colcon.colcon_core.verb:set package 'mercer_g_arm_desktop_bringup' build argument 'cmake_target_skip_unavailable' from command line to 'False'
[0.469s] Level 5:colcon.colcon_core.verb:set package 'mercer_g_arm_desktop_bringup' build argument 'cmake_clean_cache' from command line to 'False'
[0.469s] Level 5:colcon.colcon_core.verb:set package 'mercer_g_arm_desktop_bringup' build argument 'cmake_clean_first' from command line to 'False'
[0.469s] Level 5:colcon.colcon_core.verb:set package 'mercer_g_arm_desktop_bringup' build argument 'cmake_force_configure' from command line to 'False'
[0.469s] Level 5:colcon.colcon_core.verb:set package 'mercer_g_arm_desktop_bringup' build argument 'ament_cmake_args' from command line to 'None'
[0.469s] Level 5:colcon.colcon_core.verb:set package 'mercer_g_arm_desktop_bringup' build argument 'catkin_cmake_args' from command line to 'None'
[0.469s] Level 5:colcon.colcon_core.verb:set package 'mercer_g_arm_desktop_bringup' build argument 'catkin_skip_building_tests' from command line to 'False'
[0.469s] DEBUG:colcon.colcon_core.verb:Building package 'mercer_g_arm_desktop_bringup' with the following arguments: {'ament_cmake_args': None, 'build_base': '/home/scott/mercer_garm/ros2/build/mercer_g_arm_desktop_bringup', 'catkin_cmake_args': None, 'catkin_skip_building_tests': False, 'cmake_args': None, 'cmake_clean_cache': False, 'cmake_clean_first': False, 'cmake_force_configure': False, 'cmake_target': None, 'cmake_target_skip_unavailable': False, 'install_base': '/home/scott/mercer_garm/ros2/install/mercer_g_arm_desktop_bringup', 'merge_install': False, 'path': '/home/scott/mercer_garm/ros2/src/mercer_g_arm_desktop_bringup', 'symlink_install': False, 'test_result_base': None}
[0.469s] Level 5:colcon.colcon_core.verb:set package 'mercer_g_arm_sim' build argument 'cmake_args' from command line to 'None'
[0.469s] Level 5:colcon.colcon_core.verb:set package 'mercer_g_arm_sim' build argument 'cmake_target' from command line to 'None'
[0.469s] Level 5:colcon.colcon_core.verb:set package 'mercer_g_arm_sim' build argument 'cmake_target_skip_unavailable' from command line to 'False'
[0.469s] Level 5:colcon.colcon_core.verb:set package 'mercer_g_arm_sim' build argument 'cmake_clean_cache' from command line to 'False'
[0.469s] Level 5:colcon.colcon_core.verb:set package 'mercer_g_arm_sim' build argument 'cmake_clean_first' from command line to 'False'
[0.469s] Level 5:colcon.colcon_core.verb:set package 'mercer_g_arm_sim' build argument 'cmake_force_configure' from command line to 'False'
[0.469s] Level 5:colcon.colcon_core.verb:set package 'mercer_g_arm_sim' build argument 'ament_cmake_args' from command line to 'None'
[0.469s] Level 5:colcon.colcon_core.verb:set package 'mercer_g_arm_sim' build argument 'catkin_cmake_args' from command line to 'None'
[0.469s] Level 5:colcon.colcon_core.verb:set package 'mercer_g_arm_sim' build argument 'catkin_skip_building_tests' from command line to 'False'
[0.469s] DEBUG:colcon.colcon_core.verb:Building package 'mercer_g_arm_sim' with the following arguments: {'ament_cmake_args': None, 'build_base': '/home/scott/mercer_garm/ros2/build/mercer_g_arm_sim', 'catkin_cmake_args': None, 'catkin_skip_building_tests': False, 'cmake_args': None, 'cmake_clean_cache': False, 'cmake_clean_first': False, 'cmake_force_configure': False, 'cmake_target': None, 'cmake_target_skip_unavailable': False, 'install_base': '/home/scott/mercer_garm/ros2/install/mercer_g_arm_sim', 'merge_install': False, 'path': '/home/scott/mercer_garm/ros2/src/mercer_g_arm_sim', 'symlink_install': False, 'test_result_base': None}
[0.469s] INFO:colcon.colcon_core.executor:Executing jobs using 'parallel' executor
[0.470s] DEBUG:colcon.colcon_parallel_executor.executor.parallel:run_until_complete
[0.470s] INFO:colcon.colcon_ros.task.ament_cmake.build:Building ROS package in '/home/scott/mercer_garm/ros2/src/g_arm_description' with build type 'ament_cmake'
[0.470s] INFO:colcon.colcon_cmake.task.cmake.build:Building CMake package in '/home/scott/mercer_garm/ros2/src/g_arm_description'
[0.477s] INFO:colcon.colcon_core.plugin_system:Skipping extension 'colcon_core.shell.bat': Not used on non-Windows systems
[0.477s] INFO:colcon.colcon_core.shell:Skip shell extension 'powershell' for command environment: Not usable outside of PowerShell
[0.477s] DEBUG:colcon.colcon_core.shell:Skip shell extension 'dsv' for command environment
[0.487s] INFO:colcon.colcon_ros.task.ament_cmake.build:Building ROS package in '/home/scott/mercer_garm/ros2/src/g_arm_msgs' with build type 'ament_cmake'
[0.487s] INFO:colcon.colcon_cmake.task.cmake.build:Building CMake package in '/home/scott/mercer_garm/ros2/src/g_arm_msgs'
[0.488s] INFO:colcon.colcon_core.shell:Skip shell extension 'powershell' for command environment: Not usable outside of PowerShell
[0.488s] DEBUG:colcon.colcon_core.shell:Skip shell extension 'dsv' for command environment
[0.498s] INFO:colcon.colcon_ros.task.ament_python.build:Building ROS package in '/home/scott/mercer_garm/ros2/src/g_arm_trajectory_bridge' with build type 'ament_python'
[0.498s] Level 1:colcon.colcon_core.shell:create_environment_hook('g_arm_trajectory_bridge', 'ament_prefix_path')
[0.498s] INFO:colcon.colcon_core.shell:Creating environment hook '/home/scott/mercer_garm/ros2/install/g_arm_trajectory_bridge/share/g_arm_trajectory_bridge/hook/ament_prefix_path.ps1'
[0.499s] INFO:colcon.colcon_core.shell:Creating environment descriptor '/home/scott/mercer_garm/ros2/install/g_arm_trajectory_bridge/share/g_arm_trajectory_bridge/hook/ament_prefix_path.dsv'
[0.499s] INFO:colcon.colcon_core.shell:Creating environment hook '/home/scott/mercer_garm/ros2/install/g_arm_trajectory_bridge/share/g_arm_trajectory_bridge/hook/ament_prefix_path.sh'
[0.500s] INFO:colcon.colcon_core.shell:Skip shell extension 'powershell' for command environment: Not usable outside of PowerShell
[0.500s] DEBUG:colcon.colcon_core.shell:Skip shell extension 'dsv' for command environment
[0.509s] INFO:colcon.colcon_ros.task.ament_python.build:Building ROS package in '/home/scott/mercer_garm/ros2/src/garm_motion_planning_demos' with build type 'ament_python'
[0.510s] Level 1:colcon.colcon_core.shell:create_environment_hook('garm_motion_planning_demos', 'ament_prefix_path')
[0.510s] INFO:colcon.colcon_core.shell:Creating environment hook '/home/scott/mercer_garm/ros2/install/garm_motion_planning_demos/share/garm_motion_planning_demos/hook/ament_prefix_path.ps1'
[0.510s] INFO:colcon.colcon_core.shell:Creating environment descriptor '/home/scott/mercer_garm/ros2/install/garm_motion_planning_demos/share/garm_motion_planning_demos/hook/ament_prefix_path.dsv'
[0.511s] INFO:colcon.colcon_core.shell:Creating environment hook '/home/scott/mercer_garm/ros2/install/garm_motion_planning_demos/share/garm_motion_planning_demos/hook/ament_prefix_path.sh'
[0.511s] INFO:colcon.colcon_core.shell:Skip shell extension 'powershell' for command environment: Not usable outside of PowerShell
[0.511s] DEBUG:colcon.colcon_core.shell:Skip shell extension 'dsv' for command environment
[0.526s] DEBUG:colcon.colcon_core.event_handler.log_command:Invoking command in '/home/scott/mercer_garm/ros2/build/g_arm_description': CMAKE_PREFIX_PATH=${CMAKE_PREFIX_PATH}:/home/scott/mercer_garm/ros2/install/mercer_robot_commander_py:/home/scott/mercer_garm/ros2/install/mercer_g_arm_desktop_bringup:/home/scott/mercer_garm/ros2/install/mercer_g_arm_sim:/home/scott/mercer_garm/ros2/install/mercer_g_arm_rpi_bringup:/home/scott/mercer_garm/ros2/install/mercer_g_arm:/home/scott/mercer_garm/ros2/install/mercer_g-arm_rpi_bringup:/home/scott/mercer_garm/ros2/install/mercer_g-arm_desktop_bringup:/home/scott/mercer_garm/ros2/install/joy_js_pkg:/home/scott/mercer_garm/ros2/install/garm_motion_planning_demos:/home/scott/mercer_garm/ros2/install/g_arm_trajectory_bridge:/home/scott/mercer_garm/ros2/install/g_arm_python_examples:/home/scott/mercer_garm/ros2/install/g-arm_simulation:/home/scott/mercer_garm/ros2/install/g_arm:/home/scott/mercer_garm_ws/install/mercer_g_arm_desktop_bringup:/home/scott/mercer_garm_ws/install/mercer_robot_commander_py:/home/scott/mercer_garm_ws/install/mercer_g_arm_sim:/home/scott/mercer_garm_ws/install/mercer_g_arm_rpi_bringup:/home/scott/mercer_garm_ws/install/mercer_g_arm:/home/scott/mercer_garm_ws/install/mercer_g-arm_rpi_bringup:/home/scott/mercer_garm_ws/install/mercer_g-arm_desktop_bringup:/home/scott/mercer_garm_ws/install/joy_js_pkg:/home/scott/mercer_garm_ws/install/garm_motion_planning_demos:/home/scott/mercer_garm_ws/install/g_arm_trajectory_bridge:/home/scott/mercer_garm_ws/install/g_arm_python_examples:/home/scott/mercer_garm_ws/install/g-arm_simulation:/home/scott/mercer_garm_ws/install/g_arm:/home/scott/ros2_ws/install/joy_js_pkg:/home/scott/ros2_ws/install/garm_motion_planning_demos:/home/scott/ros2_ws/install/g_arm_trajectory_bridge:/home/scott/ros2_ws/install/g_arm_python_examples:/home/scott/ros2_ws/install/g-arm_simulation:/home/scott/ros2_ws/install/g_arm:/home/scott/ws_moveit/install/moveit_configs_utils:/opt/ros/jazzy DEBUGINFOD_URLS=https://debuginfod.ubuntu.com PS1=(ros2_venv) \[\e]0;\u@\h: \w\a\]${debian_chroot:+($debian_chroot)}\[\033[01;32m\]\u@\h\[\033[00m\]:\[\033[01;34m\]\w\[\033[00m\]\$ VIRTUAL_ENV_PROMPT=(ros2_venv) /snap/bin/cmake /home/scott/mercer_garm/ros2/src/g_arm_description -DCMAKE_INSTALL_PREFIX=/home/scott/mercer_garm/ros2/install/g_arm_description
[0.529s] DEBUG:colcon.colcon_core.event_handler.log_command:Invoking command in '/home/scott/mercer_garm/ros2/build/g_arm_msgs': CMAKE_PREFIX_PATH=${CMAKE_PREFIX_PATH}:/home/scott/mercer_garm/ros2/install/mercer_robot_commander_py:/home/scott/mercer_garm/ros2/install/mercer_g_arm_desktop_bringup:/home/scott/mercer_garm/ros2/install/mercer_g_arm_sim:/home/scott/mercer_garm/ros2/install/mercer_g_arm_rpi_bringup:/home/scott/mercer_garm/ros2/install/mercer_g_arm:/home/scott/mercer_garm/ros2/install/mercer_g-arm_rpi_bringup:/home/scott/mercer_garm/ros2/install/mercer_g-arm_desktop_bringup:/home/scott/mercer_garm/ros2/install/joy_js_pkg:/home/scott/mercer_garm/ros2/install/garm_motion_planning_demos:/home/scott/mercer_garm/ros2/install/g_arm_trajectory_bridge:/home/scott/mercer_garm/ros2/install/g_arm_python_examples:/home/scott/mercer_garm/ros2/install/g-arm_simulation:/home/scott/mercer_garm/ros2/install/g_arm:/home/scott/mercer_garm_ws/install/mercer_g_arm_desktop_bringup:/home/scott/mercer_garm_ws/install/mercer_robot_commander_py:/home/scott/mercer_garm_ws/install/mercer_g_arm_sim:/home/scott/mercer_garm_ws/install/mercer_g_arm_rpi_bringup:/home/scott/mercer_garm_ws/install/mercer_g_arm:/home/scott/mercer_garm_ws/install/mercer_g-arm_rpi_bringup:/home/scott/mercer_garm_ws/install/mercer_g-arm_desktop_bringup:/home/scott/mercer_garm_ws/install/joy_js_pkg:/home/scott/mercer_garm_ws/install/garm_motion_planning_demos:/home/scott/mercer_garm_ws/install/g_arm_trajectory_bridge:/home/scott/mercer_garm_ws/install/g_arm_python_examples:/home/scott/mercer_garm_ws/install/g-arm_simulation:/home/scott/mercer_garm_ws/install/g_arm:/home/scott/ros2_ws/install/joy_js_pkg:/home/scott/ros2_ws/install/garm_motion_planning_demos:/home/scott/ros2_ws/install/g_arm_trajectory_bridge:/home/scott/ros2_ws/install/g_arm_python_examples:/home/scott/ros2_ws/install/g-arm_simulation:/home/scott/ros2_ws/install/g_arm:/home/scott/ws_moveit/install/moveit_configs_utils:/opt/ros/jazzy DEBUGINFOD_URLS=https://debuginfod.ubuntu.com PS1=(ros2_venv) \[\e]0;\u@\h: \w\a\]${debian_chroot:+($debian_chroot)}\[\033[01;32m\]\u@\h\[\033[00m\]:\[\033[01;34m\]\w\[\033[00m\]\$ VIRTUAL_ENV_PROMPT=(ros2_venv) /snap/bin/cmake /home/scott/mercer_garm/ros2/src/g_arm_msgs -DCMAKE_INSTALL_PREFIX=/home/scott/mercer_garm/ros2/install/g_arm_msgs
[0.857s] INFO:colcon.colcon_core.task.python.build:Building Python package in '/home/scott/mercer_garm/ros2/src/g_arm_trajectory_bridge'
[0.857s] INFO:colcon.colcon_core.shell:Skip shell extension 'powershell' for command environment: Not usable outside of PowerShell
[0.857s] DEBUG:colcon.colcon_core.shell:Skip shell extension 'dsv' for command environment
[1.192s] INFO:colcon.colcon_core.task.python.build:Building Python package in '/home/scott/mercer_garm/ros2/src/garm_motion_planning_demos'
[1.193s] INFO:colcon.colcon_core.shell:Skip shell extension 'powershell' for command environment: Not usable outside of PowerShell
[1.193s] DEBUG:colcon.colcon_core.shell:Skip shell extension 'dsv' for command environment
[2.218s] DEBUG:colcon.colcon_core.event_handler.log_command:Invoking command in '/home/scott/mercer_garm/ros2/src/g_arm_trajectory_bridge': DEBUGINFOD_URLS=https://debuginfod.ubuntu.com PS1=(ros2_venv) \[\e]0;\u@\h: \w\a\]${debian_chroot:+($debian_chroot)}\[\033[01;32m\]\u@\h\[\033[00m\]:\[\033[01;34m\]\w\[\033[00m\]\$ PYTHONPATH=/home/scott/mercer_garm/ros2/build/g_arm_trajectory_bridge/prefix_override:/usr/lib/python3/dist-packages/colcon_core/task/python/colcon_distutils_commands:/home/scott/mercer_garm/ros2/install/g_arm_trajectory_bridge/lib/python3.12/site-packages:${PYTHONPATH} VIRTUAL_ENV_PROMPT=(ros2_venv) /usr/bin/python3 -W ignore:setup.py install is deprecated -W ignore:easy_install command is deprecated setup.py egg_info --egg-base ../../build/g_arm_trajectory_bridge build --build-base /home/scott/mercer_garm/ros2/build/g_arm_trajectory_bridge/build install --record /home/scott/mercer_garm/ros2/build/g_arm_trajectory_bridge/install.log --single-version-externally-managed install_data
[2.225s] DEBUG:colcon.colcon_core.event_handler.log_command:Invoking command in '/home/scott/mercer_garm/ros2/src/garm_motion_planning_demos': DEBUGINFOD_URLS=https://debuginfod.ubuntu.com PS1=(ros2_venv) \[\e]0;\u@\h: \w\a\]${debian_chroot:+($debian_chroot)}\[\033[01;32m\]\u@\h\[\033[00m\]:\[\033[01;34m\]\w\[\033[00m\]\$ PYTHONPATH=/home/scott/mercer_garm/ros2/build/garm_motion_planning_demos/prefix_override:/usr/lib/python3/dist-packages/colcon_core/task/python/colcon_distutils_commands:/home/scott/mercer_garm/ros2/install/garm_motion_planning_demos/lib/python3.12/site-packages:${PYTHONPATH} VIRTUAL_ENV_PROMPT=(ros2_venv) /usr/bin/python3 -W ignore:setup.py install is deprecated -W ignore:easy_install command is deprecated setup.py egg_info --egg-base ../../build/garm_motion_planning_demos build --build-base /home/scott/mercer_garm/ros2/build/garm_motion_planning_demos/build install --record /home/scott/mercer_garm/ros2/build/garm_motion_planning_demos/install.log --single-version-externally-managed install_data
[3.204s] DEBUG:colcon.colcon_core.event_handler.log_command:Invoked command in '/home/scott/mercer_garm/ros2/src/g_arm_trajectory_bridge' returned '0': DEBUGINFOD_URLS=https://debuginfod.ubuntu.com PS1=(ros2_venv) \[\e]0;\u@\h: \w\a\]${debian_chroot:+($debian_chroot)}\[\033[01;32m\]\u@\h\[\033[00m\]:\[\033[01;34m\]\w\[\033[00m\]\$ PYTHONPATH=/home/scott/mercer_garm/ros2/build/g_arm_trajectory_bridge/prefix_override:/usr/lib/python3/dist-packages/colcon_core/task/python/colcon_distutils_commands:/home/scott/mercer_garm/ros2/install/g_arm_trajectory_bridge/lib/python3.12/site-packages:${PYTHONPATH} VIRTUAL_ENV_PROMPT=(ros2_venv) /usr/bin/python3 -W ignore:setup.py install is deprecated -W ignore:easy_install command is deprecated setup.py egg_info --egg-base ../../build/g_arm_trajectory_bridge build --build-base /home/scott/mercer_garm/ros2/build/g_arm_trajectory_bridge/build install --record /home/scott/mercer_garm/ros2/build/g_arm_trajectory_bridge/install.log --single-version-externally-managed install_data
[3.209s] Level 1:colcon.colcon_core.environment:checking '/home/scott/mercer_garm/ros2/install/g_arm_trajectory_bridge' for CMake module files
[3.210s] Level 1:colcon.colcon_core.environment:checking '/home/scott/mercer_garm/ros2/install/g_arm_trajectory_bridge' for CMake config files
[3.211s] Level 1:colcon.colcon_core.environment:checking '/home/scott/mercer_garm/ros2/install/g_arm_trajectory_bridge/lib'
[3.211s] Level 1:colcon.colcon_core.environment:checking '/home/scott/mercer_garm/ros2/install/g_arm_trajectory_bridge/bin'
[3.211s] Level 1:colcon.colcon_core.environment:checking '/home/scott/mercer_garm/ros2/install/g_arm_trajectory_bridge/lib/pkgconfig/g_arm_trajectory_bridge.pc'
[3.211s] Level 1:colcon.colcon_core.environment:checking '/home/scott/mercer_garm/ros2/install/g_arm_trajectory_bridge/lib/python3.12/site-packages'
[3.211s] Level 1:colcon.colcon_core.shell:create_environment_hook('g_arm_trajectory_bridge', 'pythonpath')
[3.211s] INFO:colcon.colcon_core.shell:Creating environment hook '/home/scott/mercer_garm/ros2/install/g_arm_trajectory_bridge/share/g_arm_trajectory_bridge/hook/pythonpath.ps1'
[3.212s] INFO:colcon.colcon_core.shell:Creating environment descriptor '/home/scott/mercer_garm/ros2/install/g_arm_trajectory_bridge/share/g_arm_trajectory_bridge/hook/pythonpath.dsv'
[3.212s] INFO:colcon.colcon_core.shell:Creating environment hook '/home/scott/mercer_garm/ros2/install/g_arm_trajectory_bridge/share/g_arm_trajectory_bridge/hook/pythonpath.sh'
[3.213s] Level 1:colcon.colcon_core.environment:checking '/home/scott/mercer_garm/ros2/install/g_arm_trajectory_bridge/bin'
[3.213s] Level 1:colcon.colcon_core.environment:create_environment_scripts_only(g_arm_trajectory_bridge)
[3.213s] INFO:colcon.colcon_core.shell:Creating package script '/home/scott/mercer_garm/ros2/install/g_arm_trajectory_bridge/share/g_arm_trajectory_bridge/package.ps1'
[3.214s] INFO:colcon.colcon_core.shell:Creating package descriptor '/home/scott/mercer_garm/ros2/install/g_arm_trajectory_bridge/share/g_arm_trajectory_bridge/package.dsv'
[3.214s] INFO:colcon.colcon_core.shell:Creating package script '/home/scott/mercer_garm/ros2/install/g_arm_trajectory_bridge/share/g_arm_trajectory_bridge/package.sh'
[3.215s] INFO:colcon.colcon_core.shell:Creating package script '/home/scott/mercer_garm/ros2/install/g_arm_trajectory_bridge/share/g_arm_trajectory_bridge/package.bash'
[3.216s] INFO:colcon.colcon_core.shell:Creating package script '/home/scott/mercer_garm/ros2/install/g_arm_trajectory_bridge/share/g_arm_trajectory_bridge/package.zsh'
[3.216s] Level 1:colcon.colcon_core.environment:create_file_with_runtime_dependencies(/home/scott/mercer_garm/ros2/install/g_arm_trajectory_bridge/share/colcon-core/packages/g_arm_trajectory_bridge)
[3.217s] INFO:colcon.colcon_ros.task.ament_python.build:Building ROS package in '/home/scott/mercer_garm/ros2/src/mercer_g_arm' with build type 'ament_python'
[3.217s] Level 1:colcon.colcon_core.shell:create_environment_hook('mercer_g_arm', 'ament_prefix_path')
[3.217s] INFO:colcon.colcon_core.shell:Creating environment hook '/home/scott/mercer_garm/ros2/install/mercer_g_arm/share/mercer_g_arm/hook/ament_prefix_path.ps1'
[3.218s] INFO:colcon.colcon_core.shell:Creating environment descriptor '/home/scott/mercer_garm/ros2/install/mercer_g_arm/share/mercer_g_arm/hook/ament_prefix_path.dsv'
[3.218s] INFO:colcon.colcon_core.shell:Creating environment hook '/home/scott/mercer_garm/ros2/install/mercer_g_arm/share/mercer_g_arm/hook/ament_prefix_path.sh'
[3.219s] INFO:colcon.colcon_core.shell:Skip shell extension 'powershell' for command environment: Not usable outside of PowerShell
[3.219s] DEBUG:colcon.colcon_core.shell:Skip shell extension 'dsv' for command environment
[3.231s] Level 1:colcon.colcon_core.environment:checking '/home/scott/mercer_garm/ros2/install/garm_motion_planning_demos' for CMake module files
[3.231s] DEBUG:colcon.colcon_core.event_handler.log_command:Invoked command in '/home/scott/mercer_garm/ros2/src/garm_motion_planning_demos' returned '0': DEBUGINFOD_URLS=https://debuginfod.ubuntu.com PS1=(ros2_venv) \[\e]0;\u@\h: \w\a\]${debian_chroot:+($debian_chroot)}\[\033[01;32m\]\u@\h\[\033[00m\]:\[\033[01;34m\]\w\[\033[00m\]\$ PYTHONPATH=/home/scott/mercer_garm/ros2/build/garm_motion_planning_demos/prefix_override:/usr/lib/python3/dist-packages/colcon_core/task/python/colcon_distutils_commands:/home/scott/mercer_garm/ros2/install/garm_motion_planning_demos/lib/python3.12/site-packages:${PYTHONPATH} VIRTUAL_ENV_PROMPT=(ros2_venv) /usr/bin/python3 -W ignore:setup.py install is deprecated -W ignore:easy_install command is deprecated setup.py egg_info --egg-base ../../build/garm_motion_planning_demos build --build-base /home/scott/mercer_garm/ros2/build/garm_motion_planning_demos/build install --record /home/scott/mercer_garm/ros2/build/garm_motion_planning_demos/install.log --single-version-externally-managed install_data
[3.232s] Level 1:colcon.colcon_core.environment:checking '/home/scott/mercer_garm/ros2/install/garm_motion_planning_demos' for CMake config files
[3.232s] Level 1:colcon.colcon_core.environment:checking '/home/scott/mercer_garm/ros2/install/garm_motion_planning_demos/lib'
[3.232s] Level 1:colcon.colcon_core.environment:checking '/home/scott/mercer_garm/ros2/install/garm_motion_planning_demos/bin'
[3.232s] Level 1:colcon.colcon_core.environment:checking '/home/scott/mercer_garm/ros2/install/garm_motion_planning_demos/lib/pkgconfig/garm_motion_planning_demos.pc'
[3.232s] Level 1:colcon.colcon_core.environment:checking '/home/scott/mercer_garm/ros2/install/garm_motion_planning_demos/lib/python3.12/site-packages'
[3.232s] Level 1:colcon.colcon_core.shell:create_environment_hook('garm_motion_planning_demos', 'pythonpath')
[3.233s] INFO:colcon.colcon_core.shell:Creating environment hook '/home/scott/mercer_garm/ros2/install/garm_motion_planning_demos/share/garm_motion_planning_demos/hook/pythonpath.ps1'
[3.233s] INFO:colcon.colcon_core.shell:Creating environment descriptor '/home/scott/mercer_garm/ros2/install/garm_motion_planning_demos/share/garm_motion_planning_demos/hook/pythonpath.dsv'
[3.233s] INFO:colcon.colcon_core.shell:Creating environment hook '/home/scott/mercer_garm/ros2/install/garm_motion_planning_demos/share/garm_motion_planning_demos/hook/pythonpath.sh'
[3.234s] Level 1:colcon.colcon_core.environment:checking '/home/scott/mercer_garm/ros2/install/garm_motion_planning_demos/bin'
[3.234s] Level 1:colcon.colcon_core.environment:create_environment_scripts_only(garm_motion_planning_demos)
[3.234s] INFO:colcon.colcon_core.shell:Creating package script '/home/scott/mercer_garm/ros2/install/garm_motion_planning_demos/share/garm_motion_planning_demos/package.ps1'
[3.235s] INFO:colcon.colcon_core.shell:Creating package descriptor '/home/scott/mercer_garm/ros2/install/garm_motion_planning_demos/share/garm_motion_planning_demos/package.dsv'
[3.235s] INFO:colcon.colcon_core.shell:Creating package script '/home/scott/mercer_garm/ros2/install/garm_motion_planning_demos/share/garm_motion_planning_demos/package.sh'
[3.236s] INFO:colcon.colcon_core.shell:Creating package script '/home/scott/mercer_garm/ros2/install/garm_motion_planning_demos/share/garm_motion_planning_demos/package.bash'
[3.236s] INFO:colcon.colcon_core.shell:Creating package script '/home/scott/mercer_garm/ros2/install/garm_motion_planning_demos/share/garm_motion_planning_demos/package.zsh'
[3.236s] Level 1:colcon.colcon_core.environment:create_file_with_runtime_dependencies(/home/scott/mercer_garm/ros2/install/garm_motion_planning_demos/share/colcon-core/packages/garm_motion_planning_demos)
[3.237s] INFO:colcon.colcon_ros.task.ament_python.build:Building ROS package in '/home/scott/mercer_garm/ros2/src/mercer_g_arm_rpi_bringup' with build type 'ament_python'
[3.237s] Level 1:colcon.colcon_core.shell:create_environment_hook('mercer_g_arm_rpi_bringup', 'ament_prefix_path')
[3.237s] INFO:colcon.colcon_core.shell:Creating environment hook '/home/scott/mercer_garm/ros2/install/mercer_g_arm_rpi_bringup/share/mercer_g_arm_rpi_bringup/hook/ament_prefix_path.ps1'
[3.238s] INFO:colcon.colcon_core.shell:Creating environment descriptor '/home/scott/mercer_garm/ros2/install/mercer_g_arm_rpi_bringup/share/mercer_g_arm_rpi_bringup/hook/ament_prefix_path.dsv'
[3.238s] INFO:colcon.colcon_core.shell:Creating environment hook '/home/scott/mercer_garm/ros2/install/mercer_g_arm_rpi_bringup/share/mercer_g_arm_rpi_bringup/hook/ament_prefix_path.sh'
[3.239s] INFO:colcon.colcon_core.shell:Skip shell extension 'powershell' for command environment: Not usable outside of PowerShell
[3.239s] DEBUG:colcon.colcon_core.shell:Skip shell extension 'dsv' for command environment
[3.573s] INFO:colcon.colcon_core.task.python.build:Building Python package in '/home/scott/mercer_garm/ros2/src/mercer_g_arm'
[3.573s] INFO:colcon.colcon_core.shell:Skip shell extension 'powershell' for command environment: Not usable outside of PowerShell
[3.574s] DEBUG:colcon.colcon_core.shell:Skip shell extension 'dsv' for command environment
[3.919s] INFO:colcon.colcon_core.task.python.build:Building Python package in '/home/scott/mercer_garm/ros2/src/mercer_g_arm_rpi_bringup'
[3.919s] INFO:colcon.colcon_core.shell:Skip shell extension 'powershell' for command environment: Not usable outside of PowerShell
[3.919s] DEBUG:colcon.colcon_core.shell:Skip shell extension 'dsv' for command environment
[4.930s] DEBUG:colcon.colcon_core.event_handler.log_command:Invoking command in '/home/scott/mercer_garm/ros2/src/mercer_g_arm': DEBUGINFOD_URLS=https://debuginfod.ubuntu.com PS1=(ros2_venv) \[\e]0;\u@\h: \w\a\]${debian_chroot:+($debian_chroot)}\[\033[01;32m\]\u@\h\[\033[00m\]:\[\033[01;34m\]\w\[\033[00m\]\$ PYTHONPATH=/home/scott/mercer_garm/ros2/build/mercer_g_arm/prefix_override:/usr/lib/python3/dist-packages/colcon_core/task/python/colcon_distutils_commands:/home/scott/mercer_garm/ros2/install/mercer_g_arm/lib/python3.12/site-packages:${PYTHONPATH} VIRTUAL_ENV_PROMPT=(ros2_venv) /usr/bin/python3 -W ignore:setup.py install is deprecated -W ignore:easy_install command is deprecated setup.py egg_info --egg-base ../../build/mercer_g_arm build --build-base /home/scott/mercer_garm/ros2/build/mercer_g_arm/build install --record /home/scott/mercer_garm/ros2/build/mercer_g_arm/install.log --single-version-externally-managed install_data
[4.941s] DEBUG:colcon.colcon_core.event_handler.log_command:Invoking command in '/home/scott/mercer_garm/ros2/src/mercer_g_arm_rpi_bringup': DEBUGINFOD_URLS=https://debuginfod.ubuntu.com PS1=(ros2_venv) \[\e]0;\u@\h: \w\a\]${debian_chroot:+($debian_chroot)}\[\033[01;32m\]\u@\h\[\033[00m\]:\[\033[01;34m\]\w\[\033[00m\]\$ PYTHONPATH=/home/scott/mercer_garm/ros2/build/mercer_g_arm_rpi_bringup/prefix_override:/usr/lib/python3/dist-packages/colcon_core/task/python/colcon_distutils_commands:/home/scott/mercer_garm/ros2/install/mercer_g_arm_rpi_bringup/lib/python3.12/site-packages:${PYTHONPATH} VIRTUAL_ENV_PROMPT=(ros2_venv) /usr/bin/python3 -W ignore:setup.py install is deprecated -W ignore:easy_install command is deprecated setup.py egg_info --egg-base ../../build/mercer_g_arm_rpi_bringup build --build-base /home/scott/mercer_garm/ros2/build/mercer_g_arm_rpi_bringup/build install --record /home/scott/mercer_garm/ros2/build/mercer_g_arm_rpi_bringup/install.log --single-version-externally-managed install_data
[5.130s] DEBUG:colcon.colcon_core.event_handler.log_command:Invoked command in '/home/scott/mercer_garm/ros2/build/g_arm_description' returned '0': CMAKE_PREFIX_PATH=${CMAKE_PREFIX_PATH}:/home/scott/mercer_garm/ros2/install/mercer_robot_commander_py:/home/scott/mercer_garm/ros2/install/mercer_g_arm_desktop_bringup:/home/scott/mercer_garm/ros2/install/mercer_g_arm_sim:/home/scott/mercer_garm/ros2/install/mercer_g_arm_rpi_bringup:/home/scott/mercer_garm/ros2/install/mercer_g_arm:/home/scott/mercer_garm/ros2/install/mercer_g-arm_rpi_bringup:/home/scott/mercer_garm/ros2/install/mercer_g-arm_desktop_bringup:/home/scott/mercer_garm/ros2/install/joy_js_pkg:/home/scott/mercer_garm/ros2/install/garm_motion_planning_demos:/home/scott/mercer_garm/ros2/install/g_arm_trajectory_bridge:/home/scott/mercer_garm/ros2/install/g_arm_python_examples:/home/scott/mercer_garm/ros2/install/g-arm_simulation:/home/scott/mercer_garm/ros2/install/g_arm:/home/scott/mercer_garm_ws/install/mercer_g_arm_desktop_bringup:/home/scott/mercer_garm_ws/install/mercer_robot_commander_py:/home/scott/mercer_garm_ws/install/mercer_g_arm_sim:/home/scott/mercer_garm_ws/install/mercer_g_arm_rpi_bringup:/home/scott/mercer_garm_ws/install/mercer_g_arm:/home/scott/mercer_garm_ws/install/mercer_g-arm_rpi_bringup:/home/scott/mercer_garm_ws/install/mercer_g-arm_desktop_bringup:/home/scott/mercer_garm_ws/install/joy_js_pkg:/home/scott/mercer_garm_ws/install/garm_motion_planning_demos:/home/scott/mercer_garm_ws/install/g_arm_trajectory_bridge:/home/scott/mercer_garm_ws/install/g_arm_python_examples:/home/scott/mercer_garm_ws/install/g-arm_simulation:/home/scott/mercer_garm_ws/install/g_arm:/home/scott/ros2_ws/install/joy_js_pkg:/home/scott/ros2_ws/install/garm_motion_planning_demos:/home/scott/ros2_ws/install/g_arm_trajectory_bridge:/home/scott/ros2_ws/install/g_arm_python_examples:/home/scott/ros2_ws/install/g-arm_simulation:/home/scott/ros2_ws/install/g_arm:/home/scott/ws_moveit/install/moveit_configs_utils:/opt/ros/jazzy DEBUGINFOD_URLS=https://debuginfod.ubuntu.com PS1=(ros2_venv) \[\e]0;\u@\h: \w\a\]${debian_chroot:+($debian_chroot)}\[\033[01;32m\]\u@\h\[\033[00m\]:\[\033[01;34m\]\w\[\033[00m\]\$ VIRTUAL_ENV_PROMPT=(ros2_venv) /snap/bin/cmake /home/scott/mercer_garm/ros2/src/g_arm_description -DCMAKE_INSTALL_PREFIX=/home/scott/mercer_garm/ros2/install/g_arm_description
[5.131s] DEBUG:colcon.colcon_core.event_handler.log_command:Invoking command in '/home/scott/mercer_garm/ros2/build/g_arm_description': CMAKE_PREFIX_PATH=${CMAKE_PREFIX_PATH}:/home/scott/mercer_garm/ros2/install/mercer_robot_commander_py:/home/scott/mercer_garm/ros2/install/mercer_g_arm_desktop_bringup:/home/scott/mercer_garm/ros2/install/mercer_g_arm_sim:/home/scott/mercer_garm/ros2/install/mercer_g_arm_rpi_bringup:/home/scott/mercer_garm/ros2/install/mercer_g_arm:/home/scott/mercer_garm/ros2/install/mercer_g-arm_rpi_bringup:/home/scott/mercer_garm/ros2/install/mercer_g-arm_desktop_bringup:/home/scott/mercer_garm/ros2/install/joy_js_pkg:/home/scott/mercer_garm/ros2/install/garm_motion_planning_demos:/home/scott/mercer_garm/ros2/install/g_arm_trajectory_bridge:/home/scott/mercer_garm/ros2/install/g_arm_python_examples:/home/scott/mercer_garm/ros2/install/g-arm_simulation:/home/scott/mercer_garm/ros2/install/g_arm:/home/scott/mercer_garm_ws/install/mercer_g_arm_desktop_bringup:/home/scott/mercer_garm_ws/install/mercer_robot_commander_py:/home/scott/mercer_garm_ws/install/mercer_g_arm_sim:/home/scott/mercer_garm_ws/install/mercer_g_arm_rpi_bringup:/home/scott/mercer_garm_ws/install/mercer_g_arm:/home/scott/mercer_garm_ws/install/mercer_g-arm_rpi_bringup:/home/scott/mercer_garm_ws/install/mercer_g-arm_desktop_bringup:/home/scott/mercer_garm_ws/install/joy_js_pkg:/home/scott/mercer_garm_ws/install/garm_motion_planning_demos:/home/scott/mercer_garm_ws/install/g_arm_trajectory_bridge:/home/scott/mercer_garm_ws/install/g_arm_python_examples:/home/scott/mercer_garm_ws/install/g-arm_simulation:/home/scott/mercer_garm_ws/install/g_arm:/home/scott/ros2_ws/install/joy_js_pkg:/home/scott/ros2_ws/install/garm_motion_planning_demos:/home/scott/ros2_ws/install/g_arm_trajectory_bridge:/home/scott/ros2_ws/install/g_arm_python_examples:/home/scott/ros2_ws/install/g-arm_simulation:/home/scott/ros2_ws/install/g_arm:/home/scott/ws_moveit/install/moveit_configs_utils:/opt/ros/jazzy DEBUGINFOD_URLS=https://debuginfod.ubuntu.com PS1=(ros2_venv) \[\e]0;\u@\h: \w\a\]${debian_chroot:+($debian_chroot)}\[\033[01;32m\]\u@\h\[\033[00m\]:\[\033[01;34m\]\w\[\033[00m\]\$ VIRTUAL_ENV_PROMPT=(ros2_venv) /snap/bin/cmake --build /home/scott/mercer_garm/ros2/build/g_arm_description -- -j4 -l4
[5.253s] DEBUG:colcon.colcon_core.event_handler.log_command:Invoked command in '/home/scott/mercer_garm/ros2/build/g_arm_description' returned '0': CMAKE_PREFIX_PATH=${CMAKE_PREFIX_PATH}:/home/scott/mercer_garm/ros2/install/mercer_robot_commander_py:/home/scott/mercer_garm/ros2/install/mercer_g_arm_desktop_bringup:/home/scott/mercer_garm/ros2/install/mercer_g_arm_sim:/home/scott/mercer_garm/ros2/install/mercer_g_arm_rpi_bringup:/home/scott/mercer_garm/ros2/install/mercer_g_arm:/home/scott/mercer_garm/ros2/install/mercer_g-arm_rpi_bringup:/home/scott/mercer_garm/ros2/install/mercer_g-arm_desktop_bringup:/home/scott/mercer_garm/ros2/install/joy_js_pkg:/home/scott/mercer_garm/ros2/install/garm_motion_planning_demos:/home/scott/mercer_garm/ros2/install/g_arm_trajectory_bridge:/home/scott/mercer_garm/ros2/install/g_arm_python_examples:/home/scott/mercer_garm/ros2/install/g-arm_simulation:/home/scott/mercer_garm/ros2/install/g_arm:/home/scott/mercer_garm_ws/install/mercer_g_arm_desktop_bringup:/home/scott/mercer_garm_ws/install/mercer_robot_commander_py:/home/scott/mercer_garm_ws/install/mercer_g_arm_sim:/home/scott/mercer_garm_ws/install/mercer_g_arm_rpi_bringup:/home/scott/mercer_garm_ws/install/mercer_g_arm:/home/scott/mercer_garm_ws/install/mercer_g-arm_rpi_bringup:/home/scott/mercer_garm_ws/install/mercer_g-arm_desktop_bringup:/home/scott/mercer_garm_ws/install/joy_js_pkg:/home/scott/mercer_garm_ws/install/garm_motion_planning_demos:/home/scott/mercer_garm_ws/install/g_arm_trajectory_bridge:/home/scott/mercer_garm_ws/install/g_arm_python_examples:/home/scott/mercer_garm_ws/install/g-arm_simulation:/home/scott/mercer_garm_ws/install/g_arm:/home/scott/ros2_ws/install/joy_js_pkg:/home/scott/ros2_ws/install/garm_motion_planning_demos:/home/scott/ros2_ws/install/g_arm_trajectory_bridge:/home/scott/ros2_ws/install/g_arm_python_examples:/home/scott/ros2_ws/install/g-arm_simulation:/home/scott/ros2_ws/install/g_arm:/home/scott/ws_moveit/install/moveit_configs_utils:/opt/ros/jazzy DEBUGINFOD_URLS=https://debuginfod.ubuntu.com PS1=(ros2_venv) \[\e]0;\u@\h: \w\a\]${debian_chroot:+($debian_chroot)}\[\033[01;32m\]\u@\h\[\033[00m\]:\[\033[01;34m\]\w\[\033[00m\]\$ VIRTUAL_ENV_PROMPT=(ros2_venv) /snap/bin/cmake --build /home/scott/mercer_garm/ros2/build/g_arm_description -- -j4 -l4
[5.335s] DEBUG:colcon.colcon_core.event_handler.log_command:Invoking command in '/home/scott/mercer_garm/ros2/build/g_arm_description': CMAKE_PREFIX_PATH=${CMAKE_PREFIX_PATH}:/home/scott/mercer_garm/ros2/install/mercer_robot_commander_py:/home/scott/mercer_garm/ros2/install/mercer_g_arm_desktop_bringup:/home/scott/mercer_garm/ros2/install/mercer_g_arm_sim:/home/scott/mercer_garm/ros2/install/mercer_g_arm_rpi_bringup:/home/scott/mercer_garm/ros2/install/mercer_g_arm:/home/scott/mercer_garm/ros2/install/mercer_g-arm_rpi_bringup:/home/scott/mercer_garm/ros2/install/mercer_g-arm_desktop_bringup:/home/scott/mercer_garm/ros2/install/joy_js_pkg:/home/scott/mercer_garm/ros2/install/garm_motion_planning_demos:/home/scott/mercer_garm/ros2/install/g_arm_trajectory_bridge:/home/scott/mercer_garm/ros2/install/g_arm_python_examples:/home/scott/mercer_garm/ros2/install/g-arm_simulation:/home/scott/mercer_garm/ros2/install/g_arm:/home/scott/mercer_garm_ws/install/mercer_g_arm_desktop_bringup:/home/scott/mercer_garm_ws/install/mercer_robot_commander_py:/home/scott/mercer_garm_ws/install/mercer_g_arm_sim:/home/scott/mercer_garm_ws/install/mercer_g_arm_rpi_bringup:/home/scott/mercer_garm_ws/install/mercer_g_arm:/home/scott/mercer_garm_ws/install/mercer_g-arm_rpi_bringup:/home/scott/mercer_garm_ws/install/mercer_g-arm_desktop_bringup:/home/scott/mercer_garm_ws/install/joy_js_pkg:/home/scott/mercer_garm_ws/install/garm_motion_planning_demos:/home/scott/mercer_garm_ws/install/g_arm_trajectory_bridge:/home/scott/mercer_garm_ws/install/g_arm_python_examples:/home/scott/mercer_garm_ws/install/g-arm_simulation:/home/scott/mercer_garm_ws/install/g_arm:/home/scott/ros2_ws/install/joy_js_pkg:/home/scott/ros2_ws/install/garm_motion_planning_demos:/home/scott/ros2_ws/install/g_arm_trajectory_bridge:/home/scott/ros2_ws/install/g_arm_python_examples:/home/scott/ros2_ws/install/g-arm_simulation:/home/scott/ros2_ws/install/g_arm:/home/scott/ws_moveit/install/moveit_configs_utils:/opt/ros/jazzy DEBUGINFOD_URLS=https://debuginfod.ubuntu.com PS1=(ros2_venv) \[\e]0;\u@\h: \w\a\]${debian_chroot:+($debian_chroot)}\[\033[01;32m\]\u@\h\[\033[00m\]:\[\033[01;34m\]\w\[\033[00m\]\$ VIRTUAL_ENV_PROMPT=(ros2_venv) /snap/bin/cmake --install /home/scott/mercer_garm/ros2/build/g_arm_description
[5.681s] Level 1:colcon.colcon_core.environment:create_environment_scripts_only(g_arm_description)
[5.682s] Level 1:colcon.colcon_core.environment:checking '/home/scott/mercer_garm/ros2/install/g_arm_description' for CMake module files
[5.682s] Level 1:colcon.colcon_core.environment:checking '/home/scott/mercer_garm/ros2/install/g_arm_description' for CMake config files
[5.682s] Level 1:colcon.colcon_core.shell:create_environment_hook('g_arm_description', 'cmake_prefix_path')
[5.683s] INFO:colcon.colcon_core.shell:Creating environment hook '/home/scott/mercer_garm/ros2/install/g_arm_description/share/g_arm_description/hook/cmake_prefix_path.ps1'
[5.683s] INFO:colcon.colcon_core.shell:Creating environment descriptor '/home/scott/mercer_garm/ros2/install/g_arm_description/share/g_arm_description/hook/cmake_prefix_path.dsv'
[5.683s] INFO:colcon.colcon_core.shell:Creating environment hook '/home/scott/mercer_garm/ros2/install/g_arm_description/share/g_arm_description/hook/cmake_prefix_path.sh'
[5.685s] DEBUG:colcon.colcon_core.event_handler.log_command:Invoked command in '/home/scott/mercer_garm/ros2/build/g_arm_description' returned '0': CMAKE_PREFIX_PATH=${CMAKE_PREFIX_PATH}:/home/scott/mercer_garm/ros2/install/mercer_robot_commander_py:/home/scott/mercer_garm/ros2/install/mercer_g_arm_desktop_bringup:/home/scott/mercer_garm/ros2/install/mercer_g_arm_sim:/home/scott/mercer_garm/ros2/install/mercer_g_arm_rpi_bringup:/home/scott/mercer_garm/ros2/install/mercer_g_arm:/home/scott/mercer_garm/ros2/install/mercer_g-arm_rpi_bringup:/home/scott/mercer_garm/ros2/install/mercer_g-arm_desktop_bringup:/home/scott/mercer_garm/ros2/install/joy_js_pkg:/home/scott/mercer_garm/ros2/install/garm_motion_planning_demos:/home/scott/mercer_garm/ros2/install/g_arm_trajectory_bridge:/home/scott/mercer_garm/ros2/install/g_arm_python_examples:/home/scott/mercer_garm/ros2/install/g-arm_simulation:/home/scott/mercer_garm/ros2/install/g_arm:/home/scott/mercer_garm_ws/install/mercer_g_arm_desktop_bringup:/home/scott/mercer_garm_ws/install/mercer_robot_commander_py:/home/scott/mercer_garm_ws/install/mercer_g_arm_sim:/home/scott/mercer_garm_ws/install/mercer_g_arm_rpi_bringup:/home/scott/mercer_garm_ws/install/mercer_g_arm:/home/scott/mercer_garm_ws/install/mercer_g-arm_rpi_bringup:/home/scott/mercer_garm_ws/install/mercer_g-arm_desktop_bringup:/home/scott/mercer_garm_ws/install/joy_js_pkg:/home/scott/mercer_garm_ws/install/garm_motion_planning_demos:/home/scott/mercer_garm_ws/install/g_arm_trajectory_bridge:/home/scott/mercer_garm_ws/install/g_arm_python_examples:/home/scott/mercer_garm_ws/install/g-arm_simulation:/home/scott/mercer_garm_ws/install/g_arm:/home/scott/ros2_ws/install/joy_js_pkg:/home/scott/ros2_ws/install/garm_motion_planning_demos:/home/scott/ros2_ws/install/g_arm_trajectory_bridge:/home/scott/ros2_ws/install/g_arm_python_examples:/home/scott/ros2_ws/install/g-arm_simulation:/home/scott/ros2_ws/install/g_arm:/home/scott/ws_moveit/install/moveit_configs_utils:/opt/ros/jazzy DEBUGINFOD_URLS=https://debuginfod.ubuntu.com PS1=(ros2_venv) \[\e]0;\u@\h: \w\a\]${debian_chroot:+($debian_chroot)}\[\033[01;32m\]\u@\h\[\033[00m\]:\[\033[01;34m\]\w\[\033[00m\]\$ VIRTUAL_ENV_PROMPT=(ros2_venv) /snap/bin/cmake --install /home/scott/mercer_garm/ros2/build/g_arm_description
[5.685s] Level 1:colcon.colcon_core.environment:checking '/home/scott/mercer_garm/ros2/install/g_arm_description/bin'
[5.685s] Level 1:colcon.colcon_core.environment:checking '/home/scott/mercer_garm/ros2/install/g_arm_description/lib/pkgconfig/g_arm_description.pc'
[5.686s] Level 1:colcon.colcon_core.environment:checking '/home/scott/mercer_garm/ros2/install/g_arm_description/lib/python3.12/site-packages'
[5.686s] Level 1:colcon.colcon_core.environment:checking '/home/scott/mercer_garm/ros2/install/g_arm_description/bin'
[5.686s] INFO:colcon.colcon_core.shell:Creating package script '/home/scott/mercer_garm/ros2/install/g_arm_description/share/g_arm_description/package.ps1'
[5.687s] INFO:colcon.colcon_core.shell:Creating package descriptor '/home/scott/mercer_garm/ros2/install/g_arm_description/share/g_arm_description/package.dsv'
[5.687s] INFO:colcon.colcon_core.shell:Creating package script '/home/scott/mercer_garm/ros2/install/g_arm_description/share/g_arm_description/package.sh'
[5.687s] INFO:colcon.colcon_core.shell:Creating package script '/home/scott/mercer_garm/ros2/install/g_arm_description/share/g_arm_description/package.bash'
[5.688s] INFO:colcon.colcon_core.shell:Creating package script '/home/scott/mercer_garm/ros2/install/g_arm_description/share/g_arm_description/package.zsh'
[5.688s] Level 1:colcon.colcon_core.environment:create_file_with_runtime_dependencies(/home/scott/mercer_garm/ros2/install/g_arm_description/share/colcon-core/packages/g_arm_description)
[5.688s] Level 1:colcon.colcon_core.environment:create_environment_scripts_only(g_arm_description)
[5.689s] Level 1:colcon.colcon_core.environment:checking '/home/scott/mercer_garm/ros2/install/g_arm_description' for CMake module files
[5.689s] Level 1:colcon.colcon_core.environment:checking '/home/scott/mercer_garm/ros2/install/g_arm_description' for CMake config files
[5.689s] Level 1:colcon.colcon_core.shell:create_environment_hook('g_arm_description', 'cmake_prefix_path')
[5.690s] INFO:colcon.colcon_core.shell:Creating environment hook '/home/scott/mercer_garm/ros2/install/g_arm_description/share/g_arm_description/hook/cmake_prefix_path.ps1'
[5.690s] INFO:colcon.colcon_core.shell:Creating environment descriptor '/home/scott/mercer_garm/ros2/install/g_arm_description/share/g_arm_description/hook/cmake_prefix_path.dsv'
[5.690s] INFO:colcon.colcon_core.shell:Creating environment hook '/home/scott/mercer_garm/ros2/install/g_arm_description/share/g_arm_description/hook/cmake_prefix_path.sh'
[5.691s] Level 1:colcon.colcon_core.environment:checking '/home/scott/mercer_garm/ros2/install/g_arm_description/bin'
[5.691s] Level 1:colcon.colcon_core.environment:checking '/home/scott/mercer_garm/ros2/install/g_arm_description/lib/pkgconfig/g_arm_description.pc'
[5.691s] Level 1:colcon.colcon_core.environment:checking '/home/scott/mercer_garm/ros2/install/g_arm_description/lib/python3.12/site-packages'
[5.692s] Level 1:colcon.colcon_core.environment:checking '/home/scott/mercer_garm/ros2/install/g_arm_description/bin'
[5.692s] INFO:colcon.colcon_core.shell:Creating package script '/home/scott/mercer_garm/ros2/install/g_arm_description/share/g_arm_description/package.ps1'
[5.692s] INFO:colcon.colcon_core.shell:Creating package descriptor '/home/scott/mercer_garm/ros2/install/g_arm_description/share/g_arm_description/package.dsv'
[5.693s] INFO:colcon.colcon_core.shell:Creating package script '/home/scott/mercer_garm/ros2/install/g_arm_description/share/g_arm_description/package.sh'
[5.693s] INFO:colcon.colcon_core.shell:Creating package script '/home/scott/mercer_garm/ros2/install/g_arm_description/share/g_arm_description/package.bash'
[5.694s] INFO:colcon.colcon_core.shell:Creating package script '/home/scott/mercer_garm/ros2/install/g_arm_description/share/g_arm_description/package.zsh'
[5.694s] Level 1:colcon.colcon_core.environment:create_file_with_runtime_dependencies(/home/scott/mercer_garm/ros2/install/g_arm_description/share/colcon-core/packages/g_arm_description)
[5.695s] INFO:colcon.colcon_ros.task.ament_cmake.build:Building ROS package in '/home/scott/mercer_garm/ros2/src/g_arm_moveit2' with build type 'ament_cmake'
[5.695s] INFO:colcon.colcon_cmake.task.cmake.build:Building CMake package in '/home/scott/mercer_garm/ros2/src/g_arm_moveit2'
[5.695s] INFO:colcon.colcon_core.shell:Skip shell extension 'powershell' for command environment: Not usable outside of PowerShell
[5.696s] DEBUG:colcon.colcon_core.shell:Skip shell extension 'dsv' for command environment
[5.714s] DEBUG:colcon.colcon_core.event_handler.log_command:Invoking command in '/home/scott/mercer_garm/ros2/build/g_arm_moveit2': AMENT_PREFIX_PATH=/home/scott/mercer_garm/ros2/install/g_arm_description:${AMENT_PREFIX_PATH} CMAKE_PREFIX_PATH=/home/scott/mercer_garm/ros2/install/g_arm_description:/home/scott/mercer_garm/ros2/install/pymoveit2:/home/scott/mercer_garm/ros2/install/pi_gpio_interface:/home/scott/mercer_garm/ros2/install/mercer_robot_commander_cpp:/home/scott/mercer_garm/ros2/install/mercer_g_arm_topic_hw:/home/scott/mercer_garm/ros2/install/g_arm_msgs:/home/scott/mercer_garm/ros2/install/g_arm_moveit2:/home/scott/mercer_garm/ros2/install/g-arm_demos:/home/scott/mercer_garm_ws/install/pymoveit2:/home/scott/mercer_garm_ws/install/pi_gpio_interface:/home/scott/mercer_garm_ws/install/mercer_robot_commander_cpp:/home/scott/mercer_garm_ws/install/mercer_g_arm_topic_hw:/home/scott/mercer_garm_ws/install/g_arm_msgs:/home/scott/mercer_garm_ws/install/g_arm_moveit2:/home/scott/mercer_garm_ws/install/g_arm_description:/home/scott/mercer_garm_ws/install/g-arm_demos:/home/scott/ros2_ws/install/rviz_marker_tools:/home/scott/ros2_ws/install/pymoveit2:/home/scott/ros2_ws/install/moveit_task_constructor_msgs:/home/scott/ros2_ws/install/g_arm_moveit2:/home/scott/ros2_ws/install/g_arm_description:/home/scott/ros2_ws/install/g-arm_demos:/home/scott/ws_moveit/install/robotiq_hardware_tests:/home/scott/ws_moveit/install/robotiq_driver:/home/scott/ws_moveit/install/serial:/home/scott/ws_moveit/install/moveit2_tutorials:/home/scott/ws_moveit/install/moveit_visual_tools:/home/scott/ws_moveit/install/rviz_visual_tools:/home/scott/ws_moveit/install/moveit_task_constructor_demo:/home/scott/ws_moveit/install/moveit_task_constructor_visualization:/home/scott/ws_moveit/install/moveit_task_constructor_capabilities:/home/scott/ws_moveit/install/moveit_task_constructor_core:/home/scott/ws_moveit/install/rviz_marker_tools:/home/scott/ws_moveit/install/kortex_bringup:/home/scott/ws_moveit/install/kinova_gen3_lite_moveit_config:/home/scott/ws_moveit/install/kinova_gen3_7dof_robotiq_2f_85_moveit_config:/home/scott/ws_moveit/install/kinova_gen3_6dof_robotiq_2f_85_moveit_config:/home/scott/ws_moveit/install/kortex_description:/home/scott/ws_moveit/install/robotiq_description:/home/scott/ws_moveit/install/robotiq_controllers:/home/scott/ws_moveit/install/pilz_industrial_motion_planner_testutils:/home/scott/ws_moveit/install/moveit_runtime:/home/scott/ws_moveit/install/moveit:/home/scott/ws_moveit/install/moveit_planners:/home/scott/ws_moveit/install/pilz_industrial_motion_planner:/home/scott/ws_moveit/install/moveit_task_constructor_msgs:/home/scott/ws_moveit/install/moveit_ros_control_interface:/home/scott/ws_moveit/install/moveit_plugins:/home/scott/ws_moveit/install/moveit_simple_controller_manager:/home/scott/ws_moveit/install/moveit_setup_assistant:/home/scott/ws_moveit/install/moveit_setup_srdf_plugins:/home/scott/ws_moveit/install/moveit_setup_core_plugins:/home/scott/ws_moveit/install/moveit_setup_controllers:/home/scott/ws_moveit/install/moveit_setup_app_plugins:/home/scott/ws_moveit/install/moveit_setup_framework:/home/scott/ws_moveit/install/moveit_servo:/home/scott/ws_moveit/install/moveit_ros_trajectory_cache:/home/scott/ws_moveit/install/moveit_ros:/home/scott/ws_moveit/install/moveit_ros_visualization:/home/scott/ws_moveit/install/moveit_py:/home/scott/ws_moveit/install/moveit_hybrid_planning:/home/scott/ws_moveit/install/hello_moveit:/home/scott/ws_moveit/install/moveit_ros_planning_interface:/home/scott/ws_moveit/install/moveit_ros_benchmarks:/home/scott/ws_moveit/install/moveit_ros_warehouse:/home/scott/ws_moveit/install/moveit_ros_robot_interaction:/home/scott/ws_moveit/install/moveit_ros_perception:/home/scott/ws_moveit/install/moveit_resources_prbt_pg70_support:/home/scott/ws_moveit/install/moveit_resources_prbt_moveit_config:/home/scott/ws_moveit/install/moveit_ros_move_group:/home/scott/ws_moveit/install/moveit_planners_ompl:/home/scott/ws_moveit/install/moveit_kinematics:/home/scott/ws_moveit/install/moveit_ros_planning:/home/scott/ws_moveit/install/moveit_ros_occupancy_map_monitor:/home/scott/ws_moveit/install/moveit_resources_prbt_support:/home/scott/ws_moveit/install/moveit_resources_prbt_ikfast_manipulator_plugin:/home/scott/ws_moveit/install/moveit_resources:/home/scott/ws_moveit/install/moveit_resources_pr2_description:/home/scott/ws_moveit/install/moveit_resources_panda_moveit_config:/home/scott/ws_moveit/install/dual_arm_panda_moveit_config:/home/scott/ws_moveit/install/moveit_resources_panda_description:/home/scott/ws_moveit/install/moveit_resources_fanuc_moveit_config:/home/scott/ws_moveit/install/moveit_resources_fanuc_description:/home/scott/ws_moveit/install/moveit_planners_stomp:/home/scott/ws_moveit/install/moveit_planners_chomp:/home/scott/ws_moveit/install/chomp_motion_planner:/home/scott/ws_moveit/install/moveit_core:/home/scott/ws_moveit/install/moveit_msgs:/home/scott/ws_moveit/install/moveit_common:/home/scott/ws_moveit/install/kortex_driver:/home/scott/ws_moveit/install/kortex_api:/opt/ros/jazzy/opt/gz_sim_vendor:/opt/ros/jazzy/opt/gz_sensors_vendor:/opt/ros/jazzy/opt/gz_physics_vendor:/opt/ros/jazzy/opt/sdformat_vendor:/opt/ros/jazzy/opt/gz_gui_vendor:/opt/ros/jazzy/opt/gz_transport_vendor:/opt/ros/jazzy/opt/gz_rendering_vendor:/opt/ros/jazzy/opt/gz_plugin_vendor:/opt/ros/jazzy/opt/gz_fuel_tools_vendor:/opt/ros/jazzy/opt/gz_msgs_vendor:/opt/ros/jazzy/opt/gz_common_vendor:/opt/ros/jazzy/opt/gz_math_vendor:/opt/ros/jazzy/opt/gz_utils_vendor:/opt/ros/jazzy/opt/gz_tools_vendor:/opt/ros/jazzy/opt/gz_ogre_next_vendor:/opt/ros/jazzy/opt/gz_dartsim_vendor:/opt/ros/jazzy/opt/gz_cmake_vendor:/home/scott/mercer_garm/ros2/install/mercer_robot_commander_py:/home/scott/mercer_garm/ros2/install/mercer_g_arm_desktop_bringup:/home/scott/mercer_garm/ros2/install/mercer_g_arm_sim:/home/scott/mercer_garm/ros2/install/mercer_g_arm_rpi_bringup:/home/scott/mercer_garm/ros2/install/mercer_g_arm:/home/scott/mercer_garm/ros2/install/mercer_g-arm_rpi_bringup:/home/scott/mercer_garm/ros2/install/mercer_g-arm_desktop_bringup:/home/scott/mercer_garm/ros2/install/joy_js_pkg:/home/scott/mercer_garm/ros2/install/garm_motion_planning_demos:/home/scott/mercer_garm/ros2/install/g_arm_trajectory_bridge:/home/scott/mercer_garm/ros2/install/g_arm_python_examples:/home/scott/mercer_garm/ros2/install/g-arm_simulation:/home/scott/mercer_garm/ros2/install/g_arm:/home/scott/mercer_garm_ws/install/mercer_g_arm_desktop_bringup:/home/scott/mercer_garm_ws/install/mercer_robot_commander_py:/home/scott/mercer_garm_ws/install/mercer_g_arm_sim:/home/scott/mercer_garm_ws/install/mercer_g_arm_rpi_bringup:/home/scott/mercer_garm_ws/install/mercer_g_arm:/home/scott/mercer_garm_ws/install/mercer_g-arm_rpi_bringup:/home/scott/mercer_garm_ws/install/mercer_g-arm_desktop_bringup:/home/scott/mercer_garm_ws/install/joy_js_pkg:/home/scott/mercer_garm_ws/install/garm_motion_planning_demos:/home/scott/mercer_garm_ws/install/g_arm_trajectory_bridge:/home/scott/mercer_garm_ws/install/g_arm_python_examples:/home/scott/mercer_garm_ws/install/g-arm_simulation:/home/scott/mercer_garm_ws/install/g_arm:/home/scott/ros2_ws/install/joy_js_pkg:/home/scott/ros2_ws/install/garm_motion_planning_demos:/home/scott/ros2_ws/install/g_arm_trajectory_bridge:/home/scott/ros2_ws/install/g_arm_python_examples:/home/scott/ros2_ws/install/g-arm_simulation:/home/scott/ros2_ws/install/g_arm:/home/scott/ws_moveit/install/moveit_configs_utils:/opt/ros/jazzy DEBUGINFOD_URLS=https://debuginfod.ubuntu.com PS1=(ros2_venv) \[\e]0;\u@\h: \w\a\]${debian_chroot:+($debian_chroot)}\[\033[01;32m\]\u@\h\[\033[00m\]:\[\033[01;34m\]\w\[\033[00m\]\$ VIRTUAL_ENV_PROMPT=(ros2_venv) /snap/bin/cmake /home/scott/mercer_garm/ros2/src/g_arm_moveit2 -DCMAKE_INSTALL_PREFIX=/home/scott/mercer_garm/ros2/install/g_arm_moveit2
[5.915s] Level 1:colcon.colcon_core.environment:checking '/home/scott/mercer_garm/ros2/install/mercer_g_arm' for CMake module files
[5.916s] Level 1:colcon.colcon_core.environment:checking '/home/scott/mercer_garm/ros2/install/mercer_g_arm' for CMake config files
[5.916s] Level 1:colcon.colcon_core.environment:checking '/home/scott/mercer_garm/ros2/install/mercer_g_arm/lib'
[5.916s] Level 1:colcon.colcon_core.environment:checking '/home/scott/mercer_garm/ros2/install/mercer_g_arm/bin'
[5.916s] Level 1:colcon.colcon_core.environment:checking '/home/scott/mercer_garm/ros2/install/mercer_g_arm/lib/pkgconfig/mercer_g_arm.pc'
[5.917s] Level 1:colcon.colcon_core.environment:checking '/home/scott/mercer_garm/ros2/install/mercer_g_arm/lib/python3.12/site-packages'
[5.915s] DEBUG:colcon.colcon_core.event_handler.log_command:Invoked command in '/home/scott/mercer_garm/ros2/src/mercer_g_arm' returned '0': DEBUGINFOD_URLS=https://debuginfod.ubuntu.com PS1=(ros2_venv) \[\e]0;\u@\h: \w\a\]${debian_chroot:+($debian_chroot)}\[\033[01;32m\]\u@\h\[\033[00m\]:\[\033[01;34m\]\w\[\033[00m\]\$ PYTHONPATH=/home/scott/mercer_garm/ros2/build/mercer_g_arm/prefix_override:/usr/lib/python3/dist-packages/colcon_core/task/python/colcon_distutils_commands:/home/scott/mercer_garm/ros2/install/mercer_g_arm/lib/python3.12/site-packages:${PYTHONPATH} VIRTUAL_ENV_PROMPT=(ros2_venv) /usr/bin/python3 -W ignore:setup.py install is deprecated -W ignore:easy_install command is deprecated setup.py egg_info --egg-base ../../build/mercer_g_arm build --build-base /home/scott/mercer_garm/ros2/build/mercer_g_arm/build install --record /home/scott/mercer_garm/ros2/build/mercer_g_arm/install.log --single-version-externally-managed install_data
[5.917s] Level 1:colcon.colcon_core.shell:create_environment_hook('mercer_g_arm', 'pythonpath')
[5.917s] INFO:colcon.colcon_core.shell:Creating environment hook '/home/scott/mercer_garm/ros2/install/mercer_g_arm/share/mercer_g_arm/hook/pythonpath.ps1'
[5.917s] INFO:colcon.colcon_core.shell:Creating environment descriptor '/home/scott/mercer_garm/ros2/install/mercer_g_arm/share/mercer_g_arm/hook/pythonpath.dsv'
[5.918s] INFO:colcon.colcon_core.shell:Creating environment hook '/home/scott/mercer_garm/ros2/install/mercer_g_arm/share/mercer_g_arm/hook/pythonpath.sh'
[5.919s] Level 1:colcon.colcon_core.environment:checking '/home/scott/mercer_garm/ros2/install/mercer_g_arm/bin'
[5.919s] Level 1:colcon.colcon_core.environment:create_environment_scripts_only(mercer_g_arm)
[5.919s] INFO:colcon.colcon_core.shell:Creating package script '/home/scott/mercer_garm/ros2/install/mercer_g_arm/share/mercer_g_arm/package.ps1'
[5.919s] INFO:colcon.colcon_core.shell:Creating package descriptor '/home/scott/mercer_garm/ros2/install/mercer_g_arm/share/mercer_g_arm/package.dsv'
[5.920s] INFO:colcon.colcon_core.shell:Creating package script '/home/scott/mercer_garm/ros2/install/mercer_g_arm/share/mercer_g_arm/package.sh'
[5.920s] INFO:colcon.colcon_core.shell:Creating package script '/home/scott/mercer_garm/ros2/install/mercer_g_arm/share/mercer_g_arm/package.bash'
[5.921s] INFO:colcon.colcon_core.shell:Creating package script '/home/scott/mercer_garm/ros2/install/mercer_g_arm/share/mercer_g_arm/package.zsh'
[5.921s] Level 1:colcon.colcon_core.environment:create_file_with_runtime_dependencies(/home/scott/mercer_garm/ros2/install/mercer_g_arm/share/colcon-core/packages/mercer_g_arm)
[5.922s] INFO:colcon.colcon_ros.task.ament_cmake.build:Building ROS package in '/home/scott/mercer_garm/ros2/src/mercer_g_arm_topic_hw' with build type 'ament_cmake'
[5.922s] INFO:colcon.colcon_cmake.task.cmake.build:Building CMake package in '/home/scott/mercer_garm/ros2/src/mercer_g_arm_topic_hw'
[5.922s] INFO:colcon.colcon_core.shell:Skip shell extension 'powershell' for command environment: Not usable outside of PowerShell
[5.922s] DEBUG:colcon.colcon_core.shell:Skip shell extension 'dsv' for command environment
[5.939s] Level 1:colcon.colcon_core.environment:checking '/home/scott/mercer_garm/ros2/install/mercer_g_arm_rpi_bringup' for CMake module files
[5.939s] DEBUG:colcon.colcon_core.event_handler.log_command:Invoked command in '/home/scott/mercer_garm/ros2/src/mercer_g_arm_rpi_bringup' returned '0': DEBUGINFOD_URLS=https://debuginfod.ubuntu.com PS1=(ros2_venv) \[\e]0;\u@\h: \w\a\]${debian_chroot:+($debian_chroot)}\[\033[01;32m\]\u@\h\[\033[00m\]:\[\033[01;34m\]\w\[\033[00m\]\$ PYTHONPATH=/home/scott/mercer_garm/ros2/build/mercer_g_arm_rpi_bringup/prefix_override:/usr/lib/python3/dist-packages/colcon_core/task/python/colcon_distutils_commands:/home/scott/mercer_garm/ros2/install/mercer_g_arm_rpi_bringup/lib/python3.12/site-packages:${PYTHONPATH} VIRTUAL_ENV_PROMPT=(ros2_venv) /usr/bin/python3 -W ignore:setup.py install is deprecated -W ignore:easy_install command is deprecated setup.py egg_info --egg-base ../../build/mercer_g_arm_rpi_bringup build --build-base /home/scott/mercer_garm/ros2/build/mercer_g_arm_rpi_bringup/build install --record /home/scott/mercer_garm/ros2/build/mercer_g_arm_rpi_bringup/install.log --single-version-externally-managed install_data
[5.940s] Level 1:colcon.colcon_core.environment:checking '/home/scott/mercer_garm/ros2/install/mercer_g_arm_rpi_bringup' for CMake config files
[5.940s] Level 1:colcon.colcon_core.environment:checking '/home/scott/mercer_garm/ros2/install/mercer_g_arm_rpi_bringup/lib'
[5.941s] Level 1:colcon.colcon_core.environment:checking '/home/scott/mercer_garm/ros2/install/mercer_g_arm_rpi_bringup/bin'
[5.941s] Level 1:colcon.colcon_core.environment:checking '/home/scott/mercer_garm/ros2/install/mercer_g_arm_rpi_bringup/lib/pkgconfig/mercer_g_arm_rpi_bringup.pc'
[5.941s] Level 1:colcon.colcon_core.environment:checking '/home/scott/mercer_garm/ros2/install/mercer_g_arm_rpi_bringup/lib/python3.12/site-packages'
[5.941s] Level 1:colcon.colcon_core.shell:create_environment_hook('mercer_g_arm_rpi_bringup', 'pythonpath')
[5.941s] INFO:colcon.colcon_core.shell:Creating environment hook '/home/scott/mercer_garm/ros2/install/mercer_g_arm_rpi_bringup/share/mercer_g_arm_rpi_bringup/hook/pythonpath.ps1'
[5.942s] INFO:colcon.colcon_core.shell:Creating environment descriptor '/home/scott/mercer_garm/ros2/install/mercer_g_arm_rpi_bringup/share/mercer_g_arm_rpi_bringup/hook/pythonpath.dsv'
[5.942s] INFO:colcon.colcon_core.shell:Creating environment hook '/home/scott/mercer_garm/ros2/install/mercer_g_arm_rpi_bringup/share/mercer_g_arm_rpi_bringup/hook/pythonpath.sh'
[5.943s] Level 1:colcon.colcon_core.environment:checking '/home/scott/mercer_garm/ros2/install/mercer_g_arm_rpi_bringup/bin'
[5.943s] Level 1:colcon.colcon_core.environment:create_environment_scripts_only(mercer_g_arm_rpi_bringup)
[5.943s] INFO:colcon.colcon_core.shell:Creating package script '/home/scott/mercer_garm/ros2/install/mercer_g_arm_rpi_bringup/share/mercer_g_arm_rpi_bringup/package.ps1'
[5.943s] INFO:colcon.colcon_core.shell:Creating package descriptor '/home/scott/mercer_garm/ros2/install/mercer_g_arm_rpi_bringup/share/mercer_g_arm_rpi_bringup/package.dsv'
[5.944s] INFO:colcon.colcon_core.shell:Creating package script '/home/scott/mercer_garm/ros2/install/mercer_g_arm_rpi_bringup/share/mercer_g_arm_rpi_bringup/package.sh'
[5.944s] INFO:colcon.colcon_core.shell:Creating package script '/home/scott/mercer_garm/ros2/install/mercer_g_arm_rpi_bringup/share/mercer_g_arm_rpi_bringup/package.bash'
[5.944s] INFO:colcon.colcon_core.shell:Creating package script '/home/scott/mercer_garm/ros2/install/mercer_g_arm_rpi_bringup/share/mercer_g_arm_rpi_bringup/package.zsh'
[5.945s] Level 1:colcon.colcon_core.environment:create_file_with_runtime_dependencies(/home/scott/mercer_garm/ros2/install/mercer_g_arm_rpi_bringup/share/colcon-core/packages/mercer_g_arm_rpi_bringup)
[5.946s] INFO:colcon.colcon_ros.task.ament_cmake.build:Building ROS package in '/home/scott/mercer_garm/ros2/src/pi_gpio_interface' with build type 'ament_cmake'
[5.946s] INFO:colcon.colcon_cmake.task.cmake.build:Building CMake package in '/home/scott/mercer_garm/ros2/src/pi_gpio_interface'
[5.946s] INFO:colcon.colcon_core.shell:Skip shell extension 'powershell' for command environment: Not usable outside of PowerShell
[5.946s] DEBUG:colcon.colcon_core.shell:Skip shell extension 'dsv' for command environment
[5.959s] DEBUG:colcon.colcon_core.event_handler.log_command:Invoking command in '/home/scott/mercer_garm/ros2/build/mercer_g_arm_topic_hw': CMAKE_PREFIX_PATH=${CMAKE_PREFIX_PATH}:/home/scott/mercer_garm/ros2/install/mercer_robot_commander_py:/home/scott/mercer_garm/ros2/install/mercer_g_arm_desktop_bringup:/home/scott/mercer_garm/ros2/install/mercer_g_arm_sim:/home/scott/mercer_garm/ros2/install/mercer_g_arm_rpi_bringup:/home/scott/mercer_garm/ros2/install/mercer_g_arm:/home/scott/mercer_garm/ros2/install/mercer_g-arm_rpi_bringup:/home/scott/mercer_garm/ros2/install/mercer_g-arm_desktop_bringup:/home/scott/mercer_garm/ros2/install/joy_js_pkg:/home/scott/mercer_garm/ros2/install/garm_motion_planning_demos:/home/scott/mercer_garm/ros2/install/g_arm_trajectory_bridge:/home/scott/mercer_garm/ros2/install/g_arm_python_examples:/home/scott/mercer_garm/ros2/install/g-arm_simulation:/home/scott/mercer_garm/ros2/install/g_arm:/home/scott/mercer_garm_ws/install/mercer_g_arm_desktop_bringup:/home/scott/mercer_garm_ws/install/mercer_robot_commander_py:/home/scott/mercer_garm_ws/install/mercer_g_arm_sim:/home/scott/mercer_garm_ws/install/mercer_g_arm_rpi_bringup:/home/scott/mercer_garm_ws/install/mercer_g_arm:/home/scott/mercer_garm_ws/install/mercer_g-arm_rpi_bringup:/home/scott/mercer_garm_ws/install/mercer_g-arm_desktop_bringup:/home/scott/mercer_garm_ws/install/joy_js_pkg:/home/scott/mercer_garm_ws/install/garm_motion_planning_demos:/home/scott/mercer_garm_ws/install/g_arm_trajectory_bridge:/home/scott/mercer_garm_ws/install/g_arm_python_examples:/home/scott/mercer_garm_ws/install/g-arm_simulation:/home/scott/mercer_garm_ws/install/g_arm:/home/scott/ros2_ws/install/joy_js_pkg:/home/scott/ros2_ws/install/garm_motion_planning_demos:/home/scott/ros2_ws/install/g_arm_trajectory_bridge:/home/scott/ros2_ws/install/g_arm_python_examples:/home/scott/ros2_ws/install/g-arm_simulation:/home/scott/ros2_ws/install/g_arm:/home/scott/ws_moveit/install/moveit_configs_utils:/opt/ros/jazzy DEBUGINFOD_URLS=https://debuginfod.ubuntu.com PS1=(ros2_venv) \[\e]0;\u@\h: \w\a\]${debian_chroot:+($debian_chroot)}\[\033[01;32m\]\u@\h\[\033[00m\]:\[\033[01;34m\]\w\[\033[00m\]\$ VIRTUAL_ENV_PROMPT=(ros2_venv) /snap/bin/cmake /home/scott/mercer_garm/ros2/src/mercer_g_arm_topic_hw -DCMAKE_INSTALL_PREFIX=/home/scott/mercer_garm/ros2/install/mercer_g_arm_topic_hw
[5.965s] DEBUG:colcon.colcon_core.event_handler.log_command:Invoking command in '/home/scott/mercer_garm/ros2/build/pi_gpio_interface': CMAKE_PREFIX_PATH=${CMAKE_PREFIX_PATH}:/home/scott/mercer_garm/ros2/install/mercer_robot_commander_py:/home/scott/mercer_garm/ros2/install/mercer_g_arm_desktop_bringup:/home/scott/mercer_garm/ros2/install/mercer_g_arm_sim:/home/scott/mercer_garm/ros2/install/mercer_g_arm_rpi_bringup:/home/scott/mercer_garm/ros2/install/mercer_g_arm:/home/scott/mercer_garm/ros2/install/mercer_g-arm_rpi_bringup:/home/scott/mercer_garm/ros2/install/mercer_g-arm_desktop_bringup:/home/scott/mercer_garm/ros2/install/joy_js_pkg:/home/scott/mercer_garm/ros2/install/garm_motion_planning_demos:/home/scott/mercer_garm/ros2/install/g_arm_trajectory_bridge:/home/scott/mercer_garm/ros2/install/g_arm_python_examples:/home/scott/mercer_garm/ros2/install/g-arm_simulation:/home/scott/mercer_garm/ros2/install/g_arm:/home/scott/mercer_garm_ws/install/mercer_g_arm_desktop_bringup:/home/scott/mercer_garm_ws/install/mercer_robot_commander_py:/home/scott/mercer_garm_ws/install/mercer_g_arm_sim:/home/scott/mercer_garm_ws/install/mercer_g_arm_rpi_bringup:/home/scott/mercer_garm_ws/install/mercer_g_arm:/home/scott/mercer_garm_ws/install/mercer_g-arm_rpi_bringup:/home/scott/mercer_garm_ws/install/mercer_g-arm_desktop_bringup:/home/scott/mercer_garm_ws/install/joy_js_pkg:/home/scott/mercer_garm_ws/install/garm_motion_planning_demos:/home/scott/mercer_garm_ws/install/g_arm_trajectory_bridge:/home/scott/mercer_garm_ws/install/g_arm_python_examples:/home/scott/mercer_garm_ws/install/g-arm_simulation:/home/scott/mercer_garm_ws/install/g_arm:/home/scott/ros2_ws/install/joy_js_pkg:/home/scott/ros2_ws/install/garm_motion_planning_demos:/home/scott/ros2_ws/install/g_arm_trajectory_bridge:/home/scott/ros2_ws/install/g_arm_python_examples:/home/scott/ros2_ws/install/g-arm_simulation:/home/scott/ros2_ws/install/g_arm:/home/scott/ws_moveit/install/moveit_configs_utils:/opt/ros/jazzy DEBUGINFOD_URLS=https://debuginfod.ubuntu.com PS1=(ros2_venv) \[\e]0;\u@\h: \w\a\]${debian_chroot:+($debian_chroot)}\[\033[01;32m\]\u@\h\[\033[00m\]:\[\033[01;34m\]\w\[\033[00m\]\$ VIRTUAL_ENV_PROMPT=(ros2_venv) /snap/bin/cmake /home/scott/mercer_garm/ros2/src/pi_gpio_interface -DCMAKE_INSTALL_PREFIX=/home/scott/mercer_garm/ros2/install/pi_gpio_interface
[6.924s] DEBUG:colcon.colcon_core.event_handler.log_command:Invoked command in '/home/scott/mercer_garm/ros2/build/g_arm_moveit2' returned '0': AMENT_PREFIX_PATH=/home/scott/mercer_garm/ros2/install/g_arm_description:${AMENT_PREFIX_PATH} CMAKE_PREFIX_PATH=/home/scott/mercer_garm/ros2/install/g_arm_description:/home/scott/mercer_garm/ros2/install/pymoveit2:/home/scott/mercer_garm/ros2/install/pi_gpio_interface:/home/scott/mercer_garm/ros2/install/mercer_robot_commander_cpp:/home/scott/mercer_garm/ros2/install/mercer_g_arm_topic_hw:/home/scott/mercer_garm/ros2/install/g_arm_msgs:/home/scott/mercer_garm/ros2/install/g_arm_moveit2:/home/scott/mercer_garm/ros2/install/g-arm_demos:/home/scott/mercer_garm_ws/install/pymoveit2:/home/scott/mercer_garm_ws/install/pi_gpio_interface:/home/scott/mercer_garm_ws/install/mercer_robot_commander_cpp:/home/scott/mercer_garm_ws/install/mercer_g_arm_topic_hw:/home/scott/mercer_garm_ws/install/g_arm_msgs:/home/scott/mercer_garm_ws/install/g_arm_moveit2:/home/scott/mercer_garm_ws/install/g_arm_description:/home/scott/mercer_garm_ws/install/g-arm_demos:/home/scott/ros2_ws/install/rviz_marker_tools:/home/scott/ros2_ws/install/pymoveit2:/home/scott/ros2_ws/install/moveit_task_constructor_msgs:/home/scott/ros2_ws/install/g_arm_moveit2:/home/scott/ros2_ws/install/g_arm_description:/home/scott/ros2_ws/install/g-arm_demos:/home/scott/ws_moveit/install/robotiq_hardware_tests:/home/scott/ws_moveit/install/robotiq_driver:/home/scott/ws_moveit/install/serial:/home/scott/ws_moveit/install/moveit2_tutorials:/home/scott/ws_moveit/install/moveit_visual_tools:/home/scott/ws_moveit/install/rviz_visual_tools:/home/scott/ws_moveit/install/moveit_task_constructor_demo:/home/scott/ws_moveit/install/moveit_task_constructor_visualization:/home/scott/ws_moveit/install/moveit_task_constructor_capabilities:/home/scott/ws_moveit/install/moveit_task_constructor_core:/home/scott/ws_moveit/install/rviz_marker_tools:/home/scott/ws_moveit/install/kortex_bringup:/home/scott/ws_moveit/install/kinova_gen3_lite_moveit_config:/home/scott/ws_moveit/install/kinova_gen3_7dof_robotiq_2f_85_moveit_config:/home/scott/ws_moveit/install/kinova_gen3_6dof_robotiq_2f_85_moveit_config:/home/scott/ws_moveit/install/kortex_description:/home/scott/ws_moveit/install/robotiq_description:/home/scott/ws_moveit/install/robotiq_controllers:/home/scott/ws_moveit/install/pilz_industrial_motion_planner_testutils:/home/scott/ws_moveit/install/moveit_runtime:/home/scott/ws_moveit/install/moveit:/home/scott/ws_moveit/install/moveit_planners:/home/scott/ws_moveit/install/pilz_industrial_motion_planner:/home/scott/ws_moveit/install/moveit_task_constructor_msgs:/home/scott/ws_moveit/install/moveit_ros_control_interface:/home/scott/ws_moveit/install/moveit_plugins:/home/scott/ws_moveit/install/moveit_simple_controller_manager:/home/scott/ws_moveit/install/moveit_setup_assistant:/home/scott/ws_moveit/install/moveit_setup_srdf_plugins:/home/scott/ws_moveit/install/moveit_setup_core_plugins:/home/scott/ws_moveit/install/moveit_setup_controllers:/home/scott/ws_moveit/install/moveit_setup_app_plugins:/home/scott/ws_moveit/install/moveit_setup_framework:/home/scott/ws_moveit/install/moveit_servo:/home/scott/ws_moveit/install/moveit_ros_trajectory_cache:/home/scott/ws_moveit/install/moveit_ros:/home/scott/ws_moveit/install/moveit_ros_visualization:/home/scott/ws_moveit/install/moveit_py:/home/scott/ws_moveit/install/moveit_hybrid_planning:/home/scott/ws_moveit/install/hello_moveit:/home/scott/ws_moveit/install/moveit_ros_planning_interface:/home/scott/ws_moveit/install/moveit_ros_benchmarks:/home/scott/ws_moveit/install/moveit_ros_warehouse:/home/scott/ws_moveit/install/moveit_ros_robot_interaction:/home/scott/ws_moveit/install/moveit_ros_perception:/home/scott/ws_moveit/install/moveit_resources_prbt_pg70_support:/home/scott/ws_moveit/install/moveit_resources_prbt_moveit_config:/home/scott/ws_moveit/install/moveit_ros_move_group:/home/scott/ws_moveit/install/moveit_planners_ompl:/home/scott/ws_moveit/install/moveit_kinematics:/home/scott/ws_moveit/install/moveit_ros_planning:/home/scott/ws_moveit/install/moveit_ros_occupancy_map_monitor:/home/scott/ws_moveit/install/moveit_resources_prbt_support:/home/scott/ws_moveit/install/moveit_resources_prbt_ikfast_manipulator_plugin:/home/scott/ws_moveit/install/moveit_resources:/home/scott/ws_moveit/install/moveit_resources_pr2_description:/home/scott/ws_moveit/install/moveit_resources_panda_moveit_config:/home/scott/ws_moveit/install/dual_arm_panda_moveit_config:/home/scott/ws_moveit/install/moveit_resources_panda_description:/home/scott/ws_moveit/install/moveit_resources_fanuc_moveit_config:/home/scott/ws_moveit/install/moveit_resources_fanuc_description:/home/scott/ws_moveit/install/moveit_planners_stomp:/home/scott/ws_moveit/install/moveit_planners_chomp:/home/scott/ws_moveit/install/chomp_motion_planner:/home/scott/ws_moveit/install/moveit_core:/home/scott/ws_moveit/install/moveit_msgs:/home/scott/ws_moveit/install/moveit_common:/home/scott/ws_moveit/install/kortex_driver:/home/scott/ws_moveit/install/kortex_api:/opt/ros/jazzy/opt/gz_sim_vendor:/opt/ros/jazzy/opt/gz_sensors_vendor:/opt/ros/jazzy/opt/gz_physics_vendor:/opt/ros/jazzy/opt/sdformat_vendor:/opt/ros/jazzy/opt/gz_gui_vendor:/opt/ros/jazzy/opt/gz_transport_vendor:/opt/ros/jazzy/opt/gz_rendering_vendor:/opt/ros/jazzy/opt/gz_plugin_vendor:/opt/ros/jazzy/opt/gz_fuel_tools_vendor:/opt/ros/jazzy/opt/gz_msgs_vendor:/opt/ros/jazzy/opt/gz_common_vendor:/opt/ros/jazzy/opt/gz_math_vendor:/opt/ros/jazzy/opt/gz_utils_vendor:/opt/ros/jazzy/opt/gz_tools_vendor:/opt/ros/jazzy/opt/gz_ogre_next_vendor:/opt/ros/jazzy/opt/gz_dartsim_vendor:/opt/ros/jazzy/opt/gz_cmake_vendor:/home/scott/mercer_garm/ros2/install/mercer_robot_commander_py:/home/scott/mercer_garm/ros2/install/mercer_g_arm_desktop_bringup:/home/scott/mercer_garm/ros2/install/mercer_g_arm_sim:/home/scott/mercer_garm/ros2/install/mercer_g_arm_rpi_bringup:/home/scott/mercer_garm/ros2/install/mercer_g_arm:/home/scott/mercer_garm/ros2/install/mercer_g-arm_rpi_bringup:/home/scott/mercer_garm/ros2/install/mercer_g-arm_desktop_bringup:/home/scott/mercer_garm/ros2/install/joy_js_pkg:/home/scott/mercer_garm/ros2/install/garm_motion_planning_demos:/home/scott/mercer_garm/ros2/install/g_arm_trajectory_bridge:/home/scott/mercer_garm/ros2/install/g_arm_python_examples:/home/scott/mercer_garm/ros2/install/g-arm_simulation:/home/scott/mercer_garm/ros2/install/g_arm:/home/scott/mercer_garm_ws/install/mercer_g_arm_desktop_bringup:/home/scott/mercer_garm_ws/install/mercer_robot_commander_py:/home/scott/mercer_garm_ws/install/mercer_g_arm_sim:/home/scott/mercer_garm_ws/install/mercer_g_arm_rpi_bringup:/home/scott/mercer_garm_ws/install/mercer_g_arm:/home/scott/mercer_garm_ws/install/mercer_g-arm_rpi_bringup:/home/scott/mercer_garm_ws/install/mercer_g-arm_desktop_bringup:/home/scott/mercer_garm_ws/install/joy_js_pkg:/home/scott/mercer_garm_ws/install/garm_motion_planning_demos:/home/scott/mercer_garm_ws/install/g_arm_trajectory_bridge:/home/scott/mercer_garm_ws/install/g_arm_python_examples:/home/scott/mercer_garm_ws/install/g-arm_simulation:/home/scott/mercer_garm_ws/install/g_arm:/home/scott/ros2_ws/install/joy_js_pkg:/home/scott/ros2_ws/install/garm_motion_planning_demos:/home/scott/ros2_ws/install/g_arm_trajectory_bridge:/home/scott/ros2_ws/install/g_arm_python_examples:/home/scott/ros2_ws/install/g-arm_simulation:/home/scott/ros2_ws/install/g_arm:/home/scott/ws_moveit/install/moveit_configs_utils:/opt/ros/jazzy DEBUGINFOD_URLS=https://debuginfod.ubuntu.com PS1=(ros2_venv) \[\e]0;\u@\h: \w\a\]${debian_chroot:+($debian_chroot)}\[\033[01;32m\]\u@\h\[\033[00m\]:\[\033[01;34m\]\w\[\033[00m\]\$ VIRTUAL_ENV_PROMPT=(ros2_venv) /snap/bin/cmake /home/scott/mercer_garm/ros2/src/g_arm_moveit2 -DCMAKE_INSTALL_PREFIX=/home/scott/mercer_garm/ros2/install/g_arm_moveit2
[6.925s] DEBUG:colcon.colcon_core.event_handler.log_command:Invoking command in '/home/scott/mercer_garm/ros2/build/g_arm_moveit2': AMENT_PREFIX_PATH=/home/scott/mercer_garm/ros2/install/g_arm_description:${AMENT_PREFIX_PATH} CMAKE_PREFIX_PATH=/home/scott/mercer_garm/ros2/install/g_arm_description:/home/scott/mercer_garm/ros2/install/pymoveit2:/home/scott/mercer_garm/ros2/install/pi_gpio_interface:/home/scott/mercer_garm/ros2/install/mercer_robot_commander_cpp:/home/scott/mercer_garm/ros2/install/mercer_g_arm_topic_hw:/home/scott/mercer_garm/ros2/install/g_arm_msgs:/home/scott/mercer_garm/ros2/install/g_arm_moveit2:/home/scott/mercer_garm/ros2/install/g-arm_demos:/home/scott/mercer_garm_ws/install/pymoveit2:/home/scott/mercer_garm_ws/install/pi_gpio_interface:/home/scott/mercer_garm_ws/install/mercer_robot_commander_cpp:/home/scott/mercer_garm_ws/install/mercer_g_arm_topic_hw:/home/scott/mercer_garm_ws/install/g_arm_msgs:/home/scott/mercer_garm_ws/install/g_arm_moveit2:/home/scott/mercer_garm_ws/install/g_arm_description:/home/scott/mercer_garm_ws/install/g-arm_demos:/home/scott/ros2_ws/install/rviz_marker_tools:/home/scott/ros2_ws/install/pymoveit2:/home/scott/ros2_ws/install/moveit_task_constructor_msgs:/home/scott/ros2_ws/install/g_arm_moveit2:/home/scott/ros2_ws/install/g_arm_description:/home/scott/ros2_ws/install/g-arm_demos:/home/scott/ws_moveit/install/robotiq_hardware_tests:/home/scott/ws_moveit/install/robotiq_driver:/home/scott/ws_moveit/install/serial:/home/scott/ws_moveit/install/moveit2_tutorials:/home/scott/ws_moveit/install/moveit_visual_tools:/home/scott/ws_moveit/install/rviz_visual_tools:/home/scott/ws_moveit/install/moveit_task_constructor_demo:/home/scott/ws_moveit/install/moveit_task_constructor_visualization:/home/scott/ws_moveit/install/moveit_task_constructor_capabilities:/home/scott/ws_moveit/install/moveit_task_constructor_core:/home/scott/ws_moveit/install/rviz_marker_tools:/home/scott/ws_moveit/install/kortex_bringup:/home/scott/ws_moveit/install/kinova_gen3_lite_moveit_config:/home/scott/ws_moveit/install/kinova_gen3_7dof_robotiq_2f_85_moveit_config:/home/scott/ws_moveit/install/kinova_gen3_6dof_robotiq_2f_85_moveit_config:/home/scott/ws_moveit/install/kortex_description:/home/scott/ws_moveit/install/robotiq_description:/home/scott/ws_moveit/install/robotiq_controllers:/home/scott/ws_moveit/install/pilz_industrial_motion_planner_testutils:/home/scott/ws_moveit/install/moveit_runtime:/home/scott/ws_moveit/install/moveit:/home/scott/ws_moveit/install/moveit_planners:/home/scott/ws_moveit/install/pilz_industrial_motion_planner:/home/scott/ws_moveit/install/moveit_task_constructor_msgs:/home/scott/ws_moveit/install/moveit_ros_control_interface:/home/scott/ws_moveit/install/moveit_plugins:/home/scott/ws_moveit/install/moveit_simple_controller_manager:/home/scott/ws_moveit/install/moveit_setup_assistant:/home/scott/ws_moveit/install/moveit_setup_srdf_plugins:/home/scott/ws_moveit/install/moveit_setup_core_plugins:/home/scott/ws_moveit/install/moveit_setup_controllers:/home/scott/ws_moveit/install/moveit_setup_app_plugins:/home/scott/ws_moveit/install/moveit_setup_framework:/home/scott/ws_moveit/install/moveit_servo:/home/scott/ws_moveit/install/moveit_ros_trajectory_cache:/home/scott/ws_moveit/install/moveit_ros:/home/scott/ws_moveit/install/moveit_ros_visualization:/home/scott/ws_moveit/install/moveit_py:/home/scott/ws_moveit/install/moveit_hybrid_planning:/home/scott/ws_moveit/install/hello_moveit:/home/scott/ws_moveit/install/moveit_ros_planning_interface:/home/scott/ws_moveit/install/moveit_ros_benchmarks:/home/scott/ws_moveit/install/moveit_ros_warehouse:/home/scott/ws_moveit/install/moveit_ros_robot_interaction:/home/scott/ws_moveit/install/moveit_ros_perception:/home/scott/ws_moveit/install/moveit_resources_prbt_pg70_support:/home/scott/ws_moveit/install/moveit_resources_prbt_moveit_config:/home/scott/ws_moveit/install/moveit_ros_move_group:/home/scott/ws_moveit/install/moveit_planners_ompl:/home/scott/ws_moveit/install/moveit_kinematics:/home/scott/ws_moveit/install/moveit_ros_planning:/home/scott/ws_moveit/install/moveit_ros_occupancy_map_monitor:/home/scott/ws_moveit/install/moveit_resources_prbt_support:/home/scott/ws_moveit/install/moveit_resources_prbt_ikfast_manipulator_plugin:/home/scott/ws_moveit/install/moveit_resources:/home/scott/ws_moveit/install/moveit_resources_pr2_description:/home/scott/ws_moveit/install/moveit_resources_panda_moveit_config:/home/scott/ws_moveit/install/dual_arm_panda_moveit_config:/home/scott/ws_moveit/install/moveit_resources_panda_description:/home/scott/ws_moveit/install/moveit_resources_fanuc_moveit_config:/home/scott/ws_moveit/install/moveit_resources_fanuc_description:/home/scott/ws_moveit/install/moveit_planners_stomp:/home/scott/ws_moveit/install/moveit_planners_chomp:/home/scott/ws_moveit/install/chomp_motion_planner:/home/scott/ws_moveit/install/moveit_core:/home/scott/ws_moveit/install/moveit_msgs:/home/scott/ws_moveit/install/moveit_common:/home/scott/ws_moveit/install/kortex_driver:/home/scott/ws_moveit/install/kortex_api:/opt/ros/jazzy/opt/gz_sim_vendor:/opt/ros/jazzy/opt/gz_sensors_vendor:/opt/ros/jazzy/opt/gz_physics_vendor:/opt/ros/jazzy/opt/sdformat_vendor:/opt/ros/jazzy/opt/gz_gui_vendor:/opt/ros/jazzy/opt/gz_transport_vendor:/opt/ros/jazzy/opt/gz_rendering_vendor:/opt/ros/jazzy/opt/gz_plugin_vendor:/opt/ros/jazzy/opt/gz_fuel_tools_vendor:/opt/ros/jazzy/opt/gz_msgs_vendor:/opt/ros/jazzy/opt/gz_common_vendor:/opt/ros/jazzy/opt/gz_math_vendor:/opt/ros/jazzy/opt/gz_utils_vendor:/opt/ros/jazzy/opt/gz_tools_vendor:/opt/ros/jazzy/opt/gz_ogre_next_vendor:/opt/ros/jazzy/opt/gz_dartsim_vendor:/opt/ros/jazzy/opt/gz_cmake_vendor:/home/scott/mercer_garm/ros2/install/mercer_robot_commander_py:/home/scott/mercer_garm/ros2/install/mercer_g_arm_desktop_bringup:/home/scott/mercer_garm/ros2/install/mercer_g_arm_sim:/home/scott/mercer_garm/ros2/install/mercer_g_arm_rpi_bringup:/home/scott/mercer_garm/ros2/install/mercer_g_arm:/home/scott/mercer_garm/ros2/install/mercer_g-arm_rpi_bringup:/home/scott/mercer_garm/ros2/install/mercer_g-arm_desktop_bringup:/home/scott/mercer_garm/ros2/install/joy_js_pkg:/home/scott/mercer_garm/ros2/install/garm_motion_planning_demos:/home/scott/mercer_garm/ros2/install/g_arm_trajectory_bridge:/home/scott/mercer_garm/ros2/install/g_arm_python_examples:/home/scott/mercer_garm/ros2/install/g-arm_simulation:/home/scott/mercer_garm/ros2/install/g_arm:/home/scott/mercer_garm_ws/install/mercer_g_arm_desktop_bringup:/home/scott/mercer_garm_ws/install/mercer_robot_commander_py:/home/scott/mercer_garm_ws/install/mercer_g_arm_sim:/home/scott/mercer_garm_ws/install/mercer_g_arm_rpi_bringup:/home/scott/mercer_garm_ws/install/mercer_g_arm:/home/scott/mercer_garm_ws/install/mercer_g-arm_rpi_bringup:/home/scott/mercer_garm_ws/install/mercer_g-arm_desktop_bringup:/home/scott/mercer_garm_ws/install/joy_js_pkg:/home/scott/mercer_garm_ws/install/garm_motion_planning_demos:/home/scott/mercer_garm_ws/install/g_arm_trajectory_bridge:/home/scott/mercer_garm_ws/install/g_arm_python_examples:/home/scott/mercer_garm_ws/install/g-arm_simulation:/home/scott/mercer_garm_ws/install/g_arm:/home/scott/ros2_ws/install/joy_js_pkg:/home/scott/ros2_ws/install/garm_motion_planning_demos:/home/scott/ros2_ws/install/g_arm_trajectory_bridge:/home/scott/ros2_ws/install/g_arm_python_examples:/home/scott/ros2_ws/install/g-arm_simulation:/home/scott/ros2_ws/install/g_arm:/home/scott/ws_moveit/install/moveit_configs_utils:/opt/ros/jazzy DEBUGINFOD_URLS=https://debuginfod.ubuntu.com PS1=(ros2_venv) \[\e]0;\u@\h: \w\a\]${debian_chroot:+($debian_chroot)}\[\033[01;32m\]\u@\h\[\033[00m\]:\[\033[01;34m\]\w\[\033[00m\]\$ VIRTUAL_ENV_PROMPT=(ros2_venv) /snap/bin/cmake --build /home/scott/mercer_garm/ros2/build/g_arm_moveit2 -- -j4 -l4
[7.024s] DEBUG:colcon.colcon_core.event_handler.log_command:Invoked command in '/home/scott/mercer_garm/ros2/build/g_arm_moveit2' returned '0': AMENT_PREFIX_PATH=/home/scott/mercer_garm/ros2/install/g_arm_description:${AMENT_PREFIX_PATH} CMAKE_PREFIX_PATH=/home/scott/mercer_garm/ros2/install/g_arm_description:/home/scott/mercer_garm/ros2/install/pymoveit2:/home/scott/mercer_garm/ros2/install/pi_gpio_interface:/home/scott/mercer_garm/ros2/install/mercer_robot_commander_cpp:/home/scott/mercer_garm/ros2/install/mercer_g_arm_topic_hw:/home/scott/mercer_garm/ros2/install/g_arm_msgs:/home/scott/mercer_garm/ros2/install/g_arm_moveit2:/home/scott/mercer_garm/ros2/install/g-arm_demos:/home/scott/mercer_garm_ws/install/pymoveit2:/home/scott/mercer_garm_ws/install/pi_gpio_interface:/home/scott/mercer_garm_ws/install/mercer_robot_commander_cpp:/home/scott/mercer_garm_ws/install/mercer_g_arm_topic_hw:/home/scott/mercer_garm_ws/install/g_arm_msgs:/home/scott/mercer_garm_ws/install/g_arm_moveit2:/home/scott/mercer_garm_ws/install/g_arm_description:/home/scott/mercer_garm_ws/install/g-arm_demos:/home/scott/ros2_ws/install/rviz_marker_tools:/home/scott/ros2_ws/install/pymoveit2:/home/scott/ros2_ws/install/moveit_task_constructor_msgs:/home/scott/ros2_ws/install/g_arm_moveit2:/home/scott/ros2_ws/install/g_arm_description:/home/scott/ros2_ws/install/g-arm_demos:/home/scott/ws_moveit/install/robotiq_hardware_tests:/home/scott/ws_moveit/install/robotiq_driver:/home/scott/ws_moveit/install/serial:/home/scott/ws_moveit/install/moveit2_tutorials:/home/scott/ws_moveit/install/moveit_visual_tools:/home/scott/ws_moveit/install/rviz_visual_tools:/home/scott/ws_moveit/install/moveit_task_constructor_demo:/home/scott/ws_moveit/install/moveit_task_constructor_visualization:/home/scott/ws_moveit/install/moveit_task_constructor_capabilities:/home/scott/ws_moveit/install/moveit_task_constructor_core:/home/scott/ws_moveit/install/rviz_marker_tools:/home/scott/ws_moveit/install/kortex_bringup:/home/scott/ws_moveit/install/kinova_gen3_lite_moveit_config:/home/scott/ws_moveit/install/kinova_gen3_7dof_robotiq_2f_85_moveit_config:/home/scott/ws_moveit/install/kinova_gen3_6dof_robotiq_2f_85_moveit_config:/home/scott/ws_moveit/install/kortex_description:/home/scott/ws_moveit/install/robotiq_description:/home/scott/ws_moveit/install/robotiq_controllers:/home/scott/ws_moveit/install/pilz_industrial_motion_planner_testutils:/home/scott/ws_moveit/install/moveit_runtime:/home/scott/ws_moveit/install/moveit:/home/scott/ws_moveit/install/moveit_planners:/home/scott/ws_moveit/install/pilz_industrial_motion_planner:/home/scott/ws_moveit/install/moveit_task_constructor_msgs:/home/scott/ws_moveit/install/moveit_ros_control_interface:/home/scott/ws_moveit/install/moveit_plugins:/home/scott/ws_moveit/install/moveit_simple_controller_manager:/home/scott/ws_moveit/install/moveit_setup_assistant:/home/scott/ws_moveit/install/moveit_setup_srdf_plugins:/home/scott/ws_moveit/install/moveit_setup_core_plugins:/home/scott/ws_moveit/install/moveit_setup_controllers:/home/scott/ws_moveit/install/moveit_setup_app_plugins:/home/scott/ws_moveit/install/moveit_setup_framework:/home/scott/ws_moveit/install/moveit_servo:/home/scott/ws_moveit/install/moveit_ros_trajectory_cache:/home/scott/ws_moveit/install/moveit_ros:/home/scott/ws_moveit/install/moveit_ros_visualization:/home/scott/ws_moveit/install/moveit_py:/home/scott/ws_moveit/install/moveit_hybrid_planning:/home/scott/ws_moveit/install/hello_moveit:/home/scott/ws_moveit/install/moveit_ros_planning_interface:/home/scott/ws_moveit/install/moveit_ros_benchmarks:/home/scott/ws_moveit/install/moveit_ros_warehouse:/home/scott/ws_moveit/install/moveit_ros_robot_interaction:/home/scott/ws_moveit/install/moveit_ros_perception:/home/scott/ws_moveit/install/moveit_resources_prbt_pg70_support:/home/scott/ws_moveit/install/moveit_resources_prbt_moveit_config:/home/scott/ws_moveit/install/moveit_ros_move_group:/home/scott/ws_moveit/install/moveit_planners_ompl:/home/scott/ws_moveit/install/moveit_kinematics:/home/scott/ws_moveit/install/moveit_ros_planning:/home/scott/ws_moveit/install/moveit_ros_occupancy_map_monitor:/home/scott/ws_moveit/install/moveit_resources_prbt_support:/home/scott/ws_moveit/install/moveit_resources_prbt_ikfast_manipulator_plugin:/home/scott/ws_moveit/install/moveit_resources:/home/scott/ws_moveit/install/moveit_resources_pr2_description:/home/scott/ws_moveit/install/moveit_resources_panda_moveit_config:/home/scott/ws_moveit/install/dual_arm_panda_moveit_config:/home/scott/ws_moveit/install/moveit_resources_panda_description:/home/scott/ws_moveit/install/moveit_resources_fanuc_moveit_config:/home/scott/ws_moveit/install/moveit_resources_fanuc_description:/home/scott/ws_moveit/install/moveit_planners_stomp:/home/scott/ws_moveit/install/moveit_planners_chomp:/home/scott/ws_moveit/install/chomp_motion_planner:/home/scott/ws_moveit/install/moveit_core:/home/scott/ws_moveit/install/moveit_msgs:/home/scott/ws_moveit/install/moveit_common:/home/scott/ws_moveit/install/kortex_driver:/home/scott/ws_moveit/install/kortex_api:/opt/ros/jazzy/opt/gz_sim_vendor:/opt/ros/jazzy/opt/gz_sensors_vendor:/opt/ros/jazzy/opt/gz_physics_vendor:/opt/ros/jazzy/opt/sdformat_vendor:/opt/ros/jazzy/opt/gz_gui_vendor:/opt/ros/jazzy/opt/gz_transport_vendor:/opt/ros/jazzy/opt/gz_rendering_vendor:/opt/ros/jazzy/opt/gz_plugin_vendor:/opt/ros/jazzy/opt/gz_fuel_tools_vendor:/opt/ros/jazzy/opt/gz_msgs_vendor:/opt/ros/jazzy/opt/gz_common_vendor:/opt/ros/jazzy/opt/gz_math_vendor:/opt/ros/jazzy/opt/gz_utils_vendor:/opt/ros/jazzy/opt/gz_tools_vendor:/opt/ros/jazzy/opt/gz_ogre_next_vendor:/opt/ros/jazzy/opt/gz_dartsim_vendor:/opt/ros/jazzy/opt/gz_cmake_vendor:/home/scott/mercer_garm/ros2/install/mercer_robot_commander_py:/home/scott/mercer_garm/ros2/install/mercer_g_arm_desktop_bringup:/home/scott/mercer_garm/ros2/install/mercer_g_arm_sim:/home/scott/mercer_garm/ros2/install/mercer_g_arm_rpi_bringup:/home/scott/mercer_garm/ros2/install/mercer_g_arm:/home/scott/mercer_garm/ros2/install/mercer_g-arm_rpi_bringup:/home/scott/mercer_garm/ros2/install/mercer_g-arm_desktop_bringup:/home/scott/mercer_garm/ros2/install/joy_js_pkg:/home/scott/mercer_garm/ros2/install/garm_motion_planning_demos:/home/scott/mercer_garm/ros2/install/g_arm_trajectory_bridge:/home/scott/mercer_garm/ros2/install/g_arm_python_examples:/home/scott/mercer_garm/ros2/install/g-arm_simulation:/home/scott/mercer_garm/ros2/install/g_arm:/home/scott/mercer_garm_ws/install/mercer_g_arm_desktop_bringup:/home/scott/mercer_garm_ws/install/mercer_robot_commander_py:/home/scott/mercer_garm_ws/install/mercer_g_arm_sim:/home/scott/mercer_garm_ws/install/mercer_g_arm_rpi_bringup:/home/scott/mercer_garm_ws/install/mercer_g_arm:/home/scott/mercer_garm_ws/install/mercer_g-arm_rpi_bringup:/home/scott/mercer_garm_ws/install/mercer_g-arm_desktop_bringup:/home/scott/mercer_garm_ws/install/joy_js_pkg:/home/scott/mercer_garm_ws/install/garm_motion_planning_demos:/home/scott/mercer_garm_ws/install/g_arm_trajectory_bridge:/home/scott/mercer_garm_ws/install/g_arm_python_examples:/home/scott/mercer_garm_ws/install/g-arm_simulation:/home/scott/mercer_garm_ws/install/g_arm:/home/scott/ros2_ws/install/joy_js_pkg:/home/scott/ros2_ws/install/garm_motion_planning_demos:/home/scott/ros2_ws/install/g_arm_trajectory_bridge:/home/scott/ros2_ws/install/g_arm_python_examples:/home/scott/ros2_ws/install/g-arm_simulation:/home/scott/ros2_ws/install/g_arm:/home/scott/ws_moveit/install/moveit_configs_utils:/opt/ros/jazzy DEBUGINFOD_URLS=https://debuginfod.ubuntu.com PS1=(ros2_venv) \[\e]0;\u@\h: \w\a\]${debian_chroot:+($debian_chroot)}\[\033[01;32m\]\u@\h\[\033[00m\]:\[\033[01;34m\]\w\[\033[00m\]\$ VIRTUAL_ENV_PROMPT=(ros2_venv) /snap/bin/cmake --build /home/scott/mercer_garm/ros2/build/g_arm_moveit2 -- -j4 -l4
[7.025s] DEBUG:colcon.colcon_core.event_handler.log_command:Invoking command in '/home/scott/mercer_garm/ros2/build/g_arm_moveit2': AMENT_PREFIX_PATH=/home/scott/mercer_garm/ros2/install/g_arm_description:${AMENT_PREFIX_PATH} CMAKE_PREFIX_PATH=/home/scott/mercer_garm/ros2/install/g_arm_description:/home/scott/mercer_garm/ros2/install/pymoveit2:/home/scott/mercer_garm/ros2/install/pi_gpio_interface:/home/scott/mercer_garm/ros2/install/mercer_robot_commander_cpp:/home/scott/mercer_garm/ros2/install/mercer_g_arm_topic_hw:/home/scott/mercer_garm/ros2/install/g_arm_msgs:/home/scott/mercer_garm/ros2/install/g_arm_moveit2:/home/scott/mercer_garm/ros2/install/g-arm_demos:/home/scott/mercer_garm_ws/install/pymoveit2:/home/scott/mercer_garm_ws/install/pi_gpio_interface:/home/scott/mercer_garm_ws/install/mercer_robot_commander_cpp:/home/scott/mercer_garm_ws/install/mercer_g_arm_topic_hw:/home/scott/mercer_garm_ws/install/g_arm_msgs:/home/scott/mercer_garm_ws/install/g_arm_moveit2:/home/scott/mercer_garm_ws/install/g_arm_description:/home/scott/mercer_garm_ws/install/g-arm_demos:/home/scott/ros2_ws/install/rviz_marker_tools:/home/scott/ros2_ws/install/pymoveit2:/home/scott/ros2_ws/install/moveit_task_constructor_msgs:/home/scott/ros2_ws/install/g_arm_moveit2:/home/scott/ros2_ws/install/g_arm_description:/home/scott/ros2_ws/install/g-arm_demos:/home/scott/ws_moveit/install/robotiq_hardware_tests:/home/scott/ws_moveit/install/robotiq_driver:/home/scott/ws_moveit/install/serial:/home/scott/ws_moveit/install/moveit2_tutorials:/home/scott/ws_moveit/install/moveit_visual_tools:/home/scott/ws_moveit/install/rviz_visual_tools:/home/scott/ws_moveit/install/moveit_task_constructor_demo:/home/scott/ws_moveit/install/moveit_task_constructor_visualization:/home/scott/ws_moveit/install/moveit_task_constructor_capabilities:/home/scott/ws_moveit/install/moveit_task_constructor_core:/home/scott/ws_moveit/install/rviz_marker_tools:/home/scott/ws_moveit/install/kortex_bringup:/home/scott/ws_moveit/install/kinova_gen3_lite_moveit_config:/home/scott/ws_moveit/install/kinova_gen3_7dof_robotiq_2f_85_moveit_config:/home/scott/ws_moveit/install/kinova_gen3_6dof_robotiq_2f_85_moveit_config:/home/scott/ws_moveit/install/kortex_description:/home/scott/ws_moveit/install/robotiq_description:/home/scott/ws_moveit/install/robotiq_controllers:/home/scott/ws_moveit/install/pilz_industrial_motion_planner_testutils:/home/scott/ws_moveit/install/moveit_runtime:/home/scott/ws_moveit/install/moveit:/home/scott/ws_moveit/install/moveit_planners:/home/scott/ws_moveit/install/pilz_industrial_motion_planner:/home/scott/ws_moveit/install/moveit_task_constructor_msgs:/home/scott/ws_moveit/install/moveit_ros_control_interface:/home/scott/ws_moveit/install/moveit_plugins:/home/scott/ws_moveit/install/moveit_simple_controller_manager:/home/scott/ws_moveit/install/moveit_setup_assistant:/home/scott/ws_moveit/install/moveit_setup_srdf_plugins:/home/scott/ws_moveit/install/moveit_setup_core_plugins:/home/scott/ws_moveit/install/moveit_setup_controllers:/home/scott/ws_moveit/install/moveit_setup_app_plugins:/home/scott/ws_moveit/install/moveit_setup_framework:/home/scott/ws_moveit/install/moveit_servo:/home/scott/ws_moveit/install/moveit_ros_trajectory_cache:/home/scott/ws_moveit/install/moveit_ros:/home/scott/ws_moveit/install/moveit_ros_visualization:/home/scott/ws_moveit/install/moveit_py:/home/scott/ws_moveit/install/moveit_hybrid_planning:/home/scott/ws_moveit/install/hello_moveit:/home/scott/ws_moveit/install/moveit_ros_planning_interface:/home/scott/ws_moveit/install/moveit_ros_benchmarks:/home/scott/ws_moveit/install/moveit_ros_warehouse:/home/scott/ws_moveit/install/moveit_ros_robot_interaction:/home/scott/ws_moveit/install/moveit_ros_perception:/home/scott/ws_moveit/install/moveit_resources_prbt_pg70_support:/home/scott/ws_moveit/install/moveit_resources_prbt_moveit_config:/home/scott/ws_moveit/install/moveit_ros_move_group:/home/scott/ws_moveit/install/moveit_planners_ompl:/home/scott/ws_moveit/install/moveit_kinematics:/home/scott/ws_moveit/install/moveit_ros_planning:/home/scott/ws_moveit/install/moveit_ros_occupancy_map_monitor:/home/scott/ws_moveit/install/moveit_resources_prbt_support:/home/scott/ws_moveit/install/moveit_resources_prbt_ikfast_manipulator_plugin:/home/scott/ws_moveit/install/moveit_resources:/home/scott/ws_moveit/install/moveit_resources_pr2_description:/home/scott/ws_moveit/install/moveit_resources_panda_moveit_config:/home/scott/ws_moveit/install/dual_arm_panda_moveit_config:/home/scott/ws_moveit/install/moveit_resources_panda_description:/home/scott/ws_moveit/install/moveit_resources_fanuc_moveit_config:/home/scott/ws_moveit/install/moveit_resources_fanuc_description:/home/scott/ws_moveit/install/moveit_planners_stomp:/home/scott/ws_moveit/install/moveit_planners_chomp:/home/scott/ws_moveit/install/chomp_motion_planner:/home/scott/ws_moveit/install/moveit_core:/home/scott/ws_moveit/install/moveit_msgs:/home/scott/ws_moveit/install/moveit_common:/home/scott/ws_moveit/install/kortex_driver:/home/scott/ws_moveit/install/kortex_api:/opt/ros/jazzy/opt/gz_sim_vendor:/opt/ros/jazzy/opt/gz_sensors_vendor:/opt/ros/jazzy/opt/gz_physics_vendor:/opt/ros/jazzy/opt/sdformat_vendor:/opt/ros/jazzy/opt/gz_gui_vendor:/opt/ros/jazzy/opt/gz_transport_vendor:/opt/ros/jazzy/opt/gz_rendering_vendor:/opt/ros/jazzy/opt/gz_plugin_vendor:/opt/ros/jazzy/opt/gz_fuel_tools_vendor:/opt/ros/jazzy/opt/gz_msgs_vendor:/opt/ros/jazzy/opt/gz_common_vendor:/opt/ros/jazzy/opt/gz_math_vendor:/opt/ros/jazzy/opt/gz_utils_vendor:/opt/ros/jazzy/opt/gz_tools_vendor:/opt/ros/jazzy/opt/gz_ogre_next_vendor:/opt/ros/jazzy/opt/gz_dartsim_vendor:/opt/ros/jazzy/opt/gz_cmake_vendor:/home/scott/mercer_garm/ros2/install/mercer_robot_commander_py:/home/scott/mercer_garm/ros2/install/mercer_g_arm_desktop_bringup:/home/scott/mercer_garm/ros2/install/mercer_g_arm_sim:/home/scott/mercer_garm/ros2/install/mercer_g_arm_rpi_bringup:/home/scott/mercer_garm/ros2/install/mercer_g_arm:/home/scott/mercer_garm/ros2/install/mercer_g-arm_rpi_bringup:/home/scott/mercer_garm/ros2/install/mercer_g-arm_desktop_bringup:/home/scott/mercer_garm/ros2/install/joy_js_pkg:/home/scott/mercer_garm/ros2/install/garm_motion_planning_demos:/home/scott/mercer_garm/ros2/install/g_arm_trajectory_bridge:/home/scott/mercer_garm/ros2/install/g_arm_python_examples:/home/scott/mercer_garm/ros2/install/g-arm_simulation:/home/scott/mercer_garm/ros2/install/g_arm:/home/scott/mercer_garm_ws/install/mercer_g_arm_desktop_bringup:/home/scott/mercer_garm_ws/install/mercer_robot_commander_py:/home/scott/mercer_garm_ws/install/mercer_g_arm_sim:/home/scott/mercer_garm_ws/install/mercer_g_arm_rpi_bringup:/home/scott/mercer_garm_ws/install/mercer_g_arm:/home/scott/mercer_garm_ws/install/mercer_g-arm_rpi_bringup:/home/scott/mercer_garm_ws/install/mercer_g-arm_desktop_bringup:/home/scott/mercer_garm_ws/install/joy_js_pkg:/home/scott/mercer_garm_ws/install/garm_motion_planning_demos:/home/scott/mercer_garm_ws/install/g_arm_trajectory_bridge:/home/scott/mercer_garm_ws/install/g_arm_python_examples:/home/scott/mercer_garm_ws/install/g-arm_simulation:/home/scott/mercer_garm_ws/install/g_arm:/home/scott/ros2_ws/install/joy_js_pkg:/home/scott/ros2_ws/install/garm_motion_planning_demos:/home/scott/ros2_ws/install/g_arm_trajectory_bridge:/home/scott/ros2_ws/install/g_arm_python_examples:/home/scott/ros2_ws/install/g-arm_simulation:/home/scott/ros2_ws/install/g_arm:/home/scott/ws_moveit/install/moveit_configs_utils:/opt/ros/jazzy DEBUGINFOD_URLS=https://debuginfod.ubuntu.com PS1=(ros2_venv) \[\e]0;\u@\h: \w\a\]${debian_chroot:+($debian_chroot)}\[\033[01;32m\]\u@\h\[\033[00m\]:\[\033[01;34m\]\w\[\033[00m\]\$ VIRTUAL_ENV_PROMPT=(ros2_venv) /snap/bin/cmake --install /home/scott/mercer_garm/ros2/build/g_arm_moveit2
[7.166s] Level 1:colcon.colcon_core.environment:create_environment_scripts_only(g_arm_moveit2)
[7.166s] Level 1:colcon.colcon_core.environment:checking '/home/scott/mercer_garm/ros2/install/g_arm_moveit2' for CMake module files
[7.167s] Level 1:colcon.colcon_core.environment:checking '/home/scott/mercer_garm/ros2/install/g_arm_moveit2' for CMake config files
[7.167s] Level 1:colcon.colcon_core.shell:create_environment_hook('g_arm_moveit2', 'cmake_prefix_path')
[7.167s] INFO:colcon.colcon_core.shell:Creating environment hook '/home/scott/mercer_garm/ros2/install/g_arm_moveit2/share/g_arm_moveit2/hook/cmake_prefix_path.ps1'
[7.167s] INFO:colcon.colcon_core.shell:Creating environment descriptor '/home/scott/mercer_garm/ros2/install/g_arm_moveit2/share/g_arm_moveit2/hook/cmake_prefix_path.dsv'
[7.168s] DEBUG:colcon.colcon_core.event_handler.log_command:Invoked command in '/home/scott/mercer_garm/ros2/build/g_arm_moveit2' returned '0': AMENT_PREFIX_PATH=/home/scott/mercer_garm/ros2/install/g_arm_description:${AMENT_PREFIX_PATH} CMAKE_PREFIX_PATH=/home/scott/mercer_garm/ros2/install/g_arm_description:/home/scott/mercer_garm/ros2/install/pymoveit2:/home/scott/mercer_garm/ros2/install/pi_gpio_interface:/home/scott/mercer_garm/ros2/install/mercer_robot_commander_cpp:/home/scott/mercer_garm/ros2/install/mercer_g_arm_topic_hw:/home/scott/mercer_garm/ros2/install/g_arm_msgs:/home/scott/mercer_garm/ros2/install/g_arm_moveit2:/home/scott/mercer_garm/ros2/install/g-arm_demos:/home/scott/mercer_garm_ws/install/pymoveit2:/home/scott/mercer_garm_ws/install/pi_gpio_interface:/home/scott/mercer_garm_ws/install/mercer_robot_commander_cpp:/home/scott/mercer_garm_ws/install/mercer_g_arm_topic_hw:/home/scott/mercer_garm_ws/install/g_arm_msgs:/home/scott/mercer_garm_ws/install/g_arm_moveit2:/home/scott/mercer_garm_ws/install/g_arm_description:/home/scott/mercer_garm_ws/install/g-arm_demos:/home/scott/ros2_ws/install/rviz_marker_tools:/home/scott/ros2_ws/install/pymoveit2:/home/scott/ros2_ws/install/moveit_task_constructor_msgs:/home/scott/ros2_ws/install/g_arm_moveit2:/home/scott/ros2_ws/install/g_arm_description:/home/scott/ros2_ws/install/g-arm_demos:/home/scott/ws_moveit/install/robotiq_hardware_tests:/home/scott/ws_moveit/install/robotiq_driver:/home/scott/ws_moveit/install/serial:/home/scott/ws_moveit/install/moveit2_tutorials:/home/scott/ws_moveit/install/moveit_visual_tools:/home/scott/ws_moveit/install/rviz_visual_tools:/home/scott/ws_moveit/install/moveit_task_constructor_demo:/home/scott/ws_moveit/install/moveit_task_constructor_visualization:/home/scott/ws_moveit/install/moveit_task_constructor_capabilities:/home/scott/ws_moveit/install/moveit_task_constructor_core:/home/scott/ws_moveit/install/rviz_marker_tools:/home/scott/ws_moveit/install/kortex_bringup:/home/scott/ws_moveit/install/kinova_gen3_lite_moveit_config:/home/scott/ws_moveit/install/kinova_gen3_7dof_robotiq_2f_85_moveit_config:/home/scott/ws_moveit/install/kinova_gen3_6dof_robotiq_2f_85_moveit_config:/home/scott/ws_moveit/install/kortex_description:/home/scott/ws_moveit/install/robotiq_description:/home/scott/ws_moveit/install/robotiq_controllers:/home/scott/ws_moveit/install/pilz_industrial_motion_planner_testutils:/home/scott/ws_moveit/install/moveit_runtime:/home/scott/ws_moveit/install/moveit:/home/scott/ws_moveit/install/moveit_planners:/home/scott/ws_moveit/install/pilz_industrial_motion_planner:/home/scott/ws_moveit/install/moveit_task_constructor_msgs:/home/scott/ws_moveit/install/moveit_ros_control_interface:/home/scott/ws_moveit/install/moveit_plugins:/home/scott/ws_moveit/install/moveit_simple_controller_manager:/home/scott/ws_moveit/install/moveit_setup_assistant:/home/scott/ws_moveit/install/moveit_setup_srdf_plugins:/home/scott/ws_moveit/install/moveit_setup_core_plugins:/home/scott/ws_moveit/install/moveit_setup_controllers:/home/scott/ws_moveit/install/moveit_setup_app_plugins:/home/scott/ws_moveit/install/moveit_setup_framework:/home/scott/ws_moveit/install/moveit_servo:/home/scott/ws_moveit/install/moveit_ros_trajectory_cache:/home/scott/ws_moveit/install/moveit_ros:/home/scott/ws_moveit/install/moveit_ros_visualization:/home/scott/ws_moveit/install/moveit_py:/home/scott/ws_moveit/install/moveit_hybrid_planning:/home/scott/ws_moveit/install/hello_moveit:/home/scott/ws_moveit/install/moveit_ros_planning_interface:/home/scott/ws_moveit/install/moveit_ros_benchmarks:/home/scott/ws_moveit/install/moveit_ros_warehouse:/home/scott/ws_moveit/install/moveit_ros_robot_interaction:/home/scott/ws_moveit/install/moveit_ros_perception:/home/scott/ws_moveit/install/moveit_resources_prbt_pg70_support:/home/scott/ws_moveit/install/moveit_resources_prbt_moveit_config:/home/scott/ws_moveit/install/moveit_ros_move_group:/home/scott/ws_moveit/install/moveit_planners_ompl:/home/scott/ws_moveit/install/moveit_kinematics:/home/scott/ws_moveit/install/moveit_ros_planning:/home/scott/ws_moveit/install/moveit_ros_occupancy_map_monitor:/home/scott/ws_moveit/install/moveit_resources_prbt_support:/home/scott/ws_moveit/install/moveit_resources_prbt_ikfast_manipulator_plugin:/home/scott/ws_moveit/install/moveit_resources:/home/scott/ws_moveit/install/moveit_resources_pr2_description:/home/scott/ws_moveit/install/moveit_resources_panda_moveit_config:/home/scott/ws_moveit/install/dual_arm_panda_moveit_config:/home/scott/ws_moveit/install/moveit_resources_panda_description:/home/scott/ws_moveit/install/moveit_resources_fanuc_moveit_config:/home/scott/ws_moveit/install/moveit_resources_fanuc_description:/home/scott/ws_moveit/install/moveit_planners_stomp:/home/scott/ws_moveit/install/moveit_planners_chomp:/home/scott/ws_moveit/install/chomp_motion_planner:/home/scott/ws_moveit/install/moveit_core:/home/scott/ws_moveit/install/moveit_msgs:/home/scott/ws_moveit/install/moveit_common:/home/scott/ws_moveit/install/kortex_driver:/home/scott/ws_moveit/install/kortex_api:/opt/ros/jazzy/opt/gz_sim_vendor:/opt/ros/jazzy/opt/gz_sensors_vendor:/opt/ros/jazzy/opt/gz_physics_vendor:/opt/ros/jazzy/opt/sdformat_vendor:/opt/ros/jazzy/opt/gz_gui_vendor:/opt/ros/jazzy/opt/gz_transport_vendor:/opt/ros/jazzy/opt/gz_rendering_vendor:/opt/ros/jazzy/opt/gz_plugin_vendor:/opt/ros/jazzy/opt/gz_fuel_tools_vendor:/opt/ros/jazzy/opt/gz_msgs_vendor:/opt/ros/jazzy/opt/gz_common_vendor:/opt/ros/jazzy/opt/gz_math_vendor:/opt/ros/jazzy/opt/gz_utils_vendor:/opt/ros/jazzy/opt/gz_tools_vendor:/opt/ros/jazzy/opt/gz_ogre_next_vendor:/opt/ros/jazzy/opt/gz_dartsim_vendor:/opt/ros/jazzy/opt/gz_cmake_vendor:/home/scott/mercer_garm/ros2/install/mercer_robot_commander_py:/home/scott/mercer_garm/ros2/install/mercer_g_arm_desktop_bringup:/home/scott/mercer_garm/ros2/install/mercer_g_arm_sim:/home/scott/mercer_garm/ros2/install/mercer_g_arm_rpi_bringup:/home/scott/mercer_garm/ros2/install/mercer_g_arm:/home/scott/mercer_garm/ros2/install/mercer_g-arm_rpi_bringup:/home/scott/mercer_garm/ros2/install/mercer_g-arm_desktop_bringup:/home/scott/mercer_garm/ros2/install/joy_js_pkg:/home/scott/mercer_garm/ros2/install/garm_motion_planning_demos:/home/scott/mercer_garm/ros2/install/g_arm_trajectory_bridge:/home/scott/mercer_garm/ros2/install/g_arm_python_examples:/home/scott/mercer_garm/ros2/install/g-arm_simulation:/home/scott/mercer_garm/ros2/install/g_arm:/home/scott/mercer_garm_ws/install/mercer_g_arm_desktop_bringup:/home/scott/mercer_garm_ws/install/mercer_robot_commander_py:/home/scott/mercer_garm_ws/install/mercer_g_arm_sim:/home/scott/mercer_garm_ws/install/mercer_g_arm_rpi_bringup:/home/scott/mercer_garm_ws/install/mercer_g_arm:/home/scott/mercer_garm_ws/install/mercer_g-arm_rpi_bringup:/home/scott/mercer_garm_ws/install/mercer_g-arm_desktop_bringup:/home/scott/mercer_garm_ws/install/joy_js_pkg:/home/scott/mercer_garm_ws/install/garm_motion_planning_demos:/home/scott/mercer_garm_ws/install/g_arm_trajectory_bridge:/home/scott/mercer_garm_ws/install/g_arm_python_examples:/home/scott/mercer_garm_ws/install/g-arm_simulation:/home/scott/mercer_garm_ws/install/g_arm:/home/scott/ros2_ws/install/joy_js_pkg:/home/scott/ros2_ws/install/garm_motion_planning_demos:/home/scott/ros2_ws/install/g_arm_trajectory_bridge:/home/scott/ros2_ws/install/g_arm_python_examples:/home/scott/ros2_ws/install/g-arm_simulation:/home/scott/ros2_ws/install/g_arm:/home/scott/ws_moveit/install/moveit_configs_utils:/opt/ros/jazzy DEBUGINFOD_URLS=https://debuginfod.ubuntu.com PS1=(ros2_venv) \[\e]0;\u@\h: \w\a\]${debian_chroot:+($debian_chroot)}\[\033[01;32m\]\u@\h\[\033[00m\]:\[\033[01;34m\]\w\[\033[00m\]\$ VIRTUAL_ENV_PROMPT=(ros2_venv) /snap/bin/cmake --install /home/scott/mercer_garm/ros2/build/g_arm_moveit2
[7.168s] INFO:colcon.colcon_core.shell:Creating environment hook '/home/scott/mercer_garm/ros2/install/g_arm_moveit2/share/g_arm_moveit2/hook/cmake_prefix_path.sh'
[7.169s] Level 1:colcon.colcon_core.environment:checking '/home/scott/mercer_garm/ros2/install/g_arm_moveit2/bin'
[7.169s] Level 1:colcon.colcon_core.environment:checking '/home/scott/mercer_garm/ros2/install/g_arm_moveit2/lib/pkgconfig/g_arm_moveit2.pc'
[7.169s] Level 1:colcon.colcon_core.environment:checking '/home/scott/mercer_garm/ros2/install/g_arm_moveit2/lib/python3.12/site-packages'
[7.170s] Level 1:colcon.colcon_core.environment:checking '/home/scott/mercer_garm/ros2/install/g_arm_moveit2/bin'
[7.170s] INFO:colcon.colcon_core.shell:Creating package script '/home/scott/mercer_garm/ros2/install/g_arm_moveit2/share/g_arm_moveit2/package.ps1'
[7.170s] INFO:colcon.colcon_core.shell:Creating package descriptor '/home/scott/mercer_garm/ros2/install/g_arm_moveit2/share/g_arm_moveit2/package.dsv'
[7.171s] INFO:colcon.colcon_core.shell:Creating package script '/home/scott/mercer_garm/ros2/install/g_arm_moveit2/share/g_arm_moveit2/package.sh'
[7.171s] INFO:colcon.colcon_core.shell:Creating package script '/home/scott/mercer_garm/ros2/install/g_arm_moveit2/share/g_arm_moveit2/package.bash'
[7.171s] INFO:colcon.colcon_core.shell:Creating package script '/home/scott/mercer_garm/ros2/install/g_arm_moveit2/share/g_arm_moveit2/package.zsh'
[7.172s] Level 1:colcon.colcon_core.environment:create_file_with_runtime_dependencies(/home/scott/mercer_garm/ros2/install/g_arm_moveit2/share/colcon-core/packages/g_arm_moveit2)
[7.172s] Level 1:colcon.colcon_core.environment:create_environment_scripts_only(g_arm_moveit2)
[7.172s] Level 1:colcon.colcon_core.environment:checking '/home/scott/mercer_garm/ros2/install/g_arm_moveit2' for CMake module files
[7.173s] Level 1:colcon.colcon_core.environment:checking '/home/scott/mercer_garm/ros2/install/g_arm_moveit2' for CMake config files
[7.173s] Level 1:colcon.colcon_core.shell:create_environment_hook('g_arm_moveit2', 'cmake_prefix_path')
[7.173s] INFO:colcon.colcon_core.shell:Creating environment hook '/home/scott/mercer_garm/ros2/install/g_arm_moveit2/share/g_arm_moveit2/hook/cmake_prefix_path.ps1'
[7.174s] INFO:colcon.colcon_core.shell:Creating environment descriptor '/home/scott/mercer_garm/ros2/install/g_arm_moveit2/share/g_arm_moveit2/hook/cmake_prefix_path.dsv'
[7.174s] INFO:colcon.colcon_core.shell:Creating environment hook '/home/scott/mercer_garm/ros2/install/g_arm_moveit2/share/g_arm_moveit2/hook/cmake_prefix_path.sh'
[7.175s] Level 1:colcon.colcon_core.environment:checking '/home/scott/mercer_garm/ros2/install/g_arm_moveit2/bin'
[7.175s] Level 1:colcon.colcon_core.environment:checking '/home/scott/mercer_garm/ros2/install/g_arm_moveit2/lib/pkgconfig/g_arm_moveit2.pc'
[7.175s] Level 1:colcon.colcon_core.environment:checking '/home/scott/mercer_garm/ros2/install/g_arm_moveit2/lib/python3.12/site-packages'
[7.175s] Level 1:colcon.colcon_core.environment:checking '/home/scott/mercer_garm/ros2/install/g_arm_moveit2/bin'
[7.176s] INFO:colcon.colcon_core.shell:Creating package script '/home/scott/mercer_garm/ros2/install/g_arm_moveit2/share/g_arm_moveit2/package.ps1'
[7.176s] INFO:colcon.colcon_core.shell:Creating package descriptor '/home/scott/mercer_garm/ros2/install/g_arm_moveit2/share/g_arm_moveit2/package.dsv'
[7.176s] INFO:colcon.colcon_core.shell:Creating package script '/home/scott/mercer_garm/ros2/install/g_arm_moveit2/share/g_arm_moveit2/package.sh'
[7.177s] INFO:colcon.colcon_core.shell:Creating package script '/home/scott/mercer_garm/ros2/install/g_arm_moveit2/share/g_arm_moveit2/package.bash'
[7.177s] INFO:colcon.colcon_core.shell:Creating package script '/home/scott/mercer_garm/ros2/install/g_arm_moveit2/share/g_arm_moveit2/package.zsh'
[7.178s] Level 1:colcon.colcon_core.environment:create_file_with_runtime_dependencies(/home/scott/mercer_garm/ros2/install/g_arm_moveit2/share/colcon-core/packages/g_arm_moveit2)
[7.178s] INFO:colcon.colcon_ros.task.ament_python.build:Building ROS package in '/home/scott/mercer_garm/ros2/src/mercer_g_arm_sim' with build type 'ament_python'
[7.178s] Level 1:colcon.colcon_core.shell:create_environment_hook('mercer_g_arm_sim', 'ament_prefix_path')
[7.178s] INFO:colcon.colcon_core.shell:Creating environment hook '/home/scott/mercer_garm/ros2/install/mercer_g_arm_sim/share/mercer_g_arm_sim/hook/ament_prefix_path.ps1'
[7.179s] INFO:colcon.colcon_core.shell:Creating environment descriptor '/home/scott/mercer_garm/ros2/install/mercer_g_arm_sim/share/mercer_g_arm_sim/hook/ament_prefix_path.dsv'
[7.179s] INFO:colcon.colcon_core.shell:Creating environment hook '/home/scott/mercer_garm/ros2/install/mercer_g_arm_sim/share/mercer_g_arm_sim/hook/ament_prefix_path.sh'
[7.180s] INFO:colcon.colcon_core.shell:Skip shell extension 'powershell' for command environment: Not usable outside of PowerShell
[7.180s] DEBUG:colcon.colcon_core.shell:Skip shell extension 'dsv' for command environment
[7.541s] INFO:colcon.colcon_core.task.python.build:Building Python package in '/home/scott/mercer_garm/ros2/src/mercer_g_arm_sim'
[7.541s] INFO:colcon.colcon_core.shell:Skip shell extension 'powershell' for command environment: Not usable outside of PowerShell
[7.541s] DEBUG:colcon.colcon_core.shell:Skip shell extension 'dsv' for command environment
[8.608s] DEBUG:colcon.colcon_core.event_handler.log_command:Invoking command in '/home/scott/mercer_garm/ros2/src/mercer_g_arm_sim': AMENT_PREFIX_PATH=/home/scott/mercer_garm/ros2/install/g_arm_moveit2:/home/scott/mercer_garm/ros2/install/g_arm_description:${AMENT_PREFIX_PATH} CMAKE_PREFIX_PATH=/home/scott/mercer_garm/ros2/install/g_arm_moveit2:/home/scott/mercer_garm/ros2/install/g_arm_description:/home/scott/mercer_garm/ros2/install/pymoveit2:/home/scott/mercer_garm/ros2/install/pi_gpio_interface:/home/scott/mercer_garm/ros2/install/mercer_robot_commander_cpp:/home/scott/mercer_garm/ros2/install/mercer_g_arm_topic_hw:/home/scott/mercer_garm/ros2/install/g_arm_msgs:/home/scott/mercer_garm/ros2/install/g-arm_demos:/home/scott/mercer_garm_ws/install/pymoveit2:/home/scott/mercer_garm_ws/install/pi_gpio_interface:/home/scott/mercer_garm_ws/install/mercer_robot_commander_cpp:/home/scott/mercer_garm_ws/install/mercer_g_arm_topic_hw:/home/scott/mercer_garm_ws/install/g_arm_msgs:/home/scott/mercer_garm_ws/install/g_arm_moveit2:/home/scott/mercer_garm_ws/install/g_arm_description:/home/scott/mercer_garm_ws/install/g-arm_demos:/home/scott/ros2_ws/install/rviz_marker_tools:/home/scott/ros2_ws/install/pymoveit2:/home/scott/ros2_ws/install/moveit_task_constructor_msgs:/home/scott/ros2_ws/install/g_arm_moveit2:/home/scott/ros2_ws/install/g_arm_description:/home/scott/ros2_ws/install/g-arm_demos:/home/scott/ws_moveit/install/robotiq_hardware_tests:/home/scott/ws_moveit/install/robotiq_driver:/home/scott/ws_moveit/install/serial:/home/scott/ws_moveit/install/moveit2_tutorials:/home/scott/ws_moveit/install/moveit_visual_tools:/home/scott/ws_moveit/install/rviz_visual_tools:/home/scott/ws_moveit/install/moveit_task_constructor_demo:/home/scott/ws_moveit/install/moveit_task_constructor_visualization:/home/scott/ws_moveit/install/moveit_task_constructor_capabilities:/home/scott/ws_moveit/install/moveit_task_constructor_core:/home/scott/ws_moveit/install/rviz_marker_tools:/home/scott/ws_moveit/install/kortex_bringup:/home/scott/ws_moveit/install/kinova_gen3_lite_moveit_config:/home/scott/ws_moveit/install/kinova_gen3_7dof_robotiq_2f_85_moveit_config:/home/scott/ws_moveit/install/kinova_gen3_6dof_robotiq_2f_85_moveit_config:/home/scott/ws_moveit/install/kortex_description:/home/scott/ws_moveit/install/robotiq_description:/home/scott/ws_moveit/install/robotiq_controllers:/home/scott/ws_moveit/install/pilz_industrial_motion_planner_testutils:/home/scott/ws_moveit/install/moveit_runtime:/home/scott/ws_moveit/install/moveit:/home/scott/ws_moveit/install/moveit_planners:/home/scott/ws_moveit/install/pilz_industrial_motion_planner:/home/scott/ws_moveit/install/moveit_task_constructor_msgs:/home/scott/ws_moveit/install/moveit_ros_control_interface:/home/scott/ws_moveit/install/moveit_plugins:/home/scott/ws_moveit/install/moveit_simple_controller_manager:/home/scott/ws_moveit/install/moveit_setup_assistant:/home/scott/ws_moveit/install/moveit_setup_srdf_plugins:/home/scott/ws_moveit/install/moveit_setup_core_plugins:/home/scott/ws_moveit/install/moveit_setup_controllers:/home/scott/ws_moveit/install/moveit_setup_app_plugins:/home/scott/ws_moveit/install/moveit_setup_framework:/home/scott/ws_moveit/install/moveit_servo:/home/scott/ws_moveit/install/moveit_ros_trajectory_cache:/home/scott/ws_moveit/install/moveit_ros:/home/scott/ws_moveit/install/moveit_ros_visualization:/home/scott/ws_moveit/install/moveit_py:/home/scott/ws_moveit/install/moveit_hybrid_planning:/home/scott/ws_moveit/install/hello_moveit:/home/scott/ws_moveit/install/moveit_ros_planning_interface:/home/scott/ws_moveit/install/moveit_ros_benchmarks:/home/scott/ws_moveit/install/moveit_ros_warehouse:/home/scott/ws_moveit/install/moveit_ros_robot_interaction:/home/scott/ws_moveit/install/moveit_ros_perception:/home/scott/ws_moveit/install/moveit_resources_prbt_pg70_support:/home/scott/ws_moveit/install/moveit_resources_prbt_moveit_config:/home/scott/ws_moveit/install/moveit_ros_move_group:/home/scott/ws_moveit/install/moveit_planners_ompl:/home/scott/ws_moveit/install/moveit_kinematics:/home/scott/ws_moveit/install/moveit_ros_planning:/home/scott/ws_moveit/install/moveit_ros_occupancy_map_monitor:/home/scott/ws_moveit/install/moveit_resources_prbt_support:/home/scott/ws_moveit/install/moveit_resources_prbt_ikfast_manipulator_plugin:/home/scott/ws_moveit/install/moveit_resources:/home/scott/ws_moveit/install/moveit_resources_pr2_description:/home/scott/ws_moveit/install/moveit_resources_panda_moveit_config:/home/scott/ws_moveit/install/dual_arm_panda_moveit_config:/home/scott/ws_moveit/install/moveit_resources_panda_description:/home/scott/ws_moveit/install/moveit_resources_fanuc_moveit_config:/home/scott/ws_moveit/install/moveit_resources_fanuc_description:/home/scott/ws_moveit/install/moveit_planners_stomp:/home/scott/ws_moveit/install/moveit_planners_chomp:/home/scott/ws_moveit/install/chomp_motion_planner:/home/scott/ws_moveit/install/moveit_core:/home/scott/ws_moveit/install/moveit_msgs:/home/scott/ws_moveit/install/moveit_common:/home/scott/ws_moveit/install/kortex_driver:/home/scott/ws_moveit/install/kortex_api:/opt/ros/jazzy/opt/gz_sim_vendor:/opt/ros/jazzy/opt/gz_sensors_vendor:/opt/ros/jazzy/opt/gz_physics_vendor:/opt/ros/jazzy/opt/sdformat_vendor:/opt/ros/jazzy/opt/gz_gui_vendor:/opt/ros/jazzy/opt/gz_transport_vendor:/opt/ros/jazzy/opt/gz_rendering_vendor:/opt/ros/jazzy/opt/gz_plugin_vendor:/opt/ros/jazzy/opt/gz_fuel_tools_vendor:/opt/ros/jazzy/opt/gz_msgs_vendor:/opt/ros/jazzy/opt/gz_common_vendor:/opt/ros/jazzy/opt/gz_math_vendor:/opt/ros/jazzy/opt/gz_utils_vendor:/opt/ros/jazzy/opt/gz_tools_vendor:/opt/ros/jazzy/opt/gz_ogre_next_vendor:/opt/ros/jazzy/opt/gz_dartsim_vendor:/opt/ros/jazzy/opt/gz_cmake_vendor DEBUGINFOD_URLS=https://debuginfod.ubuntu.com PS1=(ros2_venv) \[\e]0;\u@\h: \w\a\]${debian_chroot:+($debian_chroot)}\[\033[01;32m\]\u@\h\[\033[00m\]:\[\033[01;34m\]\w\[\033[00m\]\$ PYTHONPATH=/home/scott/mercer_garm/ros2/build/mercer_g_arm_sim/prefix_override:/usr/lib/python3/dist-packages/colcon_core/task/python/colcon_distutils_commands:/home/scott/mercer_garm/ros2/install/mercer_g_arm_sim/lib/python3.12/site-packages:${PYTHONPATH} VIRTUAL_ENV_PROMPT=(ros2_venv) /usr/bin/python3 -W ignore:setup.py install is deprecated -W ignore:easy_install command is deprecated setup.py egg_info --egg-base ../../build/mercer_g_arm_sim build --build-base /home/scott/mercer_garm/ros2/build/mercer_g_arm_sim/build install --record /home/scott/mercer_garm/ros2/build/mercer_g_arm_sim/install.log --single-version-externally-managed install_data
[9.614s] Level 1:colcon.colcon_core.environment:checking '/home/scott/mercer_garm/ros2/install/mercer_g_arm_sim' for CMake module files
[9.615s] Level 1:colcon.colcon_core.environment:checking '/home/scott/mercer_garm/ros2/install/mercer_g_arm_sim' for CMake config files
[9.615s] DEBUG:colcon.colcon_core.event_handler.log_command:Invoked command in '/home/scott/mercer_garm/ros2/src/mercer_g_arm_sim' returned '0': AMENT_PREFIX_PATH=/home/scott/mercer_garm/ros2/install/g_arm_moveit2:/home/scott/mercer_garm/ros2/install/g_arm_description:${AMENT_PREFIX_PATH} CMAKE_PREFIX_PATH=/home/scott/mercer_garm/ros2/install/g_arm_moveit2:/home/scott/mercer_garm/ros2/install/g_arm_description:/home/scott/mercer_garm/ros2/install/pymoveit2:/home/scott/mercer_garm/ros2/install/pi_gpio_interface:/home/scott/mercer_garm/ros2/install/mercer_robot_commander_cpp:/home/scott/mercer_garm/ros2/install/mercer_g_arm_topic_hw:/home/scott/mercer_garm/ros2/install/g_arm_msgs:/home/scott/mercer_garm/ros2/install/g-arm_demos:/home/scott/mercer_garm_ws/install/pymoveit2:/home/scott/mercer_garm_ws/install/pi_gpio_interface:/home/scott/mercer_garm_ws/install/mercer_robot_commander_cpp:/home/scott/mercer_garm_ws/install/mercer_g_arm_topic_hw:/home/scott/mercer_garm_ws/install/g_arm_msgs:/home/scott/mercer_garm_ws/install/g_arm_moveit2:/home/scott/mercer_garm_ws/install/g_arm_description:/home/scott/mercer_garm_ws/install/g-arm_demos:/home/scott/ros2_ws/install/rviz_marker_tools:/home/scott/ros2_ws/install/pymoveit2:/home/scott/ros2_ws/install/moveit_task_constructor_msgs:/home/scott/ros2_ws/install/g_arm_moveit2:/home/scott/ros2_ws/install/g_arm_description:/home/scott/ros2_ws/install/g-arm_demos:/home/scott/ws_moveit/install/robotiq_hardware_tests:/home/scott/ws_moveit/install/robotiq_driver:/home/scott/ws_moveit/install/serial:/home/scott/ws_moveit/install/moveit2_tutorials:/home/scott/ws_moveit/install/moveit_visual_tools:/home/scott/ws_moveit/install/rviz_visual_tools:/home/scott/ws_moveit/install/moveit_task_constructor_demo:/home/scott/ws_moveit/install/moveit_task_constructor_visualization:/home/scott/ws_moveit/install/moveit_task_constructor_capabilities:/home/scott/ws_moveit/install/moveit_task_constructor_core:/home/scott/ws_moveit/install/rviz_marker_tools:/home/scott/ws_moveit/install/kortex_bringup:/home/scott/ws_moveit/install/kinova_gen3_lite_moveit_config:/home/scott/ws_moveit/install/kinova_gen3_7dof_robotiq_2f_85_moveit_config:/home/scott/ws_moveit/install/kinova_gen3_6dof_robotiq_2f_85_moveit_config:/home/scott/ws_moveit/install/kortex_description:/home/scott/ws_moveit/install/robotiq_description:/home/scott/ws_moveit/install/robotiq_controllers:/home/scott/ws_moveit/install/pilz_industrial_motion_planner_testutils:/home/scott/ws_moveit/install/moveit_runtime:/home/scott/ws_moveit/install/moveit:/home/scott/ws_moveit/install/moveit_planners:/home/scott/ws_moveit/install/pilz_industrial_motion_planner:/home/scott/ws_moveit/install/moveit_task_constructor_msgs:/home/scott/ws_moveit/install/moveit_ros_control_interface:/home/scott/ws_moveit/install/moveit_plugins:/home/scott/ws_moveit/install/moveit_simple_controller_manager:/home/scott/ws_moveit/install/moveit_setup_assistant:/home/scott/ws_moveit/install/moveit_setup_srdf_plugins:/home/scott/ws_moveit/install/moveit_setup_core_plugins:/home/scott/ws_moveit/install/moveit_setup_controllers:/home/scott/ws_moveit/install/moveit_setup_app_plugins:/home/scott/ws_moveit/install/moveit_setup_framework:/home/scott/ws_moveit/install/moveit_servo:/home/scott/ws_moveit/install/moveit_ros_trajectory_cache:/home/scott/ws_moveit/install/moveit_ros:/home/scott/ws_moveit/install/moveit_ros_visualization:/home/scott/ws_moveit/install/moveit_py:/home/scott/ws_moveit/install/moveit_hybrid_planning:/home/scott/ws_moveit/install/hello_moveit:/home/scott/ws_moveit/install/moveit_ros_planning_interface:/home/scott/ws_moveit/install/moveit_ros_benchmarks:/home/scott/ws_moveit/install/moveit_ros_warehouse:/home/scott/ws_moveit/install/moveit_ros_robot_interaction:/home/scott/ws_moveit/install/moveit_ros_perception:/home/scott/ws_moveit/install/moveit_resources_prbt_pg70_support:/home/scott/ws_moveit/install/moveit_resources_prbt_moveit_config:/home/scott/ws_moveit/install/moveit_ros_move_group:/home/scott/ws_moveit/install/moveit_planners_ompl:/home/scott/ws_moveit/install/moveit_kinematics:/home/scott/ws_moveit/install/moveit_ros_planning:/home/scott/ws_moveit/install/moveit_ros_occupancy_map_monitor:/home/scott/ws_moveit/install/moveit_resources_prbt_support:/home/scott/ws_moveit/install/moveit_resources_prbt_ikfast_manipulator_plugin:/home/scott/ws_moveit/install/moveit_resources:/home/scott/ws_moveit/install/moveit_resources_pr2_description:/home/scott/ws_moveit/install/moveit_resources_panda_moveit_config:/home/scott/ws_moveit/install/dual_arm_panda_moveit_config:/home/scott/ws_moveit/install/moveit_resources_panda_description:/home/scott/ws_moveit/install/moveit_resources_fanuc_moveit_config:/home/scott/ws_moveit/install/moveit_resources_fanuc_description:/home/scott/ws_moveit/install/moveit_planners_stomp:/home/scott/ws_moveit/install/moveit_planners_chomp:/home/scott/ws_moveit/install/chomp_motion_planner:/home/scott/ws_moveit/install/moveit_core:/home/scott/ws_moveit/install/moveit_msgs:/home/scott/ws_moveit/install/moveit_common:/home/scott/ws_moveit/install/kortex_driver:/home/scott/ws_moveit/install/kortex_api:/opt/ros/jazzy/opt/gz_sim_vendor:/opt/ros/jazzy/opt/gz_sensors_vendor:/opt/ros/jazzy/opt/gz_physics_vendor:/opt/ros/jazzy/opt/sdformat_vendor:/opt/ros/jazzy/opt/gz_gui_vendor:/opt/ros/jazzy/opt/gz_transport_vendor:/opt/ros/jazzy/opt/gz_rendering_vendor:/opt/ros/jazzy/opt/gz_plugin_vendor:/opt/ros/jazzy/opt/gz_fuel_tools_vendor:/opt/ros/jazzy/opt/gz_msgs_vendor:/opt/ros/jazzy/opt/gz_common_vendor:/opt/ros/jazzy/opt/gz_math_vendor:/opt/ros/jazzy/opt/gz_utils_vendor:/opt/ros/jazzy/opt/gz_tools_vendor:/opt/ros/jazzy/opt/gz_ogre_next_vendor:/opt/ros/jazzy/opt/gz_dartsim_vendor:/opt/ros/jazzy/opt/gz_cmake_vendor DEBUGINFOD_URLS=https://debuginfod.ubuntu.com PS1=(ros2_venv) \[\e]0;\u@\h: \w\a\]${debian_chroot:+($debian_chroot)}\[\033[01;32m\]\u@\h\[\033[00m\]:\[\033[01;34m\]\w\[\033[00m\]\$ PYTHONPATH=/home/scott/mercer_garm/ros2/build/mercer_g_arm_sim/prefix_override:/usr/lib/python3/dist-packages/colcon_core/task/python/colcon_distutils_commands:/home/scott/mercer_garm/ros2/install/mercer_g_arm_sim/lib/python3.12/site-packages:${PYTHONPATH} VIRTUAL_ENV_PROMPT=(ros2_venv) /usr/bin/python3 -W ignore:setup.py install is deprecated -W ignore:easy_install command is deprecated setup.py egg_info --egg-base ../../build/mercer_g_arm_sim build --build-base /home/scott/mercer_garm/ros2/build/mercer_g_arm_sim/build install --record /home/scott/mercer_garm/ros2/build/mercer_g_arm_sim/install.log --single-version-externally-managed install_data
[9.616s] Level 1:colcon.colcon_core.environment:checking '/home/scott/mercer_garm/ros2/install/mercer_g_arm_sim/lib'
[9.616s] Level 1:colcon.colcon_core.environment:checking '/home/scott/mercer_garm/ros2/install/mercer_g_arm_sim/bin'
[9.616s] Level 1:colcon.colcon_core.environment:checking '/home/scott/mercer_garm/ros2/install/mercer_g_arm_sim/lib/pkgconfig/mercer_g_arm_sim.pc'
[9.616s] Level 1:colcon.colcon_core.environment:checking '/home/scott/mercer_garm/ros2/install/mercer_g_arm_sim/lib/python3.12/site-packages'
[9.616s] Level 1:colcon.colcon_core.shell:create_environment_hook('mercer_g_arm_sim', 'pythonpath')
[9.616s] INFO:colcon.colcon_core.shell:Creating environment hook '/home/scott/mercer_garm/ros2/install/mercer_g_arm_sim/share/mercer_g_arm_sim/hook/pythonpath.ps1'
[9.617s] INFO:colcon.colcon_core.shell:Creating environment descriptor '/home/scott/mercer_garm/ros2/install/mercer_g_arm_sim/share/mercer_g_arm_sim/hook/pythonpath.dsv'
[9.617s] INFO:colcon.colcon_core.shell:Creating environment hook '/home/scott/mercer_garm/ros2/install/mercer_g_arm_sim/share/mercer_g_arm_sim/hook/pythonpath.sh'
[9.618s] Level 1:colcon.colcon_core.environment:checking '/home/scott/mercer_garm/ros2/install/mercer_g_arm_sim/bin'
[9.618s] Level 1:colcon.colcon_core.environment:create_environment_scripts_only(mercer_g_arm_sim)
[9.618s] INFO:colcon.colcon_core.shell:Creating package script '/home/scott/mercer_garm/ros2/install/mercer_g_arm_sim/share/mercer_g_arm_sim/package.ps1'
[9.618s] INFO:colcon.colcon_core.shell:Creating package descriptor '/home/scott/mercer_garm/ros2/install/mercer_g_arm_sim/share/mercer_g_arm_sim/package.dsv'
[9.619s] INFO:colcon.colcon_core.shell:Creating package script '/home/scott/mercer_garm/ros2/install/mercer_g_arm_sim/share/mercer_g_arm_sim/package.sh'
[9.619s] INFO:colcon.colcon_core.shell:Creating package script '/home/scott/mercer_garm/ros2/install/mercer_g_arm_sim/share/mercer_g_arm_sim/package.bash'
[9.620s] INFO:colcon.colcon_core.shell:Creating package script '/home/scott/mercer_garm/ros2/install/mercer_g_arm_sim/share/mercer_g_arm_sim/package.zsh'
[9.620s] Level 1:colcon.colcon_core.environment:create_file_with_runtime_dependencies(/home/scott/mercer_garm/ros2/install/mercer_g_arm_sim/share/colcon-core/packages/mercer_g_arm_sim)
[10.850s] DEBUG:colcon.colcon_core.event_handler.log_command:Invoked command in '/home/scott/mercer_garm/ros2/build/pi_gpio_interface' returned '0': CMAKE_PREFIX_PATH=${CMAKE_PREFIX_PATH}:/home/scott/mercer_garm/ros2/install/mercer_robot_commander_py:/home/scott/mercer_garm/ros2/install/mercer_g_arm_desktop_bringup:/home/scott/mercer_garm/ros2/install/mercer_g_arm_sim:/home/scott/mercer_garm/ros2/install/mercer_g_arm_rpi_bringup:/home/scott/mercer_garm/ros2/install/mercer_g_arm:/home/scott/mercer_garm/ros2/install/mercer_g-arm_rpi_bringup:/home/scott/mercer_garm/ros2/install/mercer_g-arm_desktop_bringup:/home/scott/mercer_garm/ros2/install/joy_js_pkg:/home/scott/mercer_garm/ros2/install/garm_motion_planning_demos:/home/scott/mercer_garm/ros2/install/g_arm_trajectory_bridge:/home/scott/mercer_garm/ros2/install/g_arm_python_examples:/home/scott/mercer_garm/ros2/install/g-arm_simulation:/home/scott/mercer_garm/ros2/install/g_arm:/home/scott/mercer_garm_ws/install/mercer_g_arm_desktop_bringup:/home/scott/mercer_garm_ws/install/mercer_robot_commander_py:/home/scott/mercer_garm_ws/install/mercer_g_arm_sim:/home/scott/mercer_garm_ws/install/mercer_g_arm_rpi_bringup:/home/scott/mercer_garm_ws/install/mercer_g_arm:/home/scott/mercer_garm_ws/install/mercer_g-arm_rpi_bringup:/home/scott/mercer_garm_ws/install/mercer_g-arm_desktop_bringup:/home/scott/mercer_garm_ws/install/joy_js_pkg:/home/scott/mercer_garm_ws/install/garm_motion_planning_demos:/home/scott/mercer_garm_ws/install/g_arm_trajectory_bridge:/home/scott/mercer_garm_ws/install/g_arm_python_examples:/home/scott/mercer_garm_ws/install/g-arm_simulation:/home/scott/mercer_garm_ws/install/g_arm:/home/scott/ros2_ws/install/joy_js_pkg:/home/scott/ros2_ws/install/garm_motion_planning_demos:/home/scott/ros2_ws/install/g_arm_trajectory_bridge:/home/scott/ros2_ws/install/g_arm_python_examples:/home/scott/ros2_ws/install/g-arm_simulation:/home/scott/ros2_ws/install/g_arm:/home/scott/ws_moveit/install/moveit_configs_utils:/opt/ros/jazzy DEBUGINFOD_URLS=https://debuginfod.ubuntu.com PS1=(ros2_venv) \[\e]0;\u@\h: \w\a\]${debian_chroot:+($debian_chroot)}\[\033[01;32m\]\u@\h\[\033[00m\]:\[\033[01;34m\]\w\[\033[00m\]\$ VIRTUAL_ENV_PROMPT=(ros2_venv) /snap/bin/cmake /home/scott/mercer_garm/ros2/src/pi_gpio_interface -DCMAKE_INSTALL_PREFIX=/home/scott/mercer_garm/ros2/install/pi_gpio_interface
[10.851s] DEBUG:colcon.colcon_core.event_handler.log_command:Invoking command in '/home/scott/mercer_garm/ros2/build/pi_gpio_interface': CMAKE_PREFIX_PATH=${CMAKE_PREFIX_PATH}:/home/scott/mercer_garm/ros2/install/mercer_robot_commander_py:/home/scott/mercer_garm/ros2/install/mercer_g_arm_desktop_bringup:/home/scott/mercer_garm/ros2/install/mercer_g_arm_sim:/home/scott/mercer_garm/ros2/install/mercer_g_arm_rpi_bringup:/home/scott/mercer_garm/ros2/install/mercer_g_arm:/home/scott/mercer_garm/ros2/install/mercer_g-arm_rpi_bringup:/home/scott/mercer_garm/ros2/install/mercer_g-arm_desktop_bringup:/home/scott/mercer_garm/ros2/install/joy_js_pkg:/home/scott/mercer_garm/ros2/install/garm_motion_planning_demos:/home/scott/mercer_garm/ros2/install/g_arm_trajectory_bridge:/home/scott/mercer_garm/ros2/install/g_arm_python_examples:/home/scott/mercer_garm/ros2/install/g-arm_simulation:/home/scott/mercer_garm/ros2/install/g_arm:/home/scott/mercer_garm_ws/install/mercer_g_arm_desktop_bringup:/home/scott/mercer_garm_ws/install/mercer_robot_commander_py:/home/scott/mercer_garm_ws/install/mercer_g_arm_sim:/home/scott/mercer_garm_ws/install/mercer_g_arm_rpi_bringup:/home/scott/mercer_garm_ws/install/mercer_g_arm:/home/scott/mercer_garm_ws/install/mercer_g-arm_rpi_bringup:/home/scott/mercer_garm_ws/install/mercer_g-arm_desktop_bringup:/home/scott/mercer_garm_ws/install/joy_js_pkg:/home/scott/mercer_garm_ws/install/garm_motion_planning_demos:/home/scott/mercer_garm_ws/install/g_arm_trajectory_bridge:/home/scott/mercer_garm_ws/install/g_arm_python_examples:/home/scott/mercer_garm_ws/install/g-arm_simulation:/home/scott/mercer_garm_ws/install/g_arm:/home/scott/ros2_ws/install/joy_js_pkg:/home/scott/ros2_ws/install/garm_motion_planning_demos:/home/scott/ros2_ws/install/g_arm_trajectory_bridge:/home/scott/ros2_ws/install/g_arm_python_examples:/home/scott/ros2_ws/install/g-arm_simulation:/home/scott/ros2_ws/install/g_arm:/home/scott/ws_moveit/install/moveit_configs_utils:/opt/ros/jazzy DEBUGINFOD_URLS=https://debuginfod.ubuntu.com PS1=(ros2_venv) \[\e]0;\u@\h: \w\a\]${debian_chroot:+($debian_chroot)}\[\033[01;32m\]\u@\h\[\033[00m\]:\[\033[01;34m\]\w\[\033[00m\]\$ VIRTUAL_ENV_PROMPT=(ros2_venv) /snap/bin/cmake --build /home/scott/mercer_garm/ros2/build/pi_gpio_interface -- -j4 -l4
[10.952s] DEBUG:colcon.colcon_core.event_handler.log_command:Invoked command in '/home/scott/mercer_garm/ros2/build/g_arm_msgs' returned '0': CMAKE_PREFIX_PATH=${CMAKE_PREFIX_PATH}:/home/scott/mercer_garm/ros2/install/mercer_robot_commander_py:/home/scott/mercer_garm/ros2/install/mercer_g_arm_desktop_bringup:/home/scott/mercer_garm/ros2/install/mercer_g_arm_sim:/home/scott/mercer_garm/ros2/install/mercer_g_arm_rpi_bringup:/home/scott/mercer_garm/ros2/install/mercer_g_arm:/home/scott/mercer_garm/ros2/install/mercer_g-arm_rpi_bringup:/home/scott/mercer_garm/ros2/install/mercer_g-arm_desktop_bringup:/home/scott/mercer_garm/ros2/install/joy_js_pkg:/home/scott/mercer_garm/ros2/install/garm_motion_planning_demos:/home/scott/mercer_garm/ros2/install/g_arm_trajectory_bridge:/home/scott/mercer_garm/ros2/install/g_arm_python_examples:/home/scott/mercer_garm/ros2/install/g-arm_simulation:/home/scott/mercer_garm/ros2/install/g_arm:/home/scott/mercer_garm_ws/install/mercer_g_arm_desktop_bringup:/home/scott/mercer_garm_ws/install/mercer_robot_commander_py:/home/scott/mercer_garm_ws/install/mercer_g_arm_sim:/home/scott/mercer_garm_ws/install/mercer_g_arm_rpi_bringup:/home/scott/mercer_garm_ws/install/mercer_g_arm:/home/scott/mercer_garm_ws/install/mercer_g-arm_rpi_bringup:/home/scott/mercer_garm_ws/install/mercer_g-arm_desktop_bringup:/home/scott/mercer_garm_ws/install/joy_js_pkg:/home/scott/mercer_garm_ws/install/garm_motion_planning_demos:/home/scott/mercer_garm_ws/install/g_arm_trajectory_bridge:/home/scott/mercer_garm_ws/install/g_arm_python_examples:/home/scott/mercer_garm_ws/install/g-arm_simulation:/home/scott/mercer_garm_ws/install/g_arm:/home/scott/ros2_ws/install/joy_js_pkg:/home/scott/ros2_ws/install/garm_motion_planning_demos:/home/scott/ros2_ws/install/g_arm_trajectory_bridge:/home/scott/ros2_ws/install/g_arm_python_examples:/home/scott/ros2_ws/install/g-arm_simulation:/home/scott/ros2_ws/install/g_arm:/home/scott/ws_moveit/install/moveit_configs_utils:/opt/ros/jazzy DEBUGINFOD_URLS=https://debuginfod.ubuntu.com PS1=(ros2_venv) \[\e]0;\u@\h: \w\a\]${debian_chroot:+($debian_chroot)}\[\033[01;32m\]\u@\h\[\033[00m\]:\[\033[01;34m\]\w\[\033[00m\]\$ VIRTUAL_ENV_PROMPT=(ros2_venv) /snap/bin/cmake /home/scott/mercer_garm/ros2/src/g_arm_msgs -DCMAKE_INSTALL_PREFIX=/home/scott/mercer_garm/ros2/install/g_arm_msgs
[10.952s] DEBUG:colcon.colcon_core.event_handler.log_command:Invoking command in '/home/scott/mercer_garm/ros2/build/g_arm_msgs': CMAKE_PREFIX_PATH=${CMAKE_PREFIX_PATH}:/home/scott/mercer_garm/ros2/install/mercer_robot_commander_py:/home/scott/mercer_garm/ros2/install/mercer_g_arm_desktop_bringup:/home/scott/mercer_garm/ros2/install/mercer_g_arm_sim:/home/scott/mercer_garm/ros2/install/mercer_g_arm_rpi_bringup:/home/scott/mercer_garm/ros2/install/mercer_g_arm:/home/scott/mercer_garm/ros2/install/mercer_g-arm_rpi_bringup:/home/scott/mercer_garm/ros2/install/mercer_g-arm_desktop_bringup:/home/scott/mercer_garm/ros2/install/joy_js_pkg:/home/scott/mercer_garm/ros2/install/garm_motion_planning_demos:/home/scott/mercer_garm/ros2/install/g_arm_trajectory_bridge:/home/scott/mercer_garm/ros2/install/g_arm_python_examples:/home/scott/mercer_garm/ros2/install/g-arm_simulation:/home/scott/mercer_garm/ros2/install/g_arm:/home/scott/mercer_garm_ws/install/mercer_g_arm_desktop_bringup:/home/scott/mercer_garm_ws/install/mercer_robot_commander_py:/home/scott/mercer_garm_ws/install/mercer_g_arm_sim:/home/scott/mercer_garm_ws/install/mercer_g_arm_rpi_bringup:/home/scott/mercer_garm_ws/install/mercer_g_arm:/home/scott/mercer_garm_ws/install/mercer_g-arm_rpi_bringup:/home/scott/mercer_garm_ws/install/mercer_g-arm_desktop_bringup:/home/scott/mercer_garm_ws/install/joy_js_pkg:/home/scott/mercer_garm_ws/install/garm_motion_planning_demos:/home/scott/mercer_garm_ws/install/g_arm_trajectory_bridge:/home/scott/mercer_garm_ws/install/g_arm_python_examples:/home/scott/mercer_garm_ws/install/g-arm_simulation:/home/scott/mercer_garm_ws/install/g_arm:/home/scott/ros2_ws/install/joy_js_pkg:/home/scott/ros2_ws/install/garm_motion_planning_demos:/home/scott/ros2_ws/install/g_arm_trajectory_bridge:/home/scott/ros2_ws/install/g_arm_python_examples:/home/scott/ros2_ws/install/g-arm_simulation:/home/scott/ros2_ws/install/g_arm:/home/scott/ws_moveit/install/moveit_configs_utils:/opt/ros/jazzy DEBUGINFOD_URLS=https://debuginfod.ubuntu.com PS1=(ros2_venv) \[\e]0;\u@\h: \w\a\]${debian_chroot:+($debian_chroot)}\[\033[01;32m\]\u@\h\[\033[00m\]:\[\033[01;34m\]\w\[\033[00m\]\$ VIRTUAL_ENV_PROMPT=(ros2_venv) /snap/bin/cmake --build /home/scott/mercer_garm/ros2/build/g_arm_msgs -- -j4 -l4
[13.489s] DEBUG:colcon.colcon_core.event_handler.log_command:Invoked command in '/home/scott/mercer_garm/ros2/build/mercer_g_arm_topic_hw' returned '0': CMAKE_PREFIX_PATH=${CMAKE_PREFIX_PATH}:/home/scott/mercer_garm/ros2/install/mercer_robot_commander_py:/home/scott/mercer_garm/ros2/install/mercer_g_arm_desktop_bringup:/home/scott/mercer_garm/ros2/install/mercer_g_arm_sim:/home/scott/mercer_garm/ros2/install/mercer_g_arm_rpi_bringup:/home/scott/mercer_garm/ros2/install/mercer_g_arm:/home/scott/mercer_garm/ros2/install/mercer_g-arm_rpi_bringup:/home/scott/mercer_garm/ros2/install/mercer_g-arm_desktop_bringup:/home/scott/mercer_garm/ros2/install/joy_js_pkg:/home/scott/mercer_garm/ros2/install/garm_motion_planning_demos:/home/scott/mercer_garm/ros2/install/g_arm_trajectory_bridge:/home/scott/mercer_garm/ros2/install/g_arm_python_examples:/home/scott/mercer_garm/ros2/install/g-arm_simulation:/home/scott/mercer_garm/ros2/install/g_arm:/home/scott/mercer_garm_ws/install/mercer_g_arm_desktop_bringup:/home/scott/mercer_garm_ws/install/mercer_robot_commander_py:/home/scott/mercer_garm_ws/install/mercer_g_arm_sim:/home/scott/mercer_garm_ws/install/mercer_g_arm_rpi_bringup:/home/scott/mercer_garm_ws/install/mercer_g_arm:/home/scott/mercer_garm_ws/install/mercer_g-arm_rpi_bringup:/home/scott/mercer_garm_ws/install/mercer_g-arm_desktop_bringup:/home/scott/mercer_garm_ws/install/joy_js_pkg:/home/scott/mercer_garm_ws/install/garm_motion_planning_demos:/home/scott/mercer_garm_ws/install/g_arm_trajectory_bridge:/home/scott/mercer_garm_ws/install/g_arm_python_examples:/home/scott/mercer_garm_ws/install/g-arm_simulation:/home/scott/mercer_garm_ws/install/g_arm:/home/scott/ros2_ws/install/joy_js_pkg:/home/scott/ros2_ws/install/garm_motion_planning_demos:/home/scott/ros2_ws/install/g_arm_trajectory_bridge:/home/scott/ros2_ws/install/g_arm_python_examples:/home/scott/ros2_ws/install/g-arm_simulation:/home/scott/ros2_ws/install/g_arm:/home/scott/ws_moveit/install/moveit_configs_utils:/opt/ros/jazzy DEBUGINFOD_URLS=https://debuginfod.ubuntu.com PS1=(ros2_venv) \[\e]0;\u@\h: \w\a\]${debian_chroot:+($debian_chroot)}\[\033[01;32m\]\u@\h\[\033[00m\]:\[\033[01;34m\]\w\[\033[00m\]\$ VIRTUAL_ENV_PROMPT=(ros2_venv) /snap/bin/cmake /home/scott/mercer_garm/ros2/src/mercer_g_arm_topic_hw -DCMAKE_INSTALL_PREFIX=/home/scott/mercer_garm/ros2/install/mercer_g_arm_topic_hw
[13.489s] DEBUG:colcon.colcon_core.event_handler.log_command:Invoking command in '/home/scott/mercer_garm/ros2/build/mercer_g_arm_topic_hw': CMAKE_PREFIX_PATH=${CMAKE_PREFIX_PATH}:/home/scott/mercer_garm/ros2/install/mercer_robot_commander_py:/home/scott/mercer_garm/ros2/install/mercer_g_arm_desktop_bringup:/home/scott/mercer_garm/ros2/install/mercer_g_arm_sim:/home/scott/mercer_garm/ros2/install/mercer_g_arm_rpi_bringup:/home/scott/mercer_garm/ros2/install/mercer_g_arm:/home/scott/mercer_garm/ros2/install/mercer_g-arm_rpi_bringup:/home/scott/mercer_garm/ros2/install/mercer_g-arm_desktop_bringup:/home/scott/mercer_garm/ros2/install/joy_js_pkg:/home/scott/mercer_garm/ros2/install/garm_motion_planning_demos:/home/scott/mercer_garm/ros2/install/g_arm_trajectory_bridge:/home/scott/mercer_garm/ros2/install/g_arm_python_examples:/home/scott/mercer_garm/ros2/install/g-arm_simulation:/home/scott/mercer_garm/ros2/install/g_arm:/home/scott/mercer_garm_ws/install/mercer_g_arm_desktop_bringup:/home/scott/mercer_garm_ws/install/mercer_robot_commander_py:/home/scott/mercer_garm_ws/install/mercer_g_arm_sim:/home/scott/mercer_garm_ws/install/mercer_g_arm_rpi_bringup:/home/scott/mercer_garm_ws/install/mercer_g_arm:/home/scott/mercer_garm_ws/install/mercer_g-arm_rpi_bringup:/home/scott/mercer_garm_ws/install/mercer_g-arm_desktop_bringup:/home/scott/mercer_garm_ws/install/joy_js_pkg:/home/scott/mercer_garm_ws/install/garm_motion_planning_demos:/home/scott/mercer_garm_ws/install/g_arm_trajectory_bridge:/home/scott/mercer_garm_ws/install/g_arm_python_examples:/home/scott/mercer_garm_ws/install/g-arm_simulation:/home/scott/mercer_garm_ws/install/g_arm:/home/scott/ros2_ws/install/joy_js_pkg:/home/scott/ros2_ws/install/garm_motion_planning_demos:/home/scott/ros2_ws/install/g_arm_trajectory_bridge:/home/scott/ros2_ws/install/g_arm_python_examples:/home/scott/ros2_ws/install/g-arm_simulation:/home/scott/ros2_ws/install/g_arm:/home/scott/ws_moveit/install/moveit_configs_utils:/opt/ros/jazzy DEBUGINFOD_URLS=https://debuginfod.ubuntu.com PS1=(ros2_venv) \[\e]0;\u@\h: \w\a\]${debian_chroot:+($debian_chroot)}\[\033[01;32m\]\u@\h\[\033[00m\]:\[\033[01;34m\]\w\[\033[00m\]\$ VIRTUAL_ENV_PROMPT=(ros2_venv) /snap/bin/cmake --build /home/scott/mercer_garm/ros2/build/mercer_g_arm_topic_hw -- -j4 -l4
[19.955s] DEBUG:colcon.colcon_core.event_handler.log_command:Invoked command in '/home/scott/mercer_garm/ros2/build/pi_gpio_interface' returned '0': CMAKE_PREFIX_PATH=${CMAKE_PREFIX_PATH}:/home/scott/mercer_garm/ros2/install/mercer_robot_commander_py:/home/scott/mercer_garm/ros2/install/mercer_g_arm_desktop_bringup:/home/scott/mercer_garm/ros2/install/mercer_g_arm_sim:/home/scott/mercer_garm/ros2/install/mercer_g_arm_rpi_bringup:/home/scott/mercer_garm/ros2/install/mercer_g_arm:/home/scott/mercer_garm/ros2/install/mercer_g-arm_rpi_bringup:/home/scott/mercer_garm/ros2/install/mercer_g-arm_desktop_bringup:/home/scott/mercer_garm/ros2/install/joy_js_pkg:/home/scott/mercer_garm/ros2/install/garm_motion_planning_demos:/home/scott/mercer_garm/ros2/install/g_arm_trajectory_bridge:/home/scott/mercer_garm/ros2/install/g_arm_python_examples:/home/scott/mercer_garm/ros2/install/g-arm_simulation:/home/scott/mercer_garm/ros2/install/g_arm:/home/scott/mercer_garm_ws/install/mercer_g_arm_desktop_bringup:/home/scott/mercer_garm_ws/install/mercer_robot_commander_py:/home/scott/mercer_garm_ws/install/mercer_g_arm_sim:/home/scott/mercer_garm_ws/install/mercer_g_arm_rpi_bringup:/home/scott/mercer_garm_ws/install/mercer_g_arm:/home/scott/mercer_garm_ws/install/mercer_g-arm_rpi_bringup:/home/scott/mercer_garm_ws/install/mercer_g-arm_desktop_bringup:/home/scott/mercer_garm_ws/install/joy_js_pkg:/home/scott/mercer_garm_ws/install/garm_motion_planning_demos:/home/scott/mercer_garm_ws/install/g_arm_trajectory_bridge:/home/scott/mercer_garm_ws/install/g_arm_python_examples:/home/scott/mercer_garm_ws/install/g-arm_simulation:/home/scott/mercer_garm_ws/install/g_arm:/home/scott/ros2_ws/install/joy_js_pkg:/home/scott/ros2_ws/install/garm_motion_planning_demos:/home/scott/ros2_ws/install/g_arm_trajectory_bridge:/home/scott/ros2_ws/install/g_arm_python_examples:/home/scott/ros2_ws/install/g-arm_simulation:/home/scott/ros2_ws/install/g_arm:/home/scott/ws_moveit/install/moveit_configs_utils:/opt/ros/jazzy DEBUGINFOD_URLS=https://debuginfod.ubuntu.com PS1=(ros2_venv) \[\e]0;\u@\h: \w\a\]${debian_chroot:+($debian_chroot)}\[\033[01;32m\]\u@\h\[\033[00m\]:\[\033[01;34m\]\w\[\033[00m\]\$ VIRTUAL_ENV_PROMPT=(ros2_venv) /snap/bin/cmake --build /home/scott/mercer_garm/ros2/build/pi_gpio_interface -- -j4 -l4
[19.957s] DEBUG:colcon.colcon_core.event_handler.log_command:Invoking command in '/home/scott/mercer_garm/ros2/build/pi_gpio_interface': CMAKE_PREFIX_PATH=${CMAKE_PREFIX_PATH}:/home/scott/mercer_garm/ros2/install/mercer_robot_commander_py:/home/scott/mercer_garm/ros2/install/mercer_g_arm_desktop_bringup:/home/scott/mercer_garm/ros2/install/mercer_g_arm_sim:/home/scott/mercer_garm/ros2/install/mercer_g_arm_rpi_bringup:/home/scott/mercer_garm/ros2/install/mercer_g_arm:/home/scott/mercer_garm/ros2/install/mercer_g-arm_rpi_bringup:/home/scott/mercer_garm/ros2/install/mercer_g-arm_desktop_bringup:/home/scott/mercer_garm/ros2/install/joy_js_pkg:/home/scott/mercer_garm/ros2/install/garm_motion_planning_demos:/home/scott/mercer_garm/ros2/install/g_arm_trajectory_bridge:/home/scott/mercer_garm/ros2/install/g_arm_python_examples:/home/scott/mercer_garm/ros2/install/g-arm_simulation:/home/scott/mercer_garm/ros2/install/g_arm:/home/scott/mercer_garm_ws/install/mercer_g_arm_desktop_bringup:/home/scott/mercer_garm_ws/install/mercer_robot_commander_py:/home/scott/mercer_garm_ws/install/mercer_g_arm_sim:/home/scott/mercer_garm_ws/install/mercer_g_arm_rpi_bringup:/home/scott/mercer_garm_ws/install/mercer_g_arm:/home/scott/mercer_garm_ws/install/mercer_g-arm_rpi_bringup:/home/scott/mercer_garm_ws/install/mercer_g-arm_desktop_bringup:/home/scott/mercer_garm_ws/install/joy_js_pkg:/home/scott/mercer_garm_ws/install/garm_motion_planning_demos:/home/scott/mercer_garm_ws/install/g_arm_trajectory_bridge:/home/scott/mercer_garm_ws/install/g_arm_python_examples:/home/scott/mercer_garm_ws/install/g-arm_simulation:/home/scott/mercer_garm_ws/install/g_arm:/home/scott/ros2_ws/install/joy_js_pkg:/home/scott/ros2_ws/install/garm_motion_planning_demos:/home/scott/ros2_ws/install/g_arm_trajectory_bridge:/home/scott/ros2_ws/install/g_arm_python_examples:/home/scott/ros2_ws/install/g-arm_simulation:/home/scott/ros2_ws/install/g_arm:/home/scott/ws_moveit/install/moveit_configs_utils:/opt/ros/jazzy DEBUGINFOD_URLS=https://debuginfod.ubuntu.com PS1=(ros2_venv) \[\e]0;\u@\h: \w\a\]${debian_chroot:+($debian_chroot)}\[\033[01;32m\]\u@\h\[\033[00m\]:\[\033[01;34m\]\w\[\033[00m\]\$ VIRTUAL_ENV_PROMPT=(ros2_venv) /snap/bin/cmake --install /home/scott/mercer_garm/ros2/build/pi_gpio_interface
[19.973s] DEBUG:colcon.colcon_core.event_handler.log_command:Invoked command in '/home/scott/mercer_garm/ros2/build/g_arm_msgs' returned '0': CMAKE_PREFIX_PATH=${CMAKE_PREFIX_PATH}:/home/scott/mercer_garm/ros2/install/mercer_robot_commander_py:/home/scott/mercer_garm/ros2/install/mercer_g_arm_desktop_bringup:/home/scott/mercer_garm/ros2/install/mercer_g_arm_sim:/home/scott/mercer_garm/ros2/install/mercer_g_arm_rpi_bringup:/home/scott/mercer_garm/ros2/install/mercer_g_arm:/home/scott/mercer_garm/ros2/install/mercer_g-arm_rpi_bringup:/home/scott/mercer_garm/ros2/install/mercer_g-arm_desktop_bringup:/home/scott/mercer_garm/ros2/install/joy_js_pkg:/home/scott/mercer_garm/ros2/install/garm_motion_planning_demos:/home/scott/mercer_garm/ros2/install/g_arm_trajectory_bridge:/home/scott/mercer_garm/ros2/install/g_arm_python_examples:/home/scott/mercer_garm/ros2/install/g-arm_simulation:/home/scott/mercer_garm/ros2/install/g_arm:/home/scott/mercer_garm_ws/install/mercer_g_arm_desktop_bringup:/home/scott/mercer_garm_ws/install/mercer_robot_commander_py:/home/scott/mercer_garm_ws/install/mercer_g_arm_sim:/home/scott/mercer_garm_ws/install/mercer_g_arm_rpi_bringup:/home/scott/mercer_garm_ws/install/mercer_g_arm:/home/scott/mercer_garm_ws/install/mercer_g-arm_rpi_bringup:/home/scott/mercer_garm_ws/install/mercer_g-arm_desktop_bringup:/home/scott/mercer_garm_ws/install/joy_js_pkg:/home/scott/mercer_garm_ws/install/garm_motion_planning_demos:/home/scott/mercer_garm_ws/install/g_arm_trajectory_bridge:/home/scott/mercer_garm_ws/install/g_arm_python_examples:/home/scott/mercer_garm_ws/install/g-arm_simulation:/home/scott/mercer_garm_ws/install/g_arm:/home/scott/ros2_ws/install/joy_js_pkg:/home/scott/ros2_ws/install/garm_motion_planning_demos:/home/scott/ros2_ws/install/g_arm_trajectory_bridge:/home/scott/ros2_ws/install/g_arm_python_examples:/home/scott/ros2_ws/install/g-arm_simulation:/home/scott/ros2_ws/install/g_arm:/home/scott/ws_moveit/install/moveit_configs_utils:/opt/ros/jazzy DEBUGINFOD_URLS=https://debuginfod.ubuntu.com PS1=(ros2_venv) \[\e]0;\u@\h: \w\a\]${debian_chroot:+($debian_chroot)}\[\033[01;32m\]\u@\h\[\033[00m\]:\[\033[01;34m\]\w\[\033[00m\]\$ VIRTUAL_ENV_PROMPT=(ros2_venv) /snap/bin/cmake --build /home/scott/mercer_garm/ros2/build/g_arm_msgs -- -j4 -l4
[19.973s] DEBUG:colcon.colcon_core.event_handler.log_command:Invoking command in '/home/scott/mercer_garm/ros2/build/g_arm_msgs': CMAKE_PREFIX_PATH=${CMAKE_PREFIX_PATH}:/home/scott/mercer_garm/ros2/install/mercer_robot_commander_py:/home/scott/mercer_garm/ros2/install/mercer_g_arm_desktop_bringup:/home/scott/mercer_garm/ros2/install/mercer_g_arm_sim:/home/scott/mercer_garm/ros2/install/mercer_g_arm_rpi_bringup:/home/scott/mercer_garm/ros2/install/mercer_g_arm:/home/scott/mercer_garm/ros2/install/mercer_g-arm_rpi_bringup:/home/scott/mercer_garm/ros2/install/mercer_g-arm_desktop_bringup:/home/scott/mercer_garm/ros2/install/joy_js_pkg:/home/scott/mercer_garm/ros2/install/garm_motion_planning_demos:/home/scott/mercer_garm/ros2/install/g_arm_trajectory_bridge:/home/scott/mercer_garm/ros2/install/g_arm_python_examples:/home/scott/mercer_garm/ros2/install/g-arm_simulation:/home/scott/mercer_garm/ros2/install/g_arm:/home/scott/mercer_garm_ws/install/mercer_g_arm_desktop_bringup:/home/scott/mercer_garm_ws/install/mercer_robot_commander_py:/home/scott/mercer_garm_ws/install/mercer_g_arm_sim:/home/scott/mercer_garm_ws/install/mercer_g_arm_rpi_bringup:/home/scott/mercer_garm_ws/install/mercer_g_arm:/home/scott/mercer_garm_ws/install/mercer_g-arm_rpi_bringup:/home/scott/mercer_garm_ws/install/mercer_g-arm_desktop_bringup:/home/scott/mercer_garm_ws/install/joy_js_pkg:/home/scott/mercer_garm_ws/install/garm_motion_planning_demos:/home/scott/mercer_garm_ws/install/g_arm_trajectory_bridge:/home/scott/mercer_garm_ws/install/g_arm_python_examples:/home/scott/mercer_garm_ws/install/g-arm_simulation:/home/scott/mercer_garm_ws/install/g_arm:/home/scott/ros2_ws/install/joy_js_pkg:/home/scott/ros2_ws/install/garm_motion_planning_demos:/home/scott/ros2_ws/install/g_arm_trajectory_bridge:/home/scott/ros2_ws/install/g_arm_python_examples:/home/scott/ros2_ws/install/g-arm_simulation:/home/scott/ros2_ws/install/g_arm:/home/scott/ws_moveit/install/moveit_configs_utils:/opt/ros/jazzy DEBUGINFOD_URLS=https://debuginfod.ubuntu.com PS1=(ros2_venv) \[\e]0;\u@\h: \w\a\]${debian_chroot:+($debian_chroot)}\[\033[01;32m\]\u@\h\[\033[00m\]:\[\033[01;34m\]\w\[\033[00m\]\$ VIRTUAL_ENV_PROMPT=(ros2_venv) /snap/bin/cmake --install /home/scott/mercer_garm/ros2/build/g_arm_msgs
[20.167s] Level 1:colcon.colcon_core.environment:create_environment_scripts_only(g_arm_msgs)
[20.167s] Level 1:colcon.colcon_core.environment:checking '/home/scott/mercer_garm/ros2/install/g_arm_msgs' for CMake module files
[20.169s] Level 1:colcon.colcon_core.environment:checking '/home/scott/mercer_garm/ros2/install/g_arm_msgs' for CMake config files
[20.170s] Level 1:colcon.colcon_core.shell:create_environment_hook('g_arm_msgs', 'cmake_prefix_path')
[20.170s] INFO:colcon.colcon_core.shell:Creating environment hook '/home/scott/mercer_garm/ros2/install/g_arm_msgs/share/g_arm_msgs/hook/cmake_prefix_path.ps1'
[20.171s] INFO:colcon.colcon_core.shell:Creating environment descriptor '/home/scott/mercer_garm/ros2/install/g_arm_msgs/share/g_arm_msgs/hook/cmake_prefix_path.dsv'
[20.171s] INFO:colcon.colcon_core.shell:Creating environment hook '/home/scott/mercer_garm/ros2/install/g_arm_msgs/share/g_arm_msgs/hook/cmake_prefix_path.sh'
[20.172s] Level 1:colcon.colcon_core.environment:checking '/home/scott/mercer_garm/ros2/install/g_arm_msgs/lib'
[20.172s] Level 1:colcon.colcon_core.shell:create_environment_hook('g_arm_msgs', 'ld_library_path_lib')
[20.172s] INFO:colcon.colcon_core.shell:Creating environment hook '/home/scott/mercer_garm/ros2/install/g_arm_msgs/share/g_arm_msgs/hook/ld_library_path_lib.ps1'
[20.172s] INFO:colcon.colcon_core.shell:Creating environment descriptor '/home/scott/mercer_garm/ros2/install/g_arm_msgs/share/g_arm_msgs/hook/ld_library_path_lib.dsv'
[20.173s] INFO:colcon.colcon_core.shell:Creating environment hook '/home/scott/mercer_garm/ros2/install/g_arm_msgs/share/g_arm_msgs/hook/ld_library_path_lib.sh'
[20.174s] Level 1:colcon.colcon_core.environment:checking '/home/scott/mercer_garm/ros2/install/g_arm_msgs/bin'
[20.174s] Level 1:colcon.colcon_core.environment:checking '/home/scott/mercer_garm/ros2/install/g_arm_msgs/lib/pkgconfig/g_arm_msgs.pc'
[20.174s] DEBUG:colcon.colcon_core.event_handler.log_command:Invoked command in '/home/scott/mercer_garm/ros2/build/g_arm_msgs' returned '0': CMAKE_PREFIX_PATH=${CMAKE_PREFIX_PATH}:/home/scott/mercer_garm/ros2/install/mercer_robot_commander_py:/home/scott/mercer_garm/ros2/install/mercer_g_arm_desktop_bringup:/home/scott/mercer_garm/ros2/install/mercer_g_arm_sim:/home/scott/mercer_garm/ros2/install/mercer_g_arm_rpi_bringup:/home/scott/mercer_garm/ros2/install/mercer_g_arm:/home/scott/mercer_garm/ros2/install/mercer_g-arm_rpi_bringup:/home/scott/mercer_garm/ros2/install/mercer_g-arm_desktop_bringup:/home/scott/mercer_garm/ros2/install/joy_js_pkg:/home/scott/mercer_garm/ros2/install/garm_motion_planning_demos:/home/scott/mercer_garm/ros2/install/g_arm_trajectory_bridge:/home/scott/mercer_garm/ros2/install/g_arm_python_examples:/home/scott/mercer_garm/ros2/install/g-arm_simulation:/home/scott/mercer_garm/ros2/install/g_arm:/home/scott/mercer_garm_ws/install/mercer_g_arm_desktop_bringup:/home/scott/mercer_garm_ws/install/mercer_robot_commander_py:/home/scott/mercer_garm_ws/install/mercer_g_arm_sim:/home/scott/mercer_garm_ws/install/mercer_g_arm_rpi_bringup:/home/scott/mercer_garm_ws/install/mercer_g_arm:/home/scott/mercer_garm_ws/install/mercer_g-arm_rpi_bringup:/home/scott/mercer_garm_ws/install/mercer_g-arm_desktop_bringup:/home/scott/mercer_garm_ws/install/joy_js_pkg:/home/scott/mercer_garm_ws/install/garm_motion_planning_demos:/home/scott/mercer_garm_ws/install/g_arm_trajectory_bridge:/home/scott/mercer_garm_ws/install/g_arm_python_examples:/home/scott/mercer_garm_ws/install/g-arm_simulation:/home/scott/mercer_garm_ws/install/g_arm:/home/scott/ros2_ws/install/joy_js_pkg:/home/scott/ros2_ws/install/garm_motion_planning_demos:/home/scott/ros2_ws/install/g_arm_trajectory_bridge:/home/scott/ros2_ws/install/g_arm_python_examples:/home/scott/ros2_ws/install/g-arm_simulation:/home/scott/ros2_ws/install/g_arm:/home/scott/ws_moveit/install/moveit_configs_utils:/opt/ros/jazzy DEBUGINFOD_URLS=https://debuginfod.ubuntu.com PS1=(ros2_venv) \[\e]0;\u@\h: \w\a\]${debian_chroot:+($debian_chroot)}\[\033[01;32m\]\u@\h\[\033[00m\]:\[\033[01;34m\]\w\[\033[00m\]\$ VIRTUAL_ENV_PROMPT=(ros2_venv) /snap/bin/cmake --install /home/scott/mercer_garm/ros2/build/g_arm_msgs
[20.174s] Level 1:colcon.colcon_core.environment:checking '/home/scott/mercer_garm/ros2/install/g_arm_msgs/lib/python3.12/site-packages'
[20.175s] Level 1:colcon.colcon_core.shell:create_environment_hook('g_arm_msgs', 'pythonpath')
[20.175s] INFO:colcon.colcon_core.shell:Creating environment hook '/home/scott/mercer_garm/ros2/install/g_arm_msgs/share/g_arm_msgs/hook/pythonpath.ps1'
[20.176s] INFO:colcon.colcon_core.shell:Creating environment descriptor '/home/scott/mercer_garm/ros2/install/g_arm_msgs/share/g_arm_msgs/hook/pythonpath.dsv'
[20.176s] INFO:colcon.colcon_core.shell:Creating environment hook '/home/scott/mercer_garm/ros2/install/g_arm_msgs/share/g_arm_msgs/hook/pythonpath.sh'
[20.177s] Level 1:colcon.colcon_core.environment:checking '/home/scott/mercer_garm/ros2/install/g_arm_msgs/bin'
[20.177s] INFO:colcon.colcon_core.shell:Creating package script '/home/scott/mercer_garm/ros2/install/g_arm_msgs/share/g_arm_msgs/package.ps1'
[20.178s] INFO:colcon.colcon_core.shell:Creating package descriptor '/home/scott/mercer_garm/ros2/install/g_arm_msgs/share/g_arm_msgs/package.dsv'
[20.178s] INFO:colcon.colcon_core.shell:Creating package script '/home/scott/mercer_garm/ros2/install/g_arm_msgs/share/g_arm_msgs/package.sh'
[20.179s] INFO:colcon.colcon_core.shell:Creating package script '/home/scott/mercer_garm/ros2/install/g_arm_msgs/share/g_arm_msgs/package.bash'
[20.179s] INFO:colcon.colcon_core.shell:Creating package script '/home/scott/mercer_garm/ros2/install/g_arm_msgs/share/g_arm_msgs/package.zsh'
[20.180s] Level 1:colcon.colcon_core.environment:create_file_with_runtime_dependencies(/home/scott/mercer_garm/ros2/install/g_arm_msgs/share/colcon-core/packages/g_arm_msgs)
[20.180s] Level 1:colcon.colcon_core.environment:create_environment_scripts_only(g_arm_msgs)
[20.181s] Level 1:colcon.colcon_core.environment:checking '/home/scott/mercer_garm/ros2/install/g_arm_msgs' for CMake module files
[20.181s] Level 1:colcon.colcon_core.environment:checking '/home/scott/mercer_garm/ros2/install/g_arm_msgs' for CMake config files
[20.181s] Level 1:colcon.colcon_core.shell:create_environment_hook('g_arm_msgs', 'cmake_prefix_path')
[20.182s] INFO:colcon.colcon_core.shell:Creating environment hook '/home/scott/mercer_garm/ros2/install/g_arm_msgs/share/g_arm_msgs/hook/cmake_prefix_path.ps1'
[20.182s] INFO:colcon.colcon_core.shell:Creating environment descriptor '/home/scott/mercer_garm/ros2/install/g_arm_msgs/share/g_arm_msgs/hook/cmake_prefix_path.dsv'
[20.182s] INFO:colcon.colcon_core.shell:Creating environment hook '/home/scott/mercer_garm/ros2/install/g_arm_msgs/share/g_arm_msgs/hook/cmake_prefix_path.sh'
[20.183s] Level 1:colcon.colcon_core.environment:checking '/home/scott/mercer_garm/ros2/install/g_arm_msgs/lib'
[20.183s] Level 1:colcon.colcon_core.shell:create_environment_hook('g_arm_msgs', 'ld_library_path_lib')
[20.183s] INFO:colcon.colcon_core.shell:Creating environment hook '/home/scott/mercer_garm/ros2/install/g_arm_msgs/share/g_arm_msgs/hook/ld_library_path_lib.ps1'
[20.183s] INFO:colcon.colcon_core.shell:Creating environment descriptor '/home/scott/mercer_garm/ros2/install/g_arm_msgs/share/g_arm_msgs/hook/ld_library_path_lib.dsv'
[20.184s] INFO:colcon.colcon_core.shell:Creating environment hook '/home/scott/mercer_garm/ros2/install/g_arm_msgs/share/g_arm_msgs/hook/ld_library_path_lib.sh'
[20.184s] Level 1:colcon.colcon_core.environment:checking '/home/scott/mercer_garm/ros2/install/g_arm_msgs/bin'
[20.184s] Level 1:colcon.colcon_core.environment:checking '/home/scott/mercer_garm/ros2/install/g_arm_msgs/lib/pkgconfig/g_arm_msgs.pc'
[20.185s] Level 1:colcon.colcon_core.environment:checking '/home/scott/mercer_garm/ros2/install/g_arm_msgs/lib/python3.12/site-packages'
[20.185s] Level 1:colcon.colcon_core.shell:create_environment_hook('g_arm_msgs', 'pythonpath')
[20.185s] INFO:colcon.colcon_core.shell:Creating environment hook '/home/scott/mercer_garm/ros2/install/g_arm_msgs/share/g_arm_msgs/hook/pythonpath.ps1'
[20.185s] INFO:colcon.colcon_core.shell:Creating environment descriptor '/home/scott/mercer_garm/ros2/install/g_arm_msgs/share/g_arm_msgs/hook/pythonpath.dsv'
[20.186s] INFO:colcon.colcon_core.shell:Creating environment hook '/home/scott/mercer_garm/ros2/install/g_arm_msgs/share/g_arm_msgs/hook/pythonpath.sh'
[20.186s] Level 1:colcon.colcon_core.environment:checking '/home/scott/mercer_garm/ros2/install/g_arm_msgs/bin'
[20.187s] INFO:colcon.colcon_core.shell:Creating package script '/home/scott/mercer_garm/ros2/install/g_arm_msgs/share/g_arm_msgs/package.ps1'
[20.187s] INFO:colcon.colcon_core.shell:Creating package descriptor '/home/scott/mercer_garm/ros2/install/g_arm_msgs/share/g_arm_msgs/package.dsv'
[20.188s] INFO:colcon.colcon_core.shell:Creating package script '/home/scott/mercer_garm/ros2/install/g_arm_msgs/share/g_arm_msgs/package.sh'
[20.189s] INFO:colcon.colcon_core.shell:Creating package script '/home/scott/mercer_garm/ros2/install/g_arm_msgs/share/g_arm_msgs/package.bash'
[20.189s] INFO:colcon.colcon_core.shell:Creating package script '/home/scott/mercer_garm/ros2/install/g_arm_msgs/share/g_arm_msgs/package.zsh'
[20.190s] Level 1:colcon.colcon_core.environment:create_file_with_runtime_dependencies(/home/scott/mercer_garm/ros2/install/g_arm_msgs/share/colcon-core/packages/g_arm_msgs)
[20.190s] INFO:colcon.colcon_ros.task.ament_cmake.build:Building ROS package in '/home/scott/mercer_garm/ros2/src/mercer_robot_commander_cpp' with build type 'ament_cmake'
[20.191s] INFO:colcon.colcon_cmake.task.cmake.build:Building CMake package in '/home/scott/mercer_garm/ros2/src/mercer_robot_commander_cpp'
[20.191s] INFO:colcon.colcon_core.shell:Skip shell extension 'powershell' for command environment: Not usable outside of PowerShell
[20.191s] DEBUG:colcon.colcon_core.shell:Skip shell extension 'dsv' for command environment
[20.203s] Level 1:colcon.colcon_core.environment:create_environment_scripts_only(pi_gpio_interface)
[20.203s] Level 1:colcon.colcon_core.environment:checking '/home/scott/mercer_garm/ros2/install/pi_gpio_interface' for CMake module files
[20.204s] DEBUG:colcon.colcon_core.event_handler.log_command:Invoked command in '/home/scott/mercer_garm/ros2/build/pi_gpio_interface' returned '0': CMAKE_PREFIX_PATH=${CMAKE_PREFIX_PATH}:/home/scott/mercer_garm/ros2/install/mercer_robot_commander_py:/home/scott/mercer_garm/ros2/install/mercer_g_arm_desktop_bringup:/home/scott/mercer_garm/ros2/install/mercer_g_arm_sim:/home/scott/mercer_garm/ros2/install/mercer_g_arm_rpi_bringup:/home/scott/mercer_garm/ros2/install/mercer_g_arm:/home/scott/mercer_garm/ros2/install/mercer_g-arm_rpi_bringup:/home/scott/mercer_garm/ros2/install/mercer_g-arm_desktop_bringup:/home/scott/mercer_garm/ros2/install/joy_js_pkg:/home/scott/mercer_garm/ros2/install/garm_motion_planning_demos:/home/scott/mercer_garm/ros2/install/g_arm_trajectory_bridge:/home/scott/mercer_garm/ros2/install/g_arm_python_examples:/home/scott/mercer_garm/ros2/install/g-arm_simulation:/home/scott/mercer_garm/ros2/install/g_arm:/home/scott/mercer_garm_ws/install/mercer_g_arm_desktop_bringup:/home/scott/mercer_garm_ws/install/mercer_robot_commander_py:/home/scott/mercer_garm_ws/install/mercer_g_arm_sim:/home/scott/mercer_garm_ws/install/mercer_g_arm_rpi_bringup:/home/scott/mercer_garm_ws/install/mercer_g_arm:/home/scott/mercer_garm_ws/install/mercer_g-arm_rpi_bringup:/home/scott/mercer_garm_ws/install/mercer_g-arm_desktop_bringup:/home/scott/mercer_garm_ws/install/joy_js_pkg:/home/scott/mercer_garm_ws/install/garm_motion_planning_demos:/home/scott/mercer_garm_ws/install/g_arm_trajectory_bridge:/home/scott/mercer_garm_ws/install/g_arm_python_examples:/home/scott/mercer_garm_ws/install/g-arm_simulation:/home/scott/mercer_garm_ws/install/g_arm:/home/scott/ros2_ws/install/joy_js_pkg:/home/scott/ros2_ws/install/garm_motion_planning_demos:/home/scott/ros2_ws/install/g_arm_trajectory_bridge:/home/scott/ros2_ws/install/g_arm_python_examples:/home/scott/ros2_ws/install/g-arm_simulation:/home/scott/ros2_ws/install/g_arm:/home/scott/ws_moveit/install/moveit_configs_utils:/opt/ros/jazzy DEBUGINFOD_URLS=https://debuginfod.ubuntu.com PS1=(ros2_venv) \[\e]0;\u@\h: \w\a\]${debian_chroot:+($debian_chroot)}\[\033[01;32m\]\u@\h\[\033[00m\]:\[\033[01;34m\]\w\[\033[00m\]\$ VIRTUAL_ENV_PROMPT=(ros2_venv) /snap/bin/cmake --install /home/scott/mercer_garm/ros2/build/pi_gpio_interface
[20.204s] Level 1:colcon.colcon_core.environment:checking '/home/scott/mercer_garm/ros2/install/pi_gpio_interface' for CMake config files
[20.204s] Level 1:colcon.colcon_core.shell:create_environment_hook('pi_gpio_interface', 'cmake_prefix_path')
[20.205s] INFO:colcon.colcon_core.shell:Creating environment hook '/home/scott/mercer_garm/ros2/install/pi_gpio_interface/share/pi_gpio_interface/hook/cmake_prefix_path.ps1'
[20.205s] INFO:colcon.colcon_core.shell:Creating environment descriptor '/home/scott/mercer_garm/ros2/install/pi_gpio_interface/share/pi_gpio_interface/hook/cmake_prefix_path.dsv'
[20.205s] INFO:colcon.colcon_core.shell:Creating environment hook '/home/scott/mercer_garm/ros2/install/pi_gpio_interface/share/pi_gpio_interface/hook/cmake_prefix_path.sh'
[20.206s] Level 1:colcon.colcon_core.environment:checking '/home/scott/mercer_garm/ros2/install/pi_gpio_interface/lib'
[20.206s] Level 1:colcon.colcon_core.shell:create_environment_hook('pi_gpio_interface', 'ld_library_path_lib')
[20.206s] INFO:colcon.colcon_core.shell:Creating environment hook '/home/scott/mercer_garm/ros2/install/pi_gpio_interface/share/pi_gpio_interface/hook/ld_library_path_lib.ps1'
[20.207s] INFO:colcon.colcon_core.shell:Creating environment descriptor '/home/scott/mercer_garm/ros2/install/pi_gpio_interface/share/pi_gpio_interface/hook/ld_library_path_lib.dsv'
[20.207s] INFO:colcon.colcon_core.shell:Creating environment hook '/home/scott/mercer_garm/ros2/install/pi_gpio_interface/share/pi_gpio_interface/hook/ld_library_path_lib.sh'
[20.207s] Level 1:colcon.colcon_core.environment:checking '/home/scott/mercer_garm/ros2/install/pi_gpio_interface/bin'
[20.207s] Level 1:colcon.colcon_core.environment:checking '/home/scott/mercer_garm/ros2/install/pi_gpio_interface/lib/pkgconfig/pi_gpio_interface.pc'
[20.208s] Level 1:colcon.colcon_core.environment:checking '/home/scott/mercer_garm/ros2/install/pi_gpio_interface/lib/python3.12/site-packages'
[20.208s] Level 1:colcon.colcon_core.shell:create_environment_hook('pi_gpio_interface', 'pythonpath')
[20.208s] INFO:colcon.colcon_core.shell:Creating environment hook '/home/scott/mercer_garm/ros2/install/pi_gpio_interface/share/pi_gpio_interface/hook/pythonpath.ps1'
[20.208s] INFO:colcon.colcon_core.shell:Creating environment descriptor '/home/scott/mercer_garm/ros2/install/pi_gpio_interface/share/pi_gpio_interface/hook/pythonpath.dsv'
[20.209s] INFO:colcon.colcon_core.shell:Creating environment hook '/home/scott/mercer_garm/ros2/install/pi_gpio_interface/share/pi_gpio_interface/hook/pythonpath.sh'
[20.209s] Level 1:colcon.colcon_core.environment:checking '/home/scott/mercer_garm/ros2/install/pi_gpio_interface/bin'
[20.210s] INFO:colcon.colcon_core.shell:Creating package script '/home/scott/mercer_garm/ros2/install/pi_gpio_interface/share/pi_gpio_interface/package.ps1'
[20.210s] INFO:colcon.colcon_core.shell:Creating package descriptor '/home/scott/mercer_garm/ros2/install/pi_gpio_interface/share/pi_gpio_interface/package.dsv'
[20.211s] INFO:colcon.colcon_core.shell:Creating package script '/home/scott/mercer_garm/ros2/install/pi_gpio_interface/share/pi_gpio_interface/package.sh'
[20.211s] INFO:colcon.colcon_core.shell:Creating package script '/home/scott/mercer_garm/ros2/install/pi_gpio_interface/share/pi_gpio_interface/package.bash'
[20.211s] INFO:colcon.colcon_core.shell:Creating package script '/home/scott/mercer_garm/ros2/install/pi_gpio_interface/share/pi_gpio_interface/package.zsh'
[20.212s] Level 1:colcon.colcon_core.environment:create_file_with_runtime_dependencies(/home/scott/mercer_garm/ros2/install/pi_gpio_interface/share/colcon-core/packages/pi_gpio_interface)
[20.213s] Level 1:colcon.colcon_core.environment:create_environment_scripts_only(pi_gpio_interface)
[20.213s] Level 1:colcon.colcon_core.environment:checking '/home/scott/mercer_garm/ros2/install/pi_gpio_interface' for CMake module files
[20.213s] Level 1:colcon.colcon_core.environment:checking '/home/scott/mercer_garm/ros2/install/pi_gpio_interface' for CMake config files
[20.214s] Level 1:colcon.colcon_core.shell:create_environment_hook('pi_gpio_interface', 'cmake_prefix_path')
[20.214s] INFO:colcon.colcon_core.shell:Creating environment hook '/home/scott/mercer_garm/ros2/install/pi_gpio_interface/share/pi_gpio_interface/hook/cmake_prefix_path.ps1'
[20.214s] INFO:colcon.colcon_core.shell:Creating environment descriptor '/home/scott/mercer_garm/ros2/install/pi_gpio_interface/share/pi_gpio_interface/hook/cmake_prefix_path.dsv'
[20.215s] INFO:colcon.colcon_core.shell:Creating environment hook '/home/scott/mercer_garm/ros2/install/pi_gpio_interface/share/pi_gpio_interface/hook/cmake_prefix_path.sh'
[20.215s] Level 1:colcon.colcon_core.environment:checking '/home/scott/mercer_garm/ros2/install/pi_gpio_interface/lib'
[20.216s] Level 1:colcon.colcon_core.shell:create_environment_hook('pi_gpio_interface', 'ld_library_path_lib')
[20.216s] INFO:colcon.colcon_core.shell:Creating environment hook '/home/scott/mercer_garm/ros2/install/pi_gpio_interface/share/pi_gpio_interface/hook/ld_library_path_lib.ps1'
[20.216s] INFO:colcon.colcon_core.shell:Creating environment descriptor '/home/scott/mercer_garm/ros2/install/pi_gpio_interface/share/pi_gpio_interface/hook/ld_library_path_lib.dsv'
[20.217s] INFO:colcon.colcon_core.shell:Creating environment hook '/home/scott/mercer_garm/ros2/install/pi_gpio_interface/share/pi_gpio_interface/hook/ld_library_path_lib.sh'
[20.217s] Level 1:colcon.colcon_core.environment:checking '/home/scott/mercer_garm/ros2/install/pi_gpio_interface/bin'
[20.217s] Level 1:colcon.colcon_core.environment:checking '/home/scott/mercer_garm/ros2/install/pi_gpio_interface/lib/pkgconfig/pi_gpio_interface.pc'
[20.217s] Level 1:colcon.colcon_core.environment:checking '/home/scott/mercer_garm/ros2/install/pi_gpio_interface/lib/python3.12/site-packages'
[20.218s] Level 1:colcon.colcon_core.shell:create_environment_hook('pi_gpio_interface', 'pythonpath')
[20.218s] INFO:colcon.colcon_core.shell:Creating environment hook '/home/scott/mercer_garm/ros2/install/pi_gpio_interface/share/pi_gpio_interface/hook/pythonpath.ps1'
[20.218s] INFO:colcon.colcon_core.shell:Creating environment descriptor '/home/scott/mercer_garm/ros2/install/pi_gpio_interface/share/pi_gpio_interface/hook/pythonpath.dsv'
[20.218s] INFO:colcon.colcon_core.shell:Creating environment hook '/home/scott/mercer_garm/ros2/install/pi_gpio_interface/share/pi_gpio_interface/hook/pythonpath.sh'
[20.219s] Level 1:colcon.colcon_core.environment:checking '/home/scott/mercer_garm/ros2/install/pi_gpio_interface/bin'
[20.220s] INFO:colcon.colcon_core.shell:Creating package script '/home/scott/mercer_garm/ros2/install/pi_gpio_interface/share/pi_gpio_interface/package.ps1'
[20.220s] INFO:colcon.colcon_core.shell:Creating package descriptor '/home/scott/mercer_garm/ros2/install/pi_gpio_interface/share/pi_gpio_interface/package.dsv'
[20.221s] INFO:colcon.colcon_core.shell:Creating package script '/home/scott/mercer_garm/ros2/install/pi_gpio_interface/share/pi_gpio_interface/package.sh'
[20.222s] INFO:colcon.colcon_core.shell:Creating package script '/home/scott/mercer_garm/ros2/install/pi_gpio_interface/share/pi_gpio_interface/package.bash'
[20.222s] INFO:colcon.colcon_core.shell:Creating package script '/home/scott/mercer_garm/ros2/install/pi_gpio_interface/share/pi_gpio_interface/package.zsh'
[20.222s] Level 1:colcon.colcon_core.environment:create_file_with_runtime_dependencies(/home/scott/mercer_garm/ros2/install/pi_gpio_interface/share/colcon-core/packages/pi_gpio_interface)
[20.226s] DEBUG:colcon.colcon_core.event_handler.log_command:Invoking command in '/home/scott/mercer_garm/ros2/build/mercer_robot_commander_cpp': CMAKE_PREFIX_PATH=/home/scott/mercer_garm/ros2/install/g_arm_msgs:/home/scott/mercer_garm/ros2/install/pymoveit2:/home/scott/mercer_garm/ros2/install/pi_gpio_interface:/home/scott/mercer_garm/ros2/install/mercer_robot_commander_cpp:/home/scott/mercer_garm/ros2/install/mercer_g_arm_topic_hw:/home/scott/mercer_garm/ros2/install/g_arm_moveit2:/home/scott/mercer_garm/ros2/install/g_arm_description:/home/scott/mercer_garm/ros2/install/g-arm_demos:/home/scott/mercer_garm_ws/install/pymoveit2:/home/scott/mercer_garm_ws/install/pi_gpio_interface:/home/scott/mercer_garm_ws/install/mercer_robot_commander_cpp:/home/scott/mercer_garm_ws/install/mercer_g_arm_topic_hw:/home/scott/mercer_garm_ws/install/g_arm_msgs:/home/scott/mercer_garm_ws/install/g_arm_moveit2:/home/scott/mercer_garm_ws/install/g_arm_description:/home/scott/mercer_garm_ws/install/g-arm_demos:/home/scott/ros2_ws/install/rviz_marker_tools:/home/scott/ros2_ws/install/pymoveit2:/home/scott/ros2_ws/install/moveit_task_constructor_msgs:/home/scott/ros2_ws/install/g_arm_moveit2:/home/scott/ros2_ws/install/g_arm_description:/home/scott/ros2_ws/install/g-arm_demos:/home/scott/ws_moveit/install/robotiq_hardware_tests:/home/scott/ws_moveit/install/robotiq_driver:/home/scott/ws_moveit/install/serial:/home/scott/ws_moveit/install/moveit2_tutorials:/home/scott/ws_moveit/install/moveit_visual_tools:/home/scott/ws_moveit/install/rviz_visual_tools:/home/scott/ws_moveit/install/moveit_task_constructor_demo:/home/scott/ws_moveit/install/moveit_task_constructor_visualization:/home/scott/ws_moveit/install/moveit_task_constructor_capabilities:/home/scott/ws_moveit/install/moveit_task_constructor_core:/home/scott/ws_moveit/install/rviz_marker_tools:/home/scott/ws_moveit/install/kortex_bringup:/home/scott/ws_moveit/install/kinova_gen3_lite_moveit_config:/home/scott/ws_moveit/install/kinova_gen3_7dof_robotiq_2f_85_moveit_config:/home/scott/ws_moveit/install/kinova_gen3_6dof_robotiq_2f_85_moveit_config:/home/scott/ws_moveit/install/kortex_description:/home/scott/ws_moveit/install/robotiq_description:/home/scott/ws_moveit/install/robotiq_controllers:/home/scott/ws_moveit/install/pilz_industrial_motion_planner_testutils:/home/scott/ws_moveit/install/moveit_runtime:/home/scott/ws_moveit/install/moveit:/home/scott/ws_moveit/install/moveit_planners:/home/scott/ws_moveit/install/pilz_industrial_motion_planner:/home/scott/ws_moveit/install/moveit_task_constructor_msgs:/home/scott/ws_moveit/install/moveit_ros_control_interface:/home/scott/ws_moveit/install/moveit_plugins:/home/scott/ws_moveit/install/moveit_simple_controller_manager:/home/scott/ws_moveit/install/moveit_setup_assistant:/home/scott/ws_moveit/install/moveit_setup_srdf_plugins:/home/scott/ws_moveit/install/moveit_setup_core_plugins:/home/scott/ws_moveit/install/moveit_setup_controllers:/home/scott/ws_moveit/install/moveit_setup_app_plugins:/home/scott/ws_moveit/install/moveit_setup_framework:/home/scott/ws_moveit/install/moveit_servo:/home/scott/ws_moveit/install/moveit_ros_trajectory_cache:/home/scott/ws_moveit/install/moveit_ros:/home/scott/ws_moveit/install/moveit_ros_visualization:/home/scott/ws_moveit/install/moveit_py:/home/scott/ws_moveit/install/moveit_hybrid_planning:/home/scott/ws_moveit/install/hello_moveit:/home/scott/ws_moveit/install/moveit_ros_planning_interface:/home/scott/ws_moveit/install/moveit_ros_benchmarks:/home/scott/ws_moveit/install/moveit_ros_warehouse:/home/scott/ws_moveit/install/moveit_ros_robot_interaction:/home/scott/ws_moveit/install/moveit_ros_perception:/home/scott/ws_moveit/install/moveit_resources_prbt_pg70_support:/home/scott/ws_moveit/install/moveit_resources_prbt_moveit_config:/home/scott/ws_moveit/install/moveit_ros_move_group:/home/scott/ws_moveit/install/moveit_planners_ompl:/home/scott/ws_moveit/install/moveit_kinematics:/home/scott/ws_moveit/install/moveit_ros_planning:/home/scott/ws_moveit/install/moveit_ros_occupancy_map_monitor:/home/scott/ws_moveit/install/moveit_resources_prbt_support:/home/scott/ws_moveit/install/moveit_resources_prbt_ikfast_manipulator_plugin:/home/scott/ws_moveit/install/moveit_resources:/home/scott/ws_moveit/install/moveit_resources_pr2_description:/home/scott/ws_moveit/install/moveit_resources_panda_moveit_config:/home/scott/ws_moveit/install/dual_arm_panda_moveit_config:/home/scott/ws_moveit/install/moveit_resources_panda_description:/home/scott/ws_moveit/install/moveit_resources_fanuc_moveit_config:/home/scott/ws_moveit/install/moveit_resources_fanuc_description:/home/scott/ws_moveit/install/moveit_planners_stomp:/home/scott/ws_moveit/install/moveit_planners_chomp:/home/scott/ws_moveit/install/chomp_motion_planner:/home/scott/ws_moveit/install/moveit_core:/home/scott/ws_moveit/install/moveit_msgs:/home/scott/ws_moveit/install/moveit_common:/home/scott/ws_moveit/install/kortex_driver:/home/scott/ws_moveit/install/kortex_api:/opt/ros/jazzy/opt/gz_sim_vendor:/opt/ros/jazzy/opt/gz_sensors_vendor:/opt/ros/jazzy/opt/gz_physics_vendor:/opt/ros/jazzy/opt/sdformat_vendor:/opt/ros/jazzy/opt/gz_gui_vendor:/opt/ros/jazzy/opt/gz_transport_vendor:/opt/ros/jazzy/opt/gz_rendering_vendor:/opt/ros/jazzy/opt/gz_plugin_vendor:/opt/ros/jazzy/opt/gz_fuel_tools_vendor:/opt/ros/jazzy/opt/gz_msgs_vendor:/opt/ros/jazzy/opt/gz_common_vendor:/opt/ros/jazzy/opt/gz_math_vendor:/opt/ros/jazzy/opt/gz_utils_vendor:/opt/ros/jazzy/opt/gz_tools_vendor:/opt/ros/jazzy/opt/gz_ogre_next_vendor:/opt/ros/jazzy/opt/gz_dartsim_vendor:/opt/ros/jazzy/opt/gz_cmake_vendor:/home/scott/mercer_garm/ros2/install/mercer_robot_commander_py:/home/scott/mercer_garm/ros2/install/mercer_g_arm_desktop_bringup:/home/scott/mercer_garm/ros2/install/mercer_g_arm_sim:/home/scott/mercer_garm/ros2/install/mercer_g_arm_rpi_bringup:/home/scott/mercer_garm/ros2/install/mercer_g_arm:/home/scott/mercer_garm/ros2/install/mercer_g-arm_rpi_bringup:/home/scott/mercer_garm/ros2/install/mercer_g-arm_desktop_bringup:/home/scott/mercer_garm/ros2/install/joy_js_pkg:/home/scott/mercer_garm/ros2/install/garm_motion_planning_demos:/home/scott/mercer_garm/ros2/install/g_arm_trajectory_bridge:/home/scott/mercer_garm/ros2/install/g_arm_python_examples:/home/scott/mercer_garm/ros2/install/g-arm_simulation:/home/scott/mercer_garm/ros2/install/g_arm:/home/scott/mercer_garm_ws/install/mercer_g_arm_desktop_bringup:/home/scott/mercer_garm_ws/install/mercer_robot_commander_py:/home/scott/mercer_garm_ws/install/mercer_g_arm_sim:/home/scott/mercer_garm_ws/install/mercer_g_arm_rpi_bringup:/home/scott/mercer_garm_ws/install/mercer_g_arm:/home/scott/mercer_garm_ws/install/mercer_g-arm_rpi_bringup:/home/scott/mercer_garm_ws/install/mercer_g-arm_desktop_bringup:/home/scott/mercer_garm_ws/install/joy_js_pkg:/home/scott/mercer_garm_ws/install/garm_motion_planning_demos:/home/scott/mercer_garm_ws/install/g_arm_trajectory_bridge:/home/scott/mercer_garm_ws/install/g_arm_python_examples:/home/scott/mercer_garm_ws/install/g-arm_simulation:/home/scott/mercer_garm_ws/install/g_arm:/home/scott/ros2_ws/install/joy_js_pkg:/home/scott/ros2_ws/install/garm_motion_planning_demos:/home/scott/ros2_ws/install/g_arm_trajectory_bridge:/home/scott/ros2_ws/install/g_arm_python_examples:/home/scott/ros2_ws/install/g-arm_simulation:/home/scott/ros2_ws/install/g_arm:/home/scott/ws_moveit/install/moveit_configs_utils:/opt/ros/jazzy DEBUGINFOD_URLS=https://debuginfod.ubuntu.com LD_LIBRARY_PATH=/home/scott/mercer_garm/ros2/install/g_arm_msgs/lib:/home/scott/mercer_garm/ros2/install/pi_gpio_interface/lib:/home/scott/mercer_garm/ros2/install/mercer_g_arm_topic_hw/lib:/home/scott/mercer_garm_ws/install/pi_gpio_interface/lib:/home/scott/mercer_garm_ws/install/mercer_g_arm_topic_hw/lib:/home/scott/mercer_garm_ws/install/g_arm_msgs/lib:/home/scott/ros2_ws/install/rviz_marker_tools/lib:/home/scott/ros2_ws/install/moveit_task_constructor_msgs/lib:/home/scott/ws_moveit/install/robotiq_driver/lib:/home/scott/ws_moveit/install/serial/lib:/home/scott/ws_moveit/install/moveit_visual_tools/lib:/home/scott/ws_moveit/install/rviz_visual_tools/lib:/home/scott/ws_moveit/install/moveit_task_constructor_demo/lib:/home/scott/ws_moveit/install/moveit_task_constructor_visualization/lib:/home/scott/ws_moveit/install/moveit_task_constructor_capabilities/lib:/home/scott/ws_moveit/install/moveit_task_constructor_core/lib:/home/scott/ws_moveit/install/rviz_marker_tools/lib:/home/scott/ws_moveit/install/robotiq_controllers/lib:/home/scott/ws_moveit/install/pilz_industrial_motion_planner_testutils/lib:/home/scott/ws_moveit/install/pilz_industrial_motion_planner/lib:/home/scott/ws_moveit/install/moveit_task_constructor_msgs/lib:/home/scott/ws_moveit/install/moveit_ros_control_interface/lib:/home/scott/ws_moveit/install/moveit_simple_controller_manager/lib:/home/scott/ws_moveit/install/moveit_setup_assistant/lib:/home/scott/ws_moveit/install/moveit_setup_srdf_plugins/lib:/home/scott/ws_moveit/install/moveit_setup_core_plugins/lib:/home/scott/ws_moveit/install/moveit_setup_controllers/lib:/home/scott/ws_moveit/install/moveit_setup_app_plugins/lib:/home/scott/ws_moveit/install/moveit_setup_framework/lib:/home/scott/ws_moveit/install/moveit_servo/lib:/home/scott/ws_moveit/install/moveit_ros_trajectory_cache/lib:/home/scott/ws_moveit/install/moveit_ros_visualization/lib:/home/scott/ws_moveit/install/moveit_py/lib:/home/scott/ws_moveit/install/moveit_hybrid_planning/lib:/home/scott/ws_moveit/install/moveit_ros_planning_interface/lib:/home/scott/ws_moveit/install/moveit_ros_benchmarks/lib:/home/scott/ws_moveit/install/moveit_ros_warehouse/lib:/home/scott/ws_moveit/install/moveit_ros_robot_interaction/lib:/home/scott/ws_moveit/install/moveit_ros_perception/lib:/home/scott/ws_moveit/install/moveit_ros_move_group/lib:/home/scott/ws_moveit/install/moveit_planners_ompl/lib:/home/scott/ws_moveit/install/moveit_kinematics/lib:/home/scott/ws_moveit/install/moveit_ros_planning/lib:/home/scott/ws_moveit/install/moveit_ros_occupancy_map_monitor/lib:/home/scott/ws_moveit/install/moveit_resources_prbt_ikfast_manipulator_plugin/lib:/home/scott/ws_moveit/install/moveit_planners_stomp/lib:/home/scott/ws_moveit/install/moveit_planners_chomp/lib:/home/scott/ws_moveit/install/chomp_motion_planner/lib:/home/scott/ws_moveit/install/moveit_core/lib:/home/scott/ws_moveit/install/moveit_msgs/lib:/home/scott/ws_moveit/install/kortex_driver/lib:/opt/ros/jazzy/opt/gz_sim_vendor/lib:/opt/ros/jazzy/opt/gz_sensors_vendor/lib:/opt/ros/jazzy/opt/gz_physics_vendor/lib:/opt/ros/jazzy/opt/sdformat_vendor/lib:/opt/ros/jazzy/opt/rviz_ogre_vendor/lib:/opt/ros/jazzy/lib/x86_64-linux-gnu:/opt/ros/jazzy/opt/gz_gui_vendor/lib:/opt/ros/jazzy/opt/gz_transport_vendor/lib:/opt/ros/jazzy/opt/gz_rendering_vendor/lib:/opt/ros/jazzy/opt/gz_plugin_vendor/lib:/opt/ros/jazzy/opt/gz_fuel_tools_vendor/lib:/opt/ros/jazzy/opt/gz_msgs_vendor/lib:/opt/ros/jazzy/opt/gz_common_vendor/lib:/opt/ros/jazzy/opt/gz_math_vendor/lib:/opt/ros/jazzy/opt/gz_utils_vendor/lib:/opt/ros/jazzy/opt/gz_tools_vendor/lib:/opt/ros/jazzy/opt/gz_ogre_next_vendor/lib:/opt/ros/jazzy/opt/gz_dartsim_vendor/lib:/opt/ros/jazzy/opt/gz_cmake_vendor/lib:/opt/ros/jazzy/lib PS1=(ros2_venv) \[\e]0;\u@\h: \w\a\]${debian_chroot:+($debian_chroot)}\[\033[01;32m\]\u@\h\[\033[00m\]:\[\033[01;34m\]\w\[\033[00m\]\$ PYTHONPATH=/home/scott/mercer_garm/ros2/install/g_arm_msgs/lib/python3.12/site-packages:/home/scott/mercer_garm/ros2/install/pymoveit2/lib/python3.12/site-packages:/home/scott/mercer_garm/ros2/install/pi_gpio_interface/lib/python3.12/site-packages:/home/scott/mercer_garm/ros2/install/mercer_robot_commander_py/lib/python3.12/site-packages:/home/scott/mercer_garm/ros2/install/mercer_g_arm_desktop_bringup/lib/python3.12/site-packages:/home/scott/mercer_garm/ros2/install/mercer_g_arm_sim/lib/python3.12/site-packages:/home/scott/mercer_garm/ros2/install/mercer_g_arm_rpi_bringup/lib/python3.12/site-packages:/home/scott/mercer_garm/ros2/install/mercer_g_arm/lib/python3.12/site-packages:/home/scott/mercer_garm/ros2/install/mercer_g-arm_rpi_bringup/lib/python3.12/site-packages:/home/scott/mercer_garm/ros2/install/mercer_g-arm_desktop_bringup/lib/python3.12/site-packages:/home/scott/mercer_garm/ros2/install/joy_js_pkg/lib/python3.12/site-packages:/home/scott/mercer_garm/ros2/install/garm_motion_planning_demos/lib/python3.12/site-packages:/home/scott/mercer_garm/ros2/install/g_arm_trajectory_bridge/lib/python3.12/site-packages:/home/scott/mercer_garm/ros2/install/g_arm_python_examples/lib/python3.12/site-packages:/home/scott/mercer_garm/ros2/install/g-arm_simulation/lib/python3.12/site-packages:/home/scott/mercer_garm/ros2/install/g_arm/lib/python3.12/site-packages:/home/scott/mercer_garm_ws/install/mercer_g_arm_desktop_bringup/lib/python3.12/site-packages:/home/scott/mercer_garm_ws/install/pymoveit2/lib/python3.12/site-packages:/home/scott/mercer_garm_ws/install/pi_gpio_interface/lib/python3.12/site-packages:/home/scott/mercer_garm_ws/install/mercer_robot_commander_py/lib/python3.12/site-packages:/home/scott/mercer_garm_ws/install/mercer_g_arm_sim/lib/python3.12/site-packages:/home/scott/mercer_garm_ws/install/mercer_g_arm_rpi_bringup/lib/python3.12/site-packages:/home/scott/mercer_garm_ws/install/mercer_g_arm/lib/python3.12/site-packages:/home/scott/mercer_garm_ws/install/mercer_g-arm_rpi_bringup/lib/python3.12/site-packages:/home/scott/mercer_garm_ws/install/mercer_g-arm_desktop_bringup/lib/python3.12/site-packages:/home/scott/mercer_garm_ws/install/joy_js_pkg/lib/python3.12/site-packages:/home/scott/mercer_garm_ws/install/garm_motion_planning_demos/lib/python3.12/site-packages:/home/scott/mercer_garm_ws/install/g_arm_trajectory_bridge/lib/python3.12/site-packages:/home/scott/mercer_garm_ws/install/g_arm_python_examples/lib/python3.12/site-packages:/home/scott/mercer_garm_ws/install/g_arm_msgs/lib/python3.12/site-packages:/home/scott/mercer_garm_ws/install/g-arm_simulation/lib/python3.12/site-packages:/home/scott/mercer_garm_ws/install/g_arm/lib/python3.12/site-packages:/home/scott/ros2_ws/install/pymoveit2/lib/python3.12/site-packages:/home/scott/ros2_ws/install/moveit_task_constructor_msgs/lib/python3.12/site-packages:/home/scott/ros2_ws/install/joy_js_pkg/lib/python3.12/site-packages:/home/scott/ros2_ws/install/garm_motion_planning_demos/lib/python3.12/site-packages:/home/scott/ros2_ws/install/g_arm_trajectory_bridge/lib/python3.12/site-packages:/home/scott/ros2_ws/install/g_arm_python_examples/lib/python3.12/site-packages:/home/scott/ros2_ws/install/g-arm_simulation/lib/python3.12/site-packages:/home/scott/ros2_ws/install/g_arm/lib/python3.12/site-packages:/home/scott/ws_moveit/install/moveit_task_constructor_core/lib/python3.12/site-packages:/home/scott/ws_moveit/install/moveit_task_constructor_msgs/lib/python3.12/site-packages:/home/scott/ws_moveit/install/moveit_py/lib/python3.12/site-packages:/home/scott/ws_moveit/install/moveit_msgs/lib/python3.12/site-packages:/home/scott/ws_moveit/install/moveit_configs_utils/lib/python3.12/site-packages:/opt/ros/jazzy/lib/python3.12/site-packages VIRTUAL_ENV_PROMPT=(ros2_venv) /snap/bin/cmake /home/scott/mercer_garm/ros2/src/mercer_robot_commander_cpp -DCMAKE_INSTALL_PREFIX=/home/scott/mercer_garm/ros2/install/mercer_robot_commander_cpp
[27.503s] DEBUG:colcon.colcon_core.event_handler.log_command:Invoked command in '/home/scott/mercer_garm/ros2/build/mercer_robot_commander_cpp' returned '0': CMAKE_PREFIX_PATH=/home/scott/mercer_garm/ros2/install/g_arm_msgs:/home/scott/mercer_garm/ros2/install/pymoveit2:/home/scott/mercer_garm/ros2/install/pi_gpio_interface:/home/scott/mercer_garm/ros2/install/mercer_robot_commander_cpp:/home/scott/mercer_garm/ros2/install/mercer_g_arm_topic_hw:/home/scott/mercer_garm/ros2/install/g_arm_moveit2:/home/scott/mercer_garm/ros2/install/g_arm_description:/home/scott/mercer_garm/ros2/install/g-arm_demos:/home/scott/mercer_garm_ws/install/pymoveit2:/home/scott/mercer_garm_ws/install/pi_gpio_interface:/home/scott/mercer_garm_ws/install/mercer_robot_commander_cpp:/home/scott/mercer_garm_ws/install/mercer_g_arm_topic_hw:/home/scott/mercer_garm_ws/install/g_arm_msgs:/home/scott/mercer_garm_ws/install/g_arm_moveit2:/home/scott/mercer_garm_ws/install/g_arm_description:/home/scott/mercer_garm_ws/install/g-arm_demos:/home/scott/ros2_ws/install/rviz_marker_tools:/home/scott/ros2_ws/install/pymoveit2:/home/scott/ros2_ws/install/moveit_task_constructor_msgs:/home/scott/ros2_ws/install/g_arm_moveit2:/home/scott/ros2_ws/install/g_arm_description:/home/scott/ros2_ws/install/g-arm_demos:/home/scott/ws_moveit/install/robotiq_hardware_tests:/home/scott/ws_moveit/install/robotiq_driver:/home/scott/ws_moveit/install/serial:/home/scott/ws_moveit/install/moveit2_tutorials:/home/scott/ws_moveit/install/moveit_visual_tools:/home/scott/ws_moveit/install/rviz_visual_tools:/home/scott/ws_moveit/install/moveit_task_constructor_demo:/home/scott/ws_moveit/install/moveit_task_constructor_visualization:/home/scott/ws_moveit/install/moveit_task_constructor_capabilities:/home/scott/ws_moveit/install/moveit_task_constructor_core:/home/scott/ws_moveit/install/rviz_marker_tools:/home/scott/ws_moveit/install/kortex_bringup:/home/scott/ws_moveit/install/kinova_gen3_lite_moveit_config:/home/scott/ws_moveit/install/kinova_gen3_7dof_robotiq_2f_85_moveit_config:/home/scott/ws_moveit/install/kinova_gen3_6dof_robotiq_2f_85_moveit_config:/home/scott/ws_moveit/install/kortex_description:/home/scott/ws_moveit/install/robotiq_description:/home/scott/ws_moveit/install/robotiq_controllers:/home/scott/ws_moveit/install/pilz_industrial_motion_planner_testutils:/home/scott/ws_moveit/install/moveit_runtime:/home/scott/ws_moveit/install/moveit:/home/scott/ws_moveit/install/moveit_planners:/home/scott/ws_moveit/install/pilz_industrial_motion_planner:/home/scott/ws_moveit/install/moveit_task_constructor_msgs:/home/scott/ws_moveit/install/moveit_ros_control_interface:/home/scott/ws_moveit/install/moveit_plugins:/home/scott/ws_moveit/install/moveit_simple_controller_manager:/home/scott/ws_moveit/install/moveit_setup_assistant:/home/scott/ws_moveit/install/moveit_setup_srdf_plugins:/home/scott/ws_moveit/install/moveit_setup_core_plugins:/home/scott/ws_moveit/install/moveit_setup_controllers:/home/scott/ws_moveit/install/moveit_setup_app_plugins:/home/scott/ws_moveit/install/moveit_setup_framework:/home/scott/ws_moveit/install/moveit_servo:/home/scott/ws_moveit/install/moveit_ros_trajectory_cache:/home/scott/ws_moveit/install/moveit_ros:/home/scott/ws_moveit/install/moveit_ros_visualization:/home/scott/ws_moveit/install/moveit_py:/home/scott/ws_moveit/install/moveit_hybrid_planning:/home/scott/ws_moveit/install/hello_moveit:/home/scott/ws_moveit/install/moveit_ros_planning_interface:/home/scott/ws_moveit/install/moveit_ros_benchmarks:/home/scott/ws_moveit/install/moveit_ros_warehouse:/home/scott/ws_moveit/install/moveit_ros_robot_interaction:/home/scott/ws_moveit/install/moveit_ros_perception:/home/scott/ws_moveit/install/moveit_resources_prbt_pg70_support:/home/scott/ws_moveit/install/moveit_resources_prbt_moveit_config:/home/scott/ws_moveit/install/moveit_ros_move_group:/home/scott/ws_moveit/install/moveit_planners_ompl:/home/scott/ws_moveit/install/moveit_kinematics:/home/scott/ws_moveit/install/moveit_ros_planning:/home/scott/ws_moveit/install/moveit_ros_occupancy_map_monitor:/home/scott/ws_moveit/install/moveit_resources_prbt_support:/home/scott/ws_moveit/install/moveit_resources_prbt_ikfast_manipulator_plugin:/home/scott/ws_moveit/install/moveit_resources:/home/scott/ws_moveit/install/moveit_resources_pr2_description:/home/scott/ws_moveit/install/moveit_resources_panda_moveit_config:/home/scott/ws_moveit/install/dual_arm_panda_moveit_config:/home/scott/ws_moveit/install/moveit_resources_panda_description:/home/scott/ws_moveit/install/moveit_resources_fanuc_moveit_config:/home/scott/ws_moveit/install/moveit_resources_fanuc_description:/home/scott/ws_moveit/install/moveit_planners_stomp:/home/scott/ws_moveit/install/moveit_planners_chomp:/home/scott/ws_moveit/install/chomp_motion_planner:/home/scott/ws_moveit/install/moveit_core:/home/scott/ws_moveit/install/moveit_msgs:/home/scott/ws_moveit/install/moveit_common:/home/scott/ws_moveit/install/kortex_driver:/home/scott/ws_moveit/install/kortex_api:/opt/ros/jazzy/opt/gz_sim_vendor:/opt/ros/jazzy/opt/gz_sensors_vendor:/opt/ros/jazzy/opt/gz_physics_vendor:/opt/ros/jazzy/opt/sdformat_vendor:/opt/ros/jazzy/opt/gz_gui_vendor:/opt/ros/jazzy/opt/gz_transport_vendor:/opt/ros/jazzy/opt/gz_rendering_vendor:/opt/ros/jazzy/opt/gz_plugin_vendor:/opt/ros/jazzy/opt/gz_fuel_tools_vendor:/opt/ros/jazzy/opt/gz_msgs_vendor:/opt/ros/jazzy/opt/gz_common_vendor:/opt/ros/jazzy/opt/gz_math_vendor:/opt/ros/jazzy/opt/gz_utils_vendor:/opt/ros/jazzy/opt/gz_tools_vendor:/opt/ros/jazzy/opt/gz_ogre_next_vendor:/opt/ros/jazzy/opt/gz_dartsim_vendor:/opt/ros/jazzy/opt/gz_cmake_vendor:/home/scott/mercer_garm/ros2/install/mercer_robot_commander_py:/home/scott/mercer_garm/ros2/install/mercer_g_arm_desktop_bringup:/home/scott/mercer_garm/ros2/install/mercer_g_arm_sim:/home/scott/mercer_garm/ros2/install/mercer_g_arm_rpi_bringup:/home/scott/mercer_garm/ros2/install/mercer_g_arm:/home/scott/mercer_garm/ros2/install/mercer_g-arm_rpi_bringup:/home/scott/mercer_garm/ros2/install/mercer_g-arm_desktop_bringup:/home/scott/mercer_garm/ros2/install/joy_js_pkg:/home/scott/mercer_garm/ros2/install/garm_motion_planning_demos:/home/scott/mercer_garm/ros2/install/g_arm_trajectory_bridge:/home/scott/mercer_garm/ros2/install/g_arm_python_examples:/home/scott/mercer_garm/ros2/install/g-arm_simulation:/home/scott/mercer_garm/ros2/install/g_arm:/home/scott/mercer_garm_ws/install/mercer_g_arm_desktop_bringup:/home/scott/mercer_garm_ws/install/mercer_robot_commander_py:/home/scott/mercer_garm_ws/install/mercer_g_arm_sim:/home/scott/mercer_garm_ws/install/mercer_g_arm_rpi_bringup:/home/scott/mercer_garm_ws/install/mercer_g_arm:/home/scott/mercer_garm_ws/install/mercer_g-arm_rpi_bringup:/home/scott/mercer_garm_ws/install/mercer_g-arm_desktop_bringup:/home/scott/mercer_garm_ws/install/joy_js_pkg:/home/scott/mercer_garm_ws/install/garm_motion_planning_demos:/home/scott/mercer_garm_ws/install/g_arm_trajectory_bridge:/home/scott/mercer_garm_ws/install/g_arm_python_examples:/home/scott/mercer_garm_ws/install/g-arm_simulation:/home/scott/mercer_garm_ws/install/g_arm:/home/scott/ros2_ws/install/joy_js_pkg:/home/scott/ros2_ws/install/garm_motion_planning_demos:/home/scott/ros2_ws/install/g_arm_trajectory_bridge:/home/scott/ros2_ws/install/g_arm_python_examples:/home/scott/ros2_ws/install/g-arm_simulation:/home/scott/ros2_ws/install/g_arm:/home/scott/ws_moveit/install/moveit_configs_utils:/opt/ros/jazzy DEBUGINFOD_URLS=https://debuginfod.ubuntu.com LD_LIBRARY_PATH=/home/scott/mercer_garm/ros2/install/g_arm_msgs/lib:/home/scott/mercer_garm/ros2/install/pi_gpio_interface/lib:/home/scott/mercer_garm/ros2/install/mercer_g_arm_topic_hw/lib:/home/scott/mercer_garm_ws/install/pi_gpio_interface/lib:/home/scott/mercer_garm_ws/install/mercer_g_arm_topic_hw/lib:/home/scott/mercer_garm_ws/install/g_arm_msgs/lib:/home/scott/ros2_ws/install/rviz_marker_tools/lib:/home/scott/ros2_ws/install/moveit_task_constructor_msgs/lib:/home/scott/ws_moveit/install/robotiq_driver/lib:/home/scott/ws_moveit/install/serial/lib:/home/scott/ws_moveit/install/moveit_visual_tools/lib:/home/scott/ws_moveit/install/rviz_visual_tools/lib:/home/scott/ws_moveit/install/moveit_task_constructor_demo/lib:/home/scott/ws_moveit/install/moveit_task_constructor_visualization/lib:/home/scott/ws_moveit/install/moveit_task_constructor_capabilities/lib:/home/scott/ws_moveit/install/moveit_task_constructor_core/lib:/home/scott/ws_moveit/install/rviz_marker_tools/lib:/home/scott/ws_moveit/install/robotiq_controllers/lib:/home/scott/ws_moveit/install/pilz_industrial_motion_planner_testutils/lib:/home/scott/ws_moveit/install/pilz_industrial_motion_planner/lib:/home/scott/ws_moveit/install/moveit_task_constructor_msgs/lib:/home/scott/ws_moveit/install/moveit_ros_control_interface/lib:/home/scott/ws_moveit/install/moveit_simple_controller_manager/lib:/home/scott/ws_moveit/install/moveit_setup_assistant/lib:/home/scott/ws_moveit/install/moveit_setup_srdf_plugins/lib:/home/scott/ws_moveit/install/moveit_setup_core_plugins/lib:/home/scott/ws_moveit/install/moveit_setup_controllers/lib:/home/scott/ws_moveit/install/moveit_setup_app_plugins/lib:/home/scott/ws_moveit/install/moveit_setup_framework/lib:/home/scott/ws_moveit/install/moveit_servo/lib:/home/scott/ws_moveit/install/moveit_ros_trajectory_cache/lib:/home/scott/ws_moveit/install/moveit_ros_visualization/lib:/home/scott/ws_moveit/install/moveit_py/lib:/home/scott/ws_moveit/install/moveit_hybrid_planning/lib:/home/scott/ws_moveit/install/moveit_ros_planning_interface/lib:/home/scott/ws_moveit/install/moveit_ros_benchmarks/lib:/home/scott/ws_moveit/install/moveit_ros_warehouse/lib:/home/scott/ws_moveit/install/moveit_ros_robot_interaction/lib:/home/scott/ws_moveit/install/moveit_ros_perception/lib:/home/scott/ws_moveit/install/moveit_ros_move_group/lib:/home/scott/ws_moveit/install/moveit_planners_ompl/lib:/home/scott/ws_moveit/install/moveit_kinematics/lib:/home/scott/ws_moveit/install/moveit_ros_planning/lib:/home/scott/ws_moveit/install/moveit_ros_occupancy_map_monitor/lib:/home/scott/ws_moveit/install/moveit_resources_prbt_ikfast_manipulator_plugin/lib:/home/scott/ws_moveit/install/moveit_planners_stomp/lib:/home/scott/ws_moveit/install/moveit_planners_chomp/lib:/home/scott/ws_moveit/install/chomp_motion_planner/lib:/home/scott/ws_moveit/install/moveit_core/lib:/home/scott/ws_moveit/install/moveit_msgs/lib:/home/scott/ws_moveit/install/kortex_driver/lib:/opt/ros/jazzy/opt/gz_sim_vendor/lib:/opt/ros/jazzy/opt/gz_sensors_vendor/lib:/opt/ros/jazzy/opt/gz_physics_vendor/lib:/opt/ros/jazzy/opt/sdformat_vendor/lib:/opt/ros/jazzy/opt/rviz_ogre_vendor/lib:/opt/ros/jazzy/lib/x86_64-linux-gnu:/opt/ros/jazzy/opt/gz_gui_vendor/lib:/opt/ros/jazzy/opt/gz_transport_vendor/lib:/opt/ros/jazzy/opt/gz_rendering_vendor/lib:/opt/ros/jazzy/opt/gz_plugin_vendor/lib:/opt/ros/jazzy/opt/gz_fuel_tools_vendor/lib:/opt/ros/jazzy/opt/gz_msgs_vendor/lib:/opt/ros/jazzy/opt/gz_common_vendor/lib:/opt/ros/jazzy/opt/gz_math_vendor/lib:/opt/ros/jazzy/opt/gz_utils_vendor/lib:/opt/ros/jazzy/opt/gz_tools_vendor/lib:/opt/ros/jazzy/opt/gz_ogre_next_vendor/lib:/opt/ros/jazzy/opt/gz_dartsim_vendor/lib:/opt/ros/jazzy/opt/gz_cmake_vendor/lib:/opt/ros/jazzy/lib PS1=(ros2_venv) \[\e]0;\u@\h: \w\a\]${debian_chroot:+($debian_chroot)}\[\033[01;32m\]\u@\h\[\033[00m\]:\[\033[01;34m\]\w\[\033[00m\]\$ PYTHONPATH=/home/scott/mercer_garm/ros2/install/g_arm_msgs/lib/python3.12/site-packages:/home/scott/mercer_garm/ros2/install/pymoveit2/lib/python3.12/site-packages:/home/scott/mercer_garm/ros2/install/pi_gpio_interface/lib/python3.12/site-packages:/home/scott/mercer_garm/ros2/install/mercer_robot_commander_py/lib/python3.12/site-packages:/home/scott/mercer_garm/ros2/install/mercer_g_arm_desktop_bringup/lib/python3.12/site-packages:/home/scott/mercer_garm/ros2/install/mercer_g_arm_sim/lib/python3.12/site-packages:/home/scott/mercer_garm/ros2/install/mercer_g_arm_rpi_bringup/lib/python3.12/site-packages:/home/scott/mercer_garm/ros2/install/mercer_g_arm/lib/python3.12/site-packages:/home/scott/mercer_garm/ros2/install/mercer_g-arm_rpi_bringup/lib/python3.12/site-packages:/home/scott/mercer_garm/ros2/install/mercer_g-arm_desktop_bringup/lib/python3.12/site-packages:/home/scott/mercer_garm/ros2/install/joy_js_pkg/lib/python3.12/site-packages:/home/scott/mercer_garm/ros2/install/garm_motion_planning_demos/lib/python3.12/site-packages:/home/scott/mercer_garm/ros2/install/g_arm_trajectory_bridge/lib/python3.12/site-packages:/home/scott/mercer_garm/ros2/install/g_arm_python_examples/lib/python3.12/site-packages:/home/scott/mercer_garm/ros2/install/g-arm_simulation/lib/python3.12/site-packages:/home/scott/mercer_garm/ros2/install/g_arm/lib/python3.12/site-packages:/home/scott/mercer_garm_ws/install/mercer_g_arm_desktop_bringup/lib/python3.12/site-packages:/home/scott/mercer_garm_ws/install/pymoveit2/lib/python3.12/site-packages:/home/scott/mercer_garm_ws/install/pi_gpio_interface/lib/python3.12/site-packages:/home/scott/mercer_garm_ws/install/mercer_robot_commander_py/lib/python3.12/site-packages:/home/scott/mercer_garm_ws/install/mercer_g_arm_sim/lib/python3.12/site-packages:/home/scott/mercer_garm_ws/install/mercer_g_arm_rpi_bringup/lib/python3.12/site-packages:/home/scott/mercer_garm_ws/install/mercer_g_arm/lib/python3.12/site-packages:/home/scott/mercer_garm_ws/install/mercer_g-arm_rpi_bringup/lib/python3.12/site-packages:/home/scott/mercer_garm_ws/install/mercer_g-arm_desktop_bringup/lib/python3.12/site-packages:/home/scott/mercer_garm_ws/install/joy_js_pkg/lib/python3.12/site-packages:/home/scott/mercer_garm_ws/install/garm_motion_planning_demos/lib/python3.12/site-packages:/home/scott/mercer_garm_ws/install/g_arm_trajectory_bridge/lib/python3.12/site-packages:/home/scott/mercer_garm_ws/install/g_arm_python_examples/lib/python3.12/site-packages:/home/scott/mercer_garm_ws/install/g_arm_msgs/lib/python3.12/site-packages:/home/scott/mercer_garm_ws/install/g-arm_simulation/lib/python3.12/site-packages:/home/scott/mercer_garm_ws/install/g_arm/lib/python3.12/site-packages:/home/scott/ros2_ws/install/pymoveit2/lib/python3.12/site-packages:/home/scott/ros2_ws/install/moveit_task_constructor_msgs/lib/python3.12/site-packages:/home/scott/ros2_ws/install/joy_js_pkg/lib/python3.12/site-packages:/home/scott/ros2_ws/install/garm_motion_planning_demos/lib/python3.12/site-packages:/home/scott/ros2_ws/install/g_arm_trajectory_bridge/lib/python3.12/site-packages:/home/scott/ros2_ws/install/g_arm_python_examples/lib/python3.12/site-packages:/home/scott/ros2_ws/install/g-arm_simulation/lib/python3.12/site-packages:/home/scott/ros2_ws/install/g_arm/lib/python3.12/site-packages:/home/scott/ws_moveit/install/moveit_task_constructor_core/lib/python3.12/site-packages:/home/scott/ws_moveit/install/moveit_task_constructor_msgs/lib/python3.12/site-packages:/home/scott/ws_moveit/install/moveit_py/lib/python3.12/site-packages:/home/scott/ws_moveit/install/moveit_msgs/lib/python3.12/site-packages:/home/scott/ws_moveit/install/moveit_configs_utils/lib/python3.12/site-packages:/opt/ros/jazzy/lib/python3.12/site-packages VIRTUAL_ENV_PROMPT=(ros2_venv) /snap/bin/cmake /home/scott/mercer_garm/ros2/src/mercer_robot_commander_cpp -DCMAKE_INSTALL_PREFIX=/home/scott/mercer_garm/ros2/install/mercer_robot_commander_cpp
[27.504s] DEBUG:colcon.colcon_core.event_handler.log_command:Invoking command in '/home/scott/mercer_garm/ros2/build/mercer_robot_commander_cpp': CMAKE_PREFIX_PATH=/home/scott/mercer_garm/ros2/install/g_arm_msgs:/home/scott/mercer_garm/ros2/install/pymoveit2:/home/scott/mercer_garm/ros2/install/pi_gpio_interface:/home/scott/mercer_garm/ros2/install/mercer_robot_commander_cpp:/home/scott/mercer_garm/ros2/install/mercer_g_arm_topic_hw:/home/scott/mercer_garm/ros2/install/g_arm_moveit2:/home/scott/mercer_garm/ros2/install/g_arm_description:/home/scott/mercer_garm/ros2/install/g-arm_demos:/home/scott/mercer_garm_ws/install/pymoveit2:/home/scott/mercer_garm_ws/install/pi_gpio_interface:/home/scott/mercer_garm_ws/install/mercer_robot_commander_cpp:/home/scott/mercer_garm_ws/install/mercer_g_arm_topic_hw:/home/scott/mercer_garm_ws/install/g_arm_msgs:/home/scott/mercer_garm_ws/install/g_arm_moveit2:/home/scott/mercer_garm_ws/install/g_arm_description:/home/scott/mercer_garm_ws/install/g-arm_demos:/home/scott/ros2_ws/install/rviz_marker_tools:/home/scott/ros2_ws/install/pymoveit2:/home/scott/ros2_ws/install/moveit_task_constructor_msgs:/home/scott/ros2_ws/install/g_arm_moveit2:/home/scott/ros2_ws/install/g_arm_description:/home/scott/ros2_ws/install/g-arm_demos:/home/scott/ws_moveit/install/robotiq_hardware_tests:/home/scott/ws_moveit/install/robotiq_driver:/home/scott/ws_moveit/install/serial:/home/scott/ws_moveit/install/moveit2_tutorials:/home/scott/ws_moveit/install/moveit_visual_tools:/home/scott/ws_moveit/install/rviz_visual_tools:/home/scott/ws_moveit/install/moveit_task_constructor_demo:/home/scott/ws_moveit/install/moveit_task_constructor_visualization:/home/scott/ws_moveit/install/moveit_task_constructor_capabilities:/home/scott/ws_moveit/install/moveit_task_constructor_core:/home/scott/ws_moveit/install/rviz_marker_tools:/home/scott/ws_moveit/install/kortex_bringup:/home/scott/ws_moveit/install/kinova_gen3_lite_moveit_config:/home/scott/ws_moveit/install/kinova_gen3_7dof_robotiq_2f_85_moveit_config:/home/scott/ws_moveit/install/kinova_gen3_6dof_robotiq_2f_85_moveit_config:/home/scott/ws_moveit/install/kortex_description:/home/scott/ws_moveit/install/robotiq_description:/home/scott/ws_moveit/install/robotiq_controllers:/home/scott/ws_moveit/install/pilz_industrial_motion_planner_testutils:/home/scott/ws_moveit/install/moveit_runtime:/home/scott/ws_moveit/install/moveit:/home/scott/ws_moveit/install/moveit_planners:/home/scott/ws_moveit/install/pilz_industrial_motion_planner:/home/scott/ws_moveit/install/moveit_task_constructor_msgs:/home/scott/ws_moveit/install/moveit_ros_control_interface:/home/scott/ws_moveit/install/moveit_plugins:/home/scott/ws_moveit/install/moveit_simple_controller_manager:/home/scott/ws_moveit/install/moveit_setup_assistant:/home/scott/ws_moveit/install/moveit_setup_srdf_plugins:/home/scott/ws_moveit/install/moveit_setup_core_plugins:/home/scott/ws_moveit/install/moveit_setup_controllers:/home/scott/ws_moveit/install/moveit_setup_app_plugins:/home/scott/ws_moveit/install/moveit_setup_framework:/home/scott/ws_moveit/install/moveit_servo:/home/scott/ws_moveit/install/moveit_ros_trajectory_cache:/home/scott/ws_moveit/install/moveit_ros:/home/scott/ws_moveit/install/moveit_ros_visualization:/home/scott/ws_moveit/install/moveit_py:/home/scott/ws_moveit/install/moveit_hybrid_planning:/home/scott/ws_moveit/install/hello_moveit:/home/scott/ws_moveit/install/moveit_ros_planning_interface:/home/scott/ws_moveit/install/moveit_ros_benchmarks:/home/scott/ws_moveit/install/moveit_ros_warehouse:/home/scott/ws_moveit/install/moveit_ros_robot_interaction:/home/scott/ws_moveit/install/moveit_ros_perception:/home/scott/ws_moveit/install/moveit_resources_prbt_pg70_support:/home/scott/ws_moveit/install/moveit_resources_prbt_moveit_config:/home/scott/ws_moveit/install/moveit_ros_move_group:/home/scott/ws_moveit/install/moveit_planners_ompl:/home/scott/ws_moveit/install/moveit_kinematics:/home/scott/ws_moveit/install/moveit_ros_planning:/home/scott/ws_moveit/install/moveit_ros_occupancy_map_monitor:/home/scott/ws_moveit/install/moveit_resources_prbt_support:/home/scott/ws_moveit/install/moveit_resources_prbt_ikfast_manipulator_plugin:/home/scott/ws_moveit/install/moveit_resources:/home/scott/ws_moveit/install/moveit_resources_pr2_description:/home/scott/ws_moveit/install/moveit_resources_panda_moveit_config:/home/scott/ws_moveit/install/dual_arm_panda_moveit_config:/home/scott/ws_moveit/install/moveit_resources_panda_description:/home/scott/ws_moveit/install/moveit_resources_fanuc_moveit_config:/home/scott/ws_moveit/install/moveit_resources_fanuc_description:/home/scott/ws_moveit/install/moveit_planners_stomp:/home/scott/ws_moveit/install/moveit_planners_chomp:/home/scott/ws_moveit/install/chomp_motion_planner:/home/scott/ws_moveit/install/moveit_core:/home/scott/ws_moveit/install/moveit_msgs:/home/scott/ws_moveit/install/moveit_common:/home/scott/ws_moveit/install/kortex_driver:/home/scott/ws_moveit/install/kortex_api:/opt/ros/jazzy/opt/gz_sim_vendor:/opt/ros/jazzy/opt/gz_sensors_vendor:/opt/ros/jazzy/opt/gz_physics_vendor:/opt/ros/jazzy/opt/sdformat_vendor:/opt/ros/jazzy/opt/gz_gui_vendor:/opt/ros/jazzy/opt/gz_transport_vendor:/opt/ros/jazzy/opt/gz_rendering_vendor:/opt/ros/jazzy/opt/gz_plugin_vendor:/opt/ros/jazzy/opt/gz_fuel_tools_vendor:/opt/ros/jazzy/opt/gz_msgs_vendor:/opt/ros/jazzy/opt/gz_common_vendor:/opt/ros/jazzy/opt/gz_math_vendor:/opt/ros/jazzy/opt/gz_utils_vendor:/opt/ros/jazzy/opt/gz_tools_vendor:/opt/ros/jazzy/opt/gz_ogre_next_vendor:/opt/ros/jazzy/opt/gz_dartsim_vendor:/opt/ros/jazzy/opt/gz_cmake_vendor:/home/scott/mercer_garm/ros2/install/mercer_robot_commander_py:/home/scott/mercer_garm/ros2/install/mercer_g_arm_desktop_bringup:/home/scott/mercer_garm/ros2/install/mercer_g_arm_sim:/home/scott/mercer_garm/ros2/install/mercer_g_arm_rpi_bringup:/home/scott/mercer_garm/ros2/install/mercer_g_arm:/home/scott/mercer_garm/ros2/install/mercer_g-arm_rpi_bringup:/home/scott/mercer_garm/ros2/install/mercer_g-arm_desktop_bringup:/home/scott/mercer_garm/ros2/install/joy_js_pkg:/home/scott/mercer_garm/ros2/install/garm_motion_planning_demos:/home/scott/mercer_garm/ros2/install/g_arm_trajectory_bridge:/home/scott/mercer_garm/ros2/install/g_arm_python_examples:/home/scott/mercer_garm/ros2/install/g-arm_simulation:/home/scott/mercer_garm/ros2/install/g_arm:/home/scott/mercer_garm_ws/install/mercer_g_arm_desktop_bringup:/home/scott/mercer_garm_ws/install/mercer_robot_commander_py:/home/scott/mercer_garm_ws/install/mercer_g_arm_sim:/home/scott/mercer_garm_ws/install/mercer_g_arm_rpi_bringup:/home/scott/mercer_garm_ws/install/mercer_g_arm:/home/scott/mercer_garm_ws/install/mercer_g-arm_rpi_bringup:/home/scott/mercer_garm_ws/install/mercer_g-arm_desktop_bringup:/home/scott/mercer_garm_ws/install/joy_js_pkg:/home/scott/mercer_garm_ws/install/garm_motion_planning_demos:/home/scott/mercer_garm_ws/install/g_arm_trajectory_bridge:/home/scott/mercer_garm_ws/install/g_arm_python_examples:/home/scott/mercer_garm_ws/install/g-arm_simulation:/home/scott/mercer_garm_ws/install/g_arm:/home/scott/ros2_ws/install/joy_js_pkg:/home/scott/ros2_ws/install/garm_motion_planning_demos:/home/scott/ros2_ws/install/g_arm_trajectory_bridge:/home/scott/ros2_ws/install/g_arm_python_examples:/home/scott/ros2_ws/install/g-arm_simulation:/home/scott/ros2_ws/install/g_arm:/home/scott/ws_moveit/install/moveit_configs_utils:/opt/ros/jazzy DEBUGINFOD_URLS=https://debuginfod.ubuntu.com LD_LIBRARY_PATH=/home/scott/mercer_garm/ros2/install/g_arm_msgs/lib:/home/scott/mercer_garm/ros2/install/pi_gpio_interface/lib:/home/scott/mercer_garm/ros2/install/mercer_g_arm_topic_hw/lib:/home/scott/mercer_garm_ws/install/pi_gpio_interface/lib:/home/scott/mercer_garm_ws/install/mercer_g_arm_topic_hw/lib:/home/scott/mercer_garm_ws/install/g_arm_msgs/lib:/home/scott/ros2_ws/install/rviz_marker_tools/lib:/home/scott/ros2_ws/install/moveit_task_constructor_msgs/lib:/home/scott/ws_moveit/install/robotiq_driver/lib:/home/scott/ws_moveit/install/serial/lib:/home/scott/ws_moveit/install/moveit_visual_tools/lib:/home/scott/ws_moveit/install/rviz_visual_tools/lib:/home/scott/ws_moveit/install/moveit_task_constructor_demo/lib:/home/scott/ws_moveit/install/moveit_task_constructor_visualization/lib:/home/scott/ws_moveit/install/moveit_task_constructor_capabilities/lib:/home/scott/ws_moveit/install/moveit_task_constructor_core/lib:/home/scott/ws_moveit/install/rviz_marker_tools/lib:/home/scott/ws_moveit/install/robotiq_controllers/lib:/home/scott/ws_moveit/install/pilz_industrial_motion_planner_testutils/lib:/home/scott/ws_moveit/install/pilz_industrial_motion_planner/lib:/home/scott/ws_moveit/install/moveit_task_constructor_msgs/lib:/home/scott/ws_moveit/install/moveit_ros_control_interface/lib:/home/scott/ws_moveit/install/moveit_simple_controller_manager/lib:/home/scott/ws_moveit/install/moveit_setup_assistant/lib:/home/scott/ws_moveit/install/moveit_setup_srdf_plugins/lib:/home/scott/ws_moveit/install/moveit_setup_core_plugins/lib:/home/scott/ws_moveit/install/moveit_setup_controllers/lib:/home/scott/ws_moveit/install/moveit_setup_app_plugins/lib:/home/scott/ws_moveit/install/moveit_setup_framework/lib:/home/scott/ws_moveit/install/moveit_servo/lib:/home/scott/ws_moveit/install/moveit_ros_trajectory_cache/lib:/home/scott/ws_moveit/install/moveit_ros_visualization/lib:/home/scott/ws_moveit/install/moveit_py/lib:/home/scott/ws_moveit/install/moveit_hybrid_planning/lib:/home/scott/ws_moveit/install/moveit_ros_planning_interface/lib:/home/scott/ws_moveit/install/moveit_ros_benchmarks/lib:/home/scott/ws_moveit/install/moveit_ros_warehouse/lib:/home/scott/ws_moveit/install/moveit_ros_robot_interaction/lib:/home/scott/ws_moveit/install/moveit_ros_perception/lib:/home/scott/ws_moveit/install/moveit_ros_move_group/lib:/home/scott/ws_moveit/install/moveit_planners_ompl/lib:/home/scott/ws_moveit/install/moveit_kinematics/lib:/home/scott/ws_moveit/install/moveit_ros_planning/lib:/home/scott/ws_moveit/install/moveit_ros_occupancy_map_monitor/lib:/home/scott/ws_moveit/install/moveit_resources_prbt_ikfast_manipulator_plugin/lib:/home/scott/ws_moveit/install/moveit_planners_stomp/lib:/home/scott/ws_moveit/install/moveit_planners_chomp/lib:/home/scott/ws_moveit/install/chomp_motion_planner/lib:/home/scott/ws_moveit/install/moveit_core/lib:/home/scott/ws_moveit/install/moveit_msgs/lib:/home/scott/ws_moveit/install/kortex_driver/lib:/opt/ros/jazzy/opt/gz_sim_vendor/lib:/opt/ros/jazzy/opt/gz_sensors_vendor/lib:/opt/ros/jazzy/opt/gz_physics_vendor/lib:/opt/ros/jazzy/opt/sdformat_vendor/lib:/opt/ros/jazzy/opt/rviz_ogre_vendor/lib:/opt/ros/jazzy/lib/x86_64-linux-gnu:/opt/ros/jazzy/opt/gz_gui_vendor/lib:/opt/ros/jazzy/opt/gz_transport_vendor/lib:/opt/ros/jazzy/opt/gz_rendering_vendor/lib:/opt/ros/jazzy/opt/gz_plugin_vendor/lib:/opt/ros/jazzy/opt/gz_fuel_tools_vendor/lib:/opt/ros/jazzy/opt/gz_msgs_vendor/lib:/opt/ros/jazzy/opt/gz_common_vendor/lib:/opt/ros/jazzy/opt/gz_math_vendor/lib:/opt/ros/jazzy/opt/gz_utils_vendor/lib:/opt/ros/jazzy/opt/gz_tools_vendor/lib:/opt/ros/jazzy/opt/gz_ogre_next_vendor/lib:/opt/ros/jazzy/opt/gz_dartsim_vendor/lib:/opt/ros/jazzy/opt/gz_cmake_vendor/lib:/opt/ros/jazzy/lib PS1=(ros2_venv) \[\e]0;\u@\h: \w\a\]${debian_chroot:+($debian_chroot)}\[\033[01;32m\]\u@\h\[\033[00m\]:\[\033[01;34m\]\w\[\033[00m\]\$ PYTHONPATH=/home/scott/mercer_garm/ros2/install/g_arm_msgs/lib/python3.12/site-packages:/home/scott/mercer_garm/ros2/install/pymoveit2/lib/python3.12/site-packages:/home/scott/mercer_garm/ros2/install/pi_gpio_interface/lib/python3.12/site-packages:/home/scott/mercer_garm/ros2/install/mercer_robot_commander_py/lib/python3.12/site-packages:/home/scott/mercer_garm/ros2/install/mercer_g_arm_desktop_bringup/lib/python3.12/site-packages:/home/scott/mercer_garm/ros2/install/mercer_g_arm_sim/lib/python3.12/site-packages:/home/scott/mercer_garm/ros2/install/mercer_g_arm_rpi_bringup/lib/python3.12/site-packages:/home/scott/mercer_garm/ros2/install/mercer_g_arm/lib/python3.12/site-packages:/home/scott/mercer_garm/ros2/install/mercer_g-arm_rpi_bringup/lib/python3.12/site-packages:/home/scott/mercer_garm/ros2/install/mercer_g-arm_desktop_bringup/lib/python3.12/site-packages:/home/scott/mercer_garm/ros2/install/joy_js_pkg/lib/python3.12/site-packages:/home/scott/mercer_garm/ros2/install/garm_motion_planning_demos/lib/python3.12/site-packages:/home/scott/mercer_garm/ros2/install/g_arm_trajectory_bridge/lib/python3.12/site-packages:/home/scott/mercer_garm/ros2/install/g_arm_python_examples/lib/python3.12/site-packages:/home/scott/mercer_garm/ros2/install/g-arm_simulation/lib/python3.12/site-packages:/home/scott/mercer_garm/ros2/install/g_arm/lib/python3.12/site-packages:/home/scott/mercer_garm_ws/install/mercer_g_arm_desktop_bringup/lib/python3.12/site-packages:/home/scott/mercer_garm_ws/install/pymoveit2/lib/python3.12/site-packages:/home/scott/mercer_garm_ws/install/pi_gpio_interface/lib/python3.12/site-packages:/home/scott/mercer_garm_ws/install/mercer_robot_commander_py/lib/python3.12/site-packages:/home/scott/mercer_garm_ws/install/mercer_g_arm_sim/lib/python3.12/site-packages:/home/scott/mercer_garm_ws/install/mercer_g_arm_rpi_bringup/lib/python3.12/site-packages:/home/scott/mercer_garm_ws/install/mercer_g_arm/lib/python3.12/site-packages:/home/scott/mercer_garm_ws/install/mercer_g-arm_rpi_bringup/lib/python3.12/site-packages:/home/scott/mercer_garm_ws/install/mercer_g-arm_desktop_bringup/lib/python3.12/site-packages:/home/scott/mercer_garm_ws/install/joy_js_pkg/lib/python3.12/site-packages:/home/scott/mercer_garm_ws/install/garm_motion_planning_demos/lib/python3.12/site-packages:/home/scott/mercer_garm_ws/install/g_arm_trajectory_bridge/lib/python3.12/site-packages:/home/scott/mercer_garm_ws/install/g_arm_python_examples/lib/python3.12/site-packages:/home/scott/mercer_garm_ws/install/g_arm_msgs/lib/python3.12/site-packages:/home/scott/mercer_garm_ws/install/g-arm_simulation/lib/python3.12/site-packages:/home/scott/mercer_garm_ws/install/g_arm/lib/python3.12/site-packages:/home/scott/ros2_ws/install/pymoveit2/lib/python3.12/site-packages:/home/scott/ros2_ws/install/moveit_task_constructor_msgs/lib/python3.12/site-packages:/home/scott/ros2_ws/install/joy_js_pkg/lib/python3.12/site-packages:/home/scott/ros2_ws/install/garm_motion_planning_demos/lib/python3.12/site-packages:/home/scott/ros2_ws/install/g_arm_trajectory_bridge/lib/python3.12/site-packages:/home/scott/ros2_ws/install/g_arm_python_examples/lib/python3.12/site-packages:/home/scott/ros2_ws/install/g-arm_simulation/lib/python3.12/site-packages:/home/scott/ros2_ws/install/g_arm/lib/python3.12/site-packages:/home/scott/ws_moveit/install/moveit_task_constructor_core/lib/python3.12/site-packages:/home/scott/ws_moveit/install/moveit_task_constructor_msgs/lib/python3.12/site-packages:/home/scott/ws_moveit/install/moveit_py/lib/python3.12/site-packages:/home/scott/ws_moveit/install/moveit_msgs/lib/python3.12/site-packages:/home/scott/ws_moveit/install/moveit_configs_utils/lib/python3.12/site-packages:/opt/ros/jazzy/lib/python3.12/site-packages VIRTUAL_ENV_PROMPT=(ros2_venv) /snap/bin/cmake --build /home/scott/mercer_garm/ros2/build/mercer_robot_commander_cpp -- -j4 -l4
[29.617s] DEBUG:colcon.colcon_core.event_handler.log_command:Invoked command in '/home/scott/mercer_garm/ros2/build/mercer_g_arm_topic_hw' returned '0': CMAKE_PREFIX_PATH=${CMAKE_PREFIX_PATH}:/home/scott/mercer_garm/ros2/install/mercer_robot_commander_py:/home/scott/mercer_garm/ros2/install/mercer_g_arm_desktop_bringup:/home/scott/mercer_garm/ros2/install/mercer_g_arm_sim:/home/scott/mercer_garm/ros2/install/mercer_g_arm_rpi_bringup:/home/scott/mercer_garm/ros2/install/mercer_g_arm:/home/scott/mercer_garm/ros2/install/mercer_g-arm_rpi_bringup:/home/scott/mercer_garm/ros2/install/mercer_g-arm_desktop_bringup:/home/scott/mercer_garm/ros2/install/joy_js_pkg:/home/scott/mercer_garm/ros2/install/garm_motion_planning_demos:/home/scott/mercer_garm/ros2/install/g_arm_trajectory_bridge:/home/scott/mercer_garm/ros2/install/g_arm_python_examples:/home/scott/mercer_garm/ros2/install/g-arm_simulation:/home/scott/mercer_garm/ros2/install/g_arm:/home/scott/mercer_garm_ws/install/mercer_g_arm_desktop_bringup:/home/scott/mercer_garm_ws/install/mercer_robot_commander_py:/home/scott/mercer_garm_ws/install/mercer_g_arm_sim:/home/scott/mercer_garm_ws/install/mercer_g_arm_rpi_bringup:/home/scott/mercer_garm_ws/install/mercer_g_arm:/home/scott/mercer_garm_ws/install/mercer_g-arm_rpi_bringup:/home/scott/mercer_garm_ws/install/mercer_g-arm_desktop_bringup:/home/scott/mercer_garm_ws/install/joy_js_pkg:/home/scott/mercer_garm_ws/install/garm_motion_planning_demos:/home/scott/mercer_garm_ws/install/g_arm_trajectory_bridge:/home/scott/mercer_garm_ws/install/g_arm_python_examples:/home/scott/mercer_garm_ws/install/g-arm_simulation:/home/scott/mercer_garm_ws/install/g_arm:/home/scott/ros2_ws/install/joy_js_pkg:/home/scott/ros2_ws/install/garm_motion_planning_demos:/home/scott/ros2_ws/install/g_arm_trajectory_bridge:/home/scott/ros2_ws/install/g_arm_python_examples:/home/scott/ros2_ws/install/g-arm_simulation:/home/scott/ros2_ws/install/g_arm:/home/scott/ws_moveit/install/moveit_configs_utils:/opt/ros/jazzy DEBUGINFOD_URLS=https://debuginfod.ubuntu.com PS1=(ros2_venv) \[\e]0;\u@\h: \w\a\]${debian_chroot:+($debian_chroot)}\[\033[01;32m\]\u@\h\[\033[00m\]:\[\033[01;34m\]\w\[\033[00m\]\$ VIRTUAL_ENV_PROMPT=(ros2_venv) /snap/bin/cmake --build /home/scott/mercer_garm/ros2/build/mercer_g_arm_topic_hw -- -j4 -l4
[29.618s] DEBUG:colcon.colcon_core.event_handler.log_command:Invoking command in '/home/scott/mercer_garm/ros2/build/mercer_g_arm_topic_hw': CMAKE_PREFIX_PATH=${CMAKE_PREFIX_PATH}:/home/scott/mercer_garm/ros2/install/mercer_robot_commander_py:/home/scott/mercer_garm/ros2/install/mercer_g_arm_desktop_bringup:/home/scott/mercer_garm/ros2/install/mercer_g_arm_sim:/home/scott/mercer_garm/ros2/install/mercer_g_arm_rpi_bringup:/home/scott/mercer_garm/ros2/install/mercer_g_arm:/home/scott/mercer_garm/ros2/install/mercer_g-arm_rpi_bringup:/home/scott/mercer_garm/ros2/install/mercer_g-arm_desktop_bringup:/home/scott/mercer_garm/ros2/install/joy_js_pkg:/home/scott/mercer_garm/ros2/install/garm_motion_planning_demos:/home/scott/mercer_garm/ros2/install/g_arm_trajectory_bridge:/home/scott/mercer_garm/ros2/install/g_arm_python_examples:/home/scott/mercer_garm/ros2/install/g-arm_simulation:/home/scott/mercer_garm/ros2/install/g_arm:/home/scott/mercer_garm_ws/install/mercer_g_arm_desktop_bringup:/home/scott/mercer_garm_ws/install/mercer_robot_commander_py:/home/scott/mercer_garm_ws/install/mercer_g_arm_sim:/home/scott/mercer_garm_ws/install/mercer_g_arm_rpi_bringup:/home/scott/mercer_garm_ws/install/mercer_g_arm:/home/scott/mercer_garm_ws/install/mercer_g-arm_rpi_bringup:/home/scott/mercer_garm_ws/install/mercer_g-arm_desktop_bringup:/home/scott/mercer_garm_ws/install/joy_js_pkg:/home/scott/mercer_garm_ws/install/garm_motion_planning_demos:/home/scott/mercer_garm_ws/install/g_arm_trajectory_bridge:/home/scott/mercer_garm_ws/install/g_arm_python_examples:/home/scott/mercer_garm_ws/install/g-arm_simulation:/home/scott/mercer_garm_ws/install/g_arm:/home/scott/ros2_ws/install/joy_js_pkg:/home/scott/ros2_ws/install/garm_motion_planning_demos:/home/scott/ros2_ws/install/g_arm_trajectory_bridge:/home/scott/ros2_ws/install/g_arm_python_examples:/home/scott/ros2_ws/install/g-arm_simulation:/home/scott/ros2_ws/install/g_arm:/home/scott/ws_moveit/install/moveit_configs_utils:/opt/ros/jazzy DEBUGINFOD_URLS=https://debuginfod.ubuntu.com PS1=(ros2_venv) \[\e]0;\u@\h: \w\a\]${debian_chroot:+($debian_chroot)}\[\033[01;32m\]\u@\h\[\033[00m\]:\[\033[01;34m\]\w\[\033[00m\]\$ VIRTUAL_ENV_PROMPT=(ros2_venv) /snap/bin/cmake --install /home/scott/mercer_garm/ros2/build/mercer_g_arm_topic_hw
[29.696s] Level 1:colcon.colcon_core.environment:create_environment_scripts_only(mercer_g_arm_topic_hw)
[29.697s] Level 1:colcon.colcon_core.environment:checking '/home/scott/mercer_garm/ros2/install/mercer_g_arm_topic_hw' for CMake module files
[29.697s] DEBUG:colcon.colcon_core.event_handler.log_command:Invoked command in '/home/scott/mercer_garm/ros2/build/mercer_g_arm_topic_hw' returned '0': CMAKE_PREFIX_PATH=${CMAKE_PREFIX_PATH}:/home/scott/mercer_garm/ros2/install/mercer_robot_commander_py:/home/scott/mercer_garm/ros2/install/mercer_g_arm_desktop_bringup:/home/scott/mercer_garm/ros2/install/mercer_g_arm_sim:/home/scott/mercer_garm/ros2/install/mercer_g_arm_rpi_bringup:/home/scott/mercer_garm/ros2/install/mercer_g_arm:/home/scott/mercer_garm/ros2/install/mercer_g-arm_rpi_bringup:/home/scott/mercer_garm/ros2/install/mercer_g-arm_desktop_bringup:/home/scott/mercer_garm/ros2/install/joy_js_pkg:/home/scott/mercer_garm/ros2/install/garm_motion_planning_demos:/home/scott/mercer_garm/ros2/install/g_arm_trajectory_bridge:/home/scott/mercer_garm/ros2/install/g_arm_python_examples:/home/scott/mercer_garm/ros2/install/g-arm_simulation:/home/scott/mercer_garm/ros2/install/g_arm:/home/scott/mercer_garm_ws/install/mercer_g_arm_desktop_bringup:/home/scott/mercer_garm_ws/install/mercer_robot_commander_py:/home/scott/mercer_garm_ws/install/mercer_g_arm_sim:/home/scott/mercer_garm_ws/install/mercer_g_arm_rpi_bringup:/home/scott/mercer_garm_ws/install/mercer_g_arm:/home/scott/mercer_garm_ws/install/mercer_g-arm_rpi_bringup:/home/scott/mercer_garm_ws/install/mercer_g-arm_desktop_bringup:/home/scott/mercer_garm_ws/install/joy_js_pkg:/home/scott/mercer_garm_ws/install/garm_motion_planning_demos:/home/scott/mercer_garm_ws/install/g_arm_trajectory_bridge:/home/scott/mercer_garm_ws/install/g_arm_python_examples:/home/scott/mercer_garm_ws/install/g-arm_simulation:/home/scott/mercer_garm_ws/install/g_arm:/home/scott/ros2_ws/install/joy_js_pkg:/home/scott/ros2_ws/install/garm_motion_planning_demos:/home/scott/ros2_ws/install/g_arm_trajectory_bridge:/home/scott/ros2_ws/install/g_arm_python_examples:/home/scott/ros2_ws/install/g-arm_simulation:/home/scott/ros2_ws/install/g_arm:/home/scott/ws_moveit/install/moveit_configs_utils:/opt/ros/jazzy DEBUGINFOD_URLS=https://debuginfod.ubuntu.com PS1=(ros2_venv) \[\e]0;\u@\h: \w\a\]${debian_chroot:+($debian_chroot)}\[\033[01;32m\]\u@\h\[\033[00m\]:\[\033[01;34m\]\w\[\033[00m\]\$ VIRTUAL_ENV_PROMPT=(ros2_venv) /snap/bin/cmake --install /home/scott/mercer_garm/ros2/build/mercer_g_arm_topic_hw
[29.698s] Level 1:colcon.colcon_core.environment:checking '/home/scott/mercer_garm/ros2/install/mercer_g_arm_topic_hw' for CMake config files
[29.698s] Level 1:colcon.colcon_core.shell:create_environment_hook('mercer_g_arm_topic_hw', 'cmake_prefix_path')
[29.698s] INFO:colcon.colcon_core.shell:Creating environment hook '/home/scott/mercer_garm/ros2/install/mercer_g_arm_topic_hw/share/mercer_g_arm_topic_hw/hook/cmake_prefix_path.ps1'
[29.698s] INFO:colcon.colcon_core.shell:Creating environment descriptor '/home/scott/mercer_garm/ros2/install/mercer_g_arm_topic_hw/share/mercer_g_arm_topic_hw/hook/cmake_prefix_path.dsv'
[29.699s] INFO:colcon.colcon_core.shell:Creating environment hook '/home/scott/mercer_garm/ros2/install/mercer_g_arm_topic_hw/share/mercer_g_arm_topic_hw/hook/cmake_prefix_path.sh'
[29.699s] Level 1:colcon.colcon_core.environment:checking '/home/scott/mercer_garm/ros2/install/mercer_g_arm_topic_hw/lib'
[29.699s] Level 1:colcon.colcon_core.shell:create_environment_hook('mercer_g_arm_topic_hw', 'ld_library_path_lib')
[29.700s] INFO:colcon.colcon_core.shell:Creating environment hook '/home/scott/mercer_garm/ros2/install/mercer_g_arm_topic_hw/share/mercer_g_arm_topic_hw/hook/ld_library_path_lib.ps1'
[29.700s] INFO:colcon.colcon_core.shell:Creating environment descriptor '/home/scott/mercer_garm/ros2/install/mercer_g_arm_topic_hw/share/mercer_g_arm_topic_hw/hook/ld_library_path_lib.dsv'
[29.700s] INFO:colcon.colcon_core.shell:Creating environment hook '/home/scott/mercer_garm/ros2/install/mercer_g_arm_topic_hw/share/mercer_g_arm_topic_hw/hook/ld_library_path_lib.sh'
[29.701s] Level 1:colcon.colcon_core.environment:checking '/home/scott/mercer_garm/ros2/install/mercer_g_arm_topic_hw/bin'
[29.701s] Level 1:colcon.colcon_core.environment:checking '/home/scott/mercer_garm/ros2/install/mercer_g_arm_topic_hw/lib/pkgconfig/mercer_g_arm_topic_hw.pc'
[29.701s] Level 1:colcon.colcon_core.environment:checking '/home/scott/mercer_garm/ros2/install/mercer_g_arm_topic_hw/lib/python3.12/site-packages'
[29.701s] Level 1:colcon.colcon_core.environment:checking '/home/scott/mercer_garm/ros2/install/mercer_g_arm_topic_hw/bin'
[29.701s] INFO:colcon.colcon_core.shell:Creating package script '/home/scott/mercer_garm/ros2/install/mercer_g_arm_topic_hw/share/mercer_g_arm_topic_hw/package.ps1'
[29.702s] INFO:colcon.colcon_core.shell:Creating package descriptor '/home/scott/mercer_garm/ros2/install/mercer_g_arm_topic_hw/share/mercer_g_arm_topic_hw/package.dsv'
[29.702s] INFO:colcon.colcon_core.shell:Creating package script '/home/scott/mercer_garm/ros2/install/mercer_g_arm_topic_hw/share/mercer_g_arm_topic_hw/package.sh'
[29.703s] INFO:colcon.colcon_core.shell:Creating package script '/home/scott/mercer_garm/ros2/install/mercer_g_arm_topic_hw/share/mercer_g_arm_topic_hw/package.bash'
[29.703s] INFO:colcon.colcon_core.shell:Creating package script '/home/scott/mercer_garm/ros2/install/mercer_g_arm_topic_hw/share/mercer_g_arm_topic_hw/package.zsh'
[29.704s] Level 1:colcon.colcon_core.environment:create_file_with_runtime_dependencies(/home/scott/mercer_garm/ros2/install/mercer_g_arm_topic_hw/share/colcon-core/packages/mercer_g_arm_topic_hw)
[29.705s] Level 1:colcon.colcon_core.environment:create_environment_scripts_only(mercer_g_arm_topic_hw)
[29.705s] Level 1:colcon.colcon_core.environment:checking '/home/scott/mercer_garm/ros2/install/mercer_g_arm_topic_hw' for CMake module files
[29.705s] Level 1:colcon.colcon_core.environment:checking '/home/scott/mercer_garm/ros2/install/mercer_g_arm_topic_hw' for CMake config files
[29.706s] Level 1:colcon.colcon_core.shell:create_environment_hook('mercer_g_arm_topic_hw', 'cmake_prefix_path')
[29.706s] INFO:colcon.colcon_core.shell:Creating environment hook '/home/scott/mercer_garm/ros2/install/mercer_g_arm_topic_hw/share/mercer_g_arm_topic_hw/hook/cmake_prefix_path.ps1'
[29.706s] INFO:colcon.colcon_core.shell:Creating environment descriptor '/home/scott/mercer_garm/ros2/install/mercer_g_arm_topic_hw/share/mercer_g_arm_topic_hw/hook/cmake_prefix_path.dsv'
[29.707s] INFO:colcon.colcon_core.shell:Creating environment hook '/home/scott/mercer_garm/ros2/install/mercer_g_arm_topic_hw/share/mercer_g_arm_topic_hw/hook/cmake_prefix_path.sh'
[29.707s] Level 1:colcon.colcon_core.environment:checking '/home/scott/mercer_garm/ros2/install/mercer_g_arm_topic_hw/lib'
[29.707s] Level 1:colcon.colcon_core.shell:create_environment_hook('mercer_g_arm_topic_hw', 'ld_library_path_lib')
[29.707s] INFO:colcon.colcon_core.shell:Creating environment hook '/home/scott/mercer_garm/ros2/install/mercer_g_arm_topic_hw/share/mercer_g_arm_topic_hw/hook/ld_library_path_lib.ps1'
[29.708s] INFO:colcon.colcon_core.shell:Creating environment descriptor '/home/scott/mercer_garm/ros2/install/mercer_g_arm_topic_hw/share/mercer_g_arm_topic_hw/hook/ld_library_path_lib.dsv'
[29.708s] INFO:colcon.colcon_core.shell:Creating environment hook '/home/scott/mercer_garm/ros2/install/mercer_g_arm_topic_hw/share/mercer_g_arm_topic_hw/hook/ld_library_path_lib.sh'
[29.709s] Level 1:colcon.colcon_core.environment:checking '/home/scott/mercer_garm/ros2/install/mercer_g_arm_topic_hw/bin'
[29.709s] Level 1:colcon.colcon_core.environment:checking '/home/scott/mercer_garm/ros2/install/mercer_g_arm_topic_hw/lib/pkgconfig/mercer_g_arm_topic_hw.pc'
[29.709s] Level 1:colcon.colcon_core.environment:checking '/home/scott/mercer_garm/ros2/install/mercer_g_arm_topic_hw/lib/python3.12/site-packages'
[29.709s] Level 1:colcon.colcon_core.environment:checking '/home/scott/mercer_garm/ros2/install/mercer_g_arm_topic_hw/bin'
[29.710s] INFO:colcon.colcon_core.shell:Creating package script '/home/scott/mercer_garm/ros2/install/mercer_g_arm_topic_hw/share/mercer_g_arm_topic_hw/package.ps1'
[29.710s] INFO:colcon.colcon_core.shell:Creating package descriptor '/home/scott/mercer_garm/ros2/install/mercer_g_arm_topic_hw/share/mercer_g_arm_topic_hw/package.dsv'
[29.711s] INFO:colcon.colcon_core.shell:Creating package script '/home/scott/mercer_garm/ros2/install/mercer_g_arm_topic_hw/share/mercer_g_arm_topic_hw/package.sh'
[29.711s] INFO:colcon.colcon_core.shell:Creating package script '/home/scott/mercer_garm/ros2/install/mercer_g_arm_topic_hw/share/mercer_g_arm_topic_hw/package.bash'
[29.711s] INFO:colcon.colcon_core.shell:Creating package script '/home/scott/mercer_garm/ros2/install/mercer_g_arm_topic_hw/share/mercer_g_arm_topic_hw/package.zsh'
[29.712s] Level 1:colcon.colcon_core.environment:create_file_with_runtime_dependencies(/home/scott/mercer_garm/ros2/install/mercer_g_arm_topic_hw/share/colcon-core/packages/mercer_g_arm_topic_hw)
[111.799s] DEBUG:colcon.colcon_core.event_handler.log_command:Invoked command in '/home/scott/mercer_garm/ros2/build/mercer_robot_commander_cpp' returned '0': CMAKE_PREFIX_PATH=/home/scott/mercer_garm/ros2/install/g_arm_msgs:/home/scott/mercer_garm/ros2/install/pymoveit2:/home/scott/mercer_garm/ros2/install/pi_gpio_interface:/home/scott/mercer_garm/ros2/install/mercer_robot_commander_cpp:/home/scott/mercer_garm/ros2/install/mercer_g_arm_topic_hw:/home/scott/mercer_garm/ros2/install/g_arm_moveit2:/home/scott/mercer_garm/ros2/install/g_arm_description:/home/scott/mercer_garm/ros2/install/g-arm_demos:/home/scott/mercer_garm_ws/install/pymoveit2:/home/scott/mercer_garm_ws/install/pi_gpio_interface:/home/scott/mercer_garm_ws/install/mercer_robot_commander_cpp:/home/scott/mercer_garm_ws/install/mercer_g_arm_topic_hw:/home/scott/mercer_garm_ws/install/g_arm_msgs:/home/scott/mercer_garm_ws/install/g_arm_moveit2:/home/scott/mercer_garm_ws/install/g_arm_description:/home/scott/mercer_garm_ws/install/g-arm_demos:/home/scott/ros2_ws/install/rviz_marker_tools:/home/scott/ros2_ws/install/pymoveit2:/home/scott/ros2_ws/install/moveit_task_constructor_msgs:/home/scott/ros2_ws/install/g_arm_moveit2:/home/scott/ros2_ws/install/g_arm_description:/home/scott/ros2_ws/install/g-arm_demos:/home/scott/ws_moveit/install/robotiq_hardware_tests:/home/scott/ws_moveit/install/robotiq_driver:/home/scott/ws_moveit/install/serial:/home/scott/ws_moveit/install/moveit2_tutorials:/home/scott/ws_moveit/install/moveit_visual_tools:/home/scott/ws_moveit/install/rviz_visual_tools:/home/scott/ws_moveit/install/moveit_task_constructor_demo:/home/scott/ws_moveit/install/moveit_task_constructor_visualization:/home/scott/ws_moveit/install/moveit_task_constructor_capabilities:/home/scott/ws_moveit/install/moveit_task_constructor_core:/home/scott/ws_moveit/install/rviz_marker_tools:/home/scott/ws_moveit/install/kortex_bringup:/home/scott/ws_moveit/install/kinova_gen3_lite_moveit_config:/home/scott/ws_moveit/install/kinova_gen3_7dof_robotiq_2f_85_moveit_config:/home/scott/ws_moveit/install/kinova_gen3_6dof_robotiq_2f_85_moveit_config:/home/scott/ws_moveit/install/kortex_description:/home/scott/ws_moveit/install/robotiq_description:/home/scott/ws_moveit/install/robotiq_controllers:/home/scott/ws_moveit/install/pilz_industrial_motion_planner_testutils:/home/scott/ws_moveit/install/moveit_runtime:/home/scott/ws_moveit/install/moveit:/home/scott/ws_moveit/install/moveit_planners:/home/scott/ws_moveit/install/pilz_industrial_motion_planner:/home/scott/ws_moveit/install/moveit_task_constructor_msgs:/home/scott/ws_moveit/install/moveit_ros_control_interface:/home/scott/ws_moveit/install/moveit_plugins:/home/scott/ws_moveit/install/moveit_simple_controller_manager:/home/scott/ws_moveit/install/moveit_setup_assistant:/home/scott/ws_moveit/install/moveit_setup_srdf_plugins:/home/scott/ws_moveit/install/moveit_setup_core_plugins:/home/scott/ws_moveit/install/moveit_setup_controllers:/home/scott/ws_moveit/install/moveit_setup_app_plugins:/home/scott/ws_moveit/install/moveit_setup_framework:/home/scott/ws_moveit/install/moveit_servo:/home/scott/ws_moveit/install/moveit_ros_trajectory_cache:/home/scott/ws_moveit/install/moveit_ros:/home/scott/ws_moveit/install/moveit_ros_visualization:/home/scott/ws_moveit/install/moveit_py:/home/scott/ws_moveit/install/moveit_hybrid_planning:/home/scott/ws_moveit/install/hello_moveit:/home/scott/ws_moveit/install/moveit_ros_planning_interface:/home/scott/ws_moveit/install/moveit_ros_benchmarks:/home/scott/ws_moveit/install/moveit_ros_warehouse:/home/scott/ws_moveit/install/moveit_ros_robot_interaction:/home/scott/ws_moveit/install/moveit_ros_perception:/home/scott/ws_moveit/install/moveit_resources_prbt_pg70_support:/home/scott/ws_moveit/install/moveit_resources_prbt_moveit_config:/home/scott/ws_moveit/install/moveit_ros_move_group:/home/scott/ws_moveit/install/moveit_planners_ompl:/home/scott/ws_moveit/install/moveit_kinematics:/home/scott/ws_moveit/install/moveit_ros_planning:/home/scott/ws_moveit/install/moveit_ros_occupancy_map_monitor:/home/scott/ws_moveit/install/moveit_resources_prbt_support:/home/scott/ws_moveit/install/moveit_resources_prbt_ikfast_manipulator_plugin:/home/scott/ws_moveit/install/moveit_resources:/home/scott/ws_moveit/install/moveit_resources_pr2_description:/home/scott/ws_moveit/install/moveit_resources_panda_moveit_config:/home/scott/ws_moveit/install/dual_arm_panda_moveit_config:/home/scott/ws_moveit/install/moveit_resources_panda_description:/home/scott/ws_moveit/install/moveit_resources_fanuc_moveit_config:/home/scott/ws_moveit/install/moveit_resources_fanuc_description:/home/scott/ws_moveit/install/moveit_planners_stomp:/home/scott/ws_moveit/install/moveit_planners_chomp:/home/scott/ws_moveit/install/chomp_motion_planner:/home/scott/ws_moveit/install/moveit_core:/home/scott/ws_moveit/install/moveit_msgs:/home/scott/ws_moveit/install/moveit_common:/home/scott/ws_moveit/install/kortex_driver:/home/scott/ws_moveit/install/kortex_api:/opt/ros/jazzy/opt/gz_sim_vendor:/opt/ros/jazzy/opt/gz_sensors_vendor:/opt/ros/jazzy/opt/gz_physics_vendor:/opt/ros/jazzy/opt/sdformat_vendor:/opt/ros/jazzy/opt/gz_gui_vendor:/opt/ros/jazzy/opt/gz_transport_vendor:/opt/ros/jazzy/opt/gz_rendering_vendor:/opt/ros/jazzy/opt/gz_plugin_vendor:/opt/ros/jazzy/opt/gz_fuel_tools_vendor:/opt/ros/jazzy/opt/gz_msgs_vendor:/opt/ros/jazzy/opt/gz_common_vendor:/opt/ros/jazzy/opt/gz_math_vendor:/opt/ros/jazzy/opt/gz_utils_vendor:/opt/ros/jazzy/opt/gz_tools_vendor:/opt/ros/jazzy/opt/gz_ogre_next_vendor:/opt/ros/jazzy/opt/gz_dartsim_vendor:/opt/ros/jazzy/opt/gz_cmake_vendor:/home/scott/mercer_garm/ros2/install/mercer_robot_commander_py:/home/scott/mercer_garm/ros2/install/mercer_g_arm_desktop_bringup:/home/scott/mercer_garm/ros2/install/mercer_g_arm_sim:/home/scott/mercer_garm/ros2/install/mercer_g_arm_rpi_bringup:/home/scott/mercer_garm/ros2/install/mercer_g_arm:/home/scott/mercer_garm/ros2/install/mercer_g-arm_rpi_bringup:/home/scott/mercer_garm/ros2/install/mercer_g-arm_desktop_bringup:/home/scott/mercer_garm/ros2/install/joy_js_pkg:/home/scott/mercer_garm/ros2/install/garm_motion_planning_demos:/home/scott/mercer_garm/ros2/install/g_arm_trajectory_bridge:/home/scott/mercer_garm/ros2/install/g_arm_python_examples:/home/scott/mercer_garm/ros2/install/g-arm_simulation:/home/scott/mercer_garm/ros2/install/g_arm:/home/scott/mercer_garm_ws/install/mercer_g_arm_desktop_bringup:/home/scott/mercer_garm_ws/install/mercer_robot_commander_py:/home/scott/mercer_garm_ws/install/mercer_g_arm_sim:/home/scott/mercer_garm_ws/install/mercer_g_arm_rpi_bringup:/home/scott/mercer_garm_ws/install/mercer_g_arm:/home/scott/mercer_garm_ws/install/mercer_g-arm_rpi_bringup:/home/scott/mercer_garm_ws/install/mercer_g-arm_desktop_bringup:/home/scott/mercer_garm_ws/install/joy_js_pkg:/home/scott/mercer_garm_ws/install/garm_motion_planning_demos:/home/scott/mercer_garm_ws/install/g_arm_trajectory_bridge:/home/scott/mercer_garm_ws/install/g_arm_python_examples:/home/scott/mercer_garm_ws/install/g-arm_simulation:/home/scott/mercer_garm_ws/install/g_arm:/home/scott/ros2_ws/install/joy_js_pkg:/home/scott/ros2_ws/install/garm_motion_planning_demos:/home/scott/ros2_ws/install/g_arm_trajectory_bridge:/home/scott/ros2_ws/install/g_arm_python_examples:/home/scott/ros2_ws/install/g-arm_simulation:/home/scott/ros2_ws/install/g_arm:/home/scott/ws_moveit/install/moveit_configs_utils:/opt/ros/jazzy DEBUGINFOD_URLS=https://debuginfod.ubuntu.com LD_LIBRARY_PATH=/home/scott/mercer_garm/ros2/install/g_arm_msgs/lib:/home/scott/mercer_garm/ros2/install/pi_gpio_interface/lib:/home/scott/mercer_garm/ros2/install/mercer_g_arm_topic_hw/lib:/home/scott/mercer_garm_ws/install/pi_gpio_interface/lib:/home/scott/mercer_garm_ws/install/mercer_g_arm_topic_hw/lib:/home/scott/mercer_garm_ws/install/g_arm_msgs/lib:/home/scott/ros2_ws/install/rviz_marker_tools/lib:/home/scott/ros2_ws/install/moveit_task_constructor_msgs/lib:/home/scott/ws_moveit/install/robotiq_driver/lib:/home/scott/ws_moveit/install/serial/lib:/home/scott/ws_moveit/install/moveit_visual_tools/lib:/home/scott/ws_moveit/install/rviz_visual_tools/lib:/home/scott/ws_moveit/install/moveit_task_constructor_demo/lib:/home/scott/ws_moveit/install/moveit_task_constructor_visualization/lib:/home/scott/ws_moveit/install/moveit_task_constructor_capabilities/lib:/home/scott/ws_moveit/install/moveit_task_constructor_core/lib:/home/scott/ws_moveit/install/rviz_marker_tools/lib:/home/scott/ws_moveit/install/robotiq_controllers/lib:/home/scott/ws_moveit/install/pilz_industrial_motion_planner_testutils/lib:/home/scott/ws_moveit/install/pilz_industrial_motion_planner/lib:/home/scott/ws_moveit/install/moveit_task_constructor_msgs/lib:/home/scott/ws_moveit/install/moveit_ros_control_interface/lib:/home/scott/ws_moveit/install/moveit_simple_controller_manager/lib:/home/scott/ws_moveit/install/moveit_setup_assistant/lib:/home/scott/ws_moveit/install/moveit_setup_srdf_plugins/lib:/home/scott/ws_moveit/install/moveit_setup_core_plugins/lib:/home/scott/ws_moveit/install/moveit_setup_controllers/lib:/home/scott/ws_moveit/install/moveit_setup_app_plugins/lib:/home/scott/ws_moveit/install/moveit_setup_framework/lib:/home/scott/ws_moveit/install/moveit_servo/lib:/home/scott/ws_moveit/install/moveit_ros_trajectory_cache/lib:/home/scott/ws_moveit/install/moveit_ros_visualization/lib:/home/scott/ws_moveit/install/moveit_py/lib:/home/scott/ws_moveit/install/moveit_hybrid_planning/lib:/home/scott/ws_moveit/install/moveit_ros_planning_interface/lib:/home/scott/ws_moveit/install/moveit_ros_benchmarks/lib:/home/scott/ws_moveit/install/moveit_ros_warehouse/lib:/home/scott/ws_moveit/install/moveit_ros_robot_interaction/lib:/home/scott/ws_moveit/install/moveit_ros_perception/lib:/home/scott/ws_moveit/install/moveit_ros_move_group/lib:/home/scott/ws_moveit/install/moveit_planners_ompl/lib:/home/scott/ws_moveit/install/moveit_kinematics/lib:/home/scott/ws_moveit/install/moveit_ros_planning/lib:/home/scott/ws_moveit/install/moveit_ros_occupancy_map_monitor/lib:/home/scott/ws_moveit/install/moveit_resources_prbt_ikfast_manipulator_plugin/lib:/home/scott/ws_moveit/install/moveit_planners_stomp/lib:/home/scott/ws_moveit/install/moveit_planners_chomp/lib:/home/scott/ws_moveit/install/chomp_motion_planner/lib:/home/scott/ws_moveit/install/moveit_core/lib:/home/scott/ws_moveit/install/moveit_msgs/lib:/home/scott/ws_moveit/install/kortex_driver/lib:/opt/ros/jazzy/opt/gz_sim_vendor/lib:/opt/ros/jazzy/opt/gz_sensors_vendor/lib:/opt/ros/jazzy/opt/gz_physics_vendor/lib:/opt/ros/jazzy/opt/sdformat_vendor/lib:/opt/ros/jazzy/opt/rviz_ogre_vendor/lib:/opt/ros/jazzy/lib/x86_64-linux-gnu:/opt/ros/jazzy/opt/gz_gui_vendor/lib:/opt/ros/jazzy/opt/gz_transport_vendor/lib:/opt/ros/jazzy/opt/gz_rendering_vendor/lib:/opt/ros/jazzy/opt/gz_plugin_vendor/lib:/opt/ros/jazzy/opt/gz_fuel_tools_vendor/lib:/opt/ros/jazzy/opt/gz_msgs_vendor/lib:/opt/ros/jazzy/opt/gz_common_vendor/lib:/opt/ros/jazzy/opt/gz_math_vendor/lib:/opt/ros/jazzy/opt/gz_utils_vendor/lib:/opt/ros/jazzy/opt/gz_tools_vendor/lib:/opt/ros/jazzy/opt/gz_ogre_next_vendor/lib:/opt/ros/jazzy/opt/gz_dartsim_vendor/lib:/opt/ros/jazzy/opt/gz_cmake_vendor/lib:/opt/ros/jazzy/lib PS1=(ros2_venv) \[\e]0;\u@\h: \w\a\]${debian_chroot:+($debian_chroot)}\[\033[01;32m\]\u@\h\[\033[00m\]:\[\033[01;34m\]\w\[\033[00m\]\$ PYTHONPATH=/home/scott/mercer_garm/ros2/install/g_arm_msgs/lib/python3.12/site-packages:/home/scott/mercer_garm/ros2/install/pymoveit2/lib/python3.12/site-packages:/home/scott/mercer_garm/ros2/install/pi_gpio_interface/lib/python3.12/site-packages:/home/scott/mercer_garm/ros2/install/mercer_robot_commander_py/lib/python3.12/site-packages:/home/scott/mercer_garm/ros2/install/mercer_g_arm_desktop_bringup/lib/python3.12/site-packages:/home/scott/mercer_garm/ros2/install/mercer_g_arm_sim/lib/python3.12/site-packages:/home/scott/mercer_garm/ros2/install/mercer_g_arm_rpi_bringup/lib/python3.12/site-packages:/home/scott/mercer_garm/ros2/install/mercer_g_arm/lib/python3.12/site-packages:/home/scott/mercer_garm/ros2/install/mercer_g-arm_rpi_bringup/lib/python3.12/site-packages:/home/scott/mercer_garm/ros2/install/mercer_g-arm_desktop_bringup/lib/python3.12/site-packages:/home/scott/mercer_garm/ros2/install/joy_js_pkg/lib/python3.12/site-packages:/home/scott/mercer_garm/ros2/install/garm_motion_planning_demos/lib/python3.12/site-packages:/home/scott/mercer_garm/ros2/install/g_arm_trajectory_bridge/lib/python3.12/site-packages:/home/scott/mercer_garm/ros2/install/g_arm_python_examples/lib/python3.12/site-packages:/home/scott/mercer_garm/ros2/install/g-arm_simulation/lib/python3.12/site-packages:/home/scott/mercer_garm/ros2/install/g_arm/lib/python3.12/site-packages:/home/scott/mercer_garm_ws/install/mercer_g_arm_desktop_bringup/lib/python3.12/site-packages:/home/scott/mercer_garm_ws/install/pymoveit2/lib/python3.12/site-packages:/home/scott/mercer_garm_ws/install/pi_gpio_interface/lib/python3.12/site-packages:/home/scott/mercer_garm_ws/install/mercer_robot_commander_py/lib/python3.12/site-packages:/home/scott/mercer_garm_ws/install/mercer_g_arm_sim/lib/python3.12/site-packages:/home/scott/mercer_garm_ws/install/mercer_g_arm_rpi_bringup/lib/python3.12/site-packages:/home/scott/mercer_garm_ws/install/mercer_g_arm/lib/python3.12/site-packages:/home/scott/mercer_garm_ws/install/mercer_g-arm_rpi_bringup/lib/python3.12/site-packages:/home/scott/mercer_garm_ws/install/mercer_g-arm_desktop_bringup/lib/python3.12/site-packages:/home/scott/mercer_garm_ws/install/joy_js_pkg/lib/python3.12/site-packages:/home/scott/mercer_garm_ws/install/garm_motion_planning_demos/lib/python3.12/site-packages:/home/scott/mercer_garm_ws/install/g_arm_trajectory_bridge/lib/python3.12/site-packages:/home/scott/mercer_garm_ws/install/g_arm_python_examples/lib/python3.12/site-packages:/home/scott/mercer_garm_ws/install/g_arm_msgs/lib/python3.12/site-packages:/home/scott/mercer_garm_ws/install/g-arm_simulation/lib/python3.12/site-packages:/home/scott/mercer_garm_ws/install/g_arm/lib/python3.12/site-packages:/home/scott/ros2_ws/install/pymoveit2/lib/python3.12/site-packages:/home/scott/ros2_ws/install/moveit_task_constructor_msgs/lib/python3.12/site-packages:/home/scott/ros2_ws/install/joy_js_pkg/lib/python3.12/site-packages:/home/scott/ros2_ws/install/garm_motion_planning_demos/lib/python3.12/site-packages:/home/scott/ros2_ws/install/g_arm_trajectory_bridge/lib/python3.12/site-packages:/home/scott/ros2_ws/install/g_arm_python_examples/lib/python3.12/site-packages:/home/scott/ros2_ws/install/g-arm_simulation/lib/python3.12/site-packages:/home/scott/ros2_ws/install/g_arm/lib/python3.12/site-packages:/home/scott/ws_moveit/install/moveit_task_constructor_core/lib/python3.12/site-packages:/home/scott/ws_moveit/install/moveit_task_constructor_msgs/lib/python3.12/site-packages:/home/scott/ws_moveit/install/moveit_py/lib/python3.12/site-packages:/home/scott/ws_moveit/install/moveit_msgs/lib/python3.12/site-packages:/home/scott/ws_moveit/install/moveit_configs_utils/lib/python3.12/site-packages:/opt/ros/jazzy/lib/python3.12/site-packages VIRTUAL_ENV_PROMPT=(ros2_venv) /snap/bin/cmake --build /home/scott/mercer_garm/ros2/build/mercer_robot_commander_cpp -- -j4 -l4
[111.866s] DEBUG:colcon.colcon_core.event_handler.log_command:Invoking command in '/home/scott/mercer_garm/ros2/build/mercer_robot_commander_cpp': CMAKE_PREFIX_PATH=/home/scott/mercer_garm/ros2/install/g_arm_msgs:/home/scott/mercer_garm/ros2/install/pymoveit2:/home/scott/mercer_garm/ros2/install/pi_gpio_interface:/home/scott/mercer_garm/ros2/install/mercer_robot_commander_cpp:/home/scott/mercer_garm/ros2/install/mercer_g_arm_topic_hw:/home/scott/mercer_garm/ros2/install/g_arm_moveit2:/home/scott/mercer_garm/ros2/install/g_arm_description:/home/scott/mercer_garm/ros2/install/g-arm_demos:/home/scott/mercer_garm_ws/install/pymoveit2:/home/scott/mercer_garm_ws/install/pi_gpio_interface:/home/scott/mercer_garm_ws/install/mercer_robot_commander_cpp:/home/scott/mercer_garm_ws/install/mercer_g_arm_topic_hw:/home/scott/mercer_garm_ws/install/g_arm_msgs:/home/scott/mercer_garm_ws/install/g_arm_moveit2:/home/scott/mercer_garm_ws/install/g_arm_description:/home/scott/mercer_garm_ws/install/g-arm_demos:/home/scott/ros2_ws/install/rviz_marker_tools:/home/scott/ros2_ws/install/pymoveit2:/home/scott/ros2_ws/install/moveit_task_constructor_msgs:/home/scott/ros2_ws/install/g_arm_moveit2:/home/scott/ros2_ws/install/g_arm_description:/home/scott/ros2_ws/install/g-arm_demos:/home/scott/ws_moveit/install/robotiq_hardware_tests:/home/scott/ws_moveit/install/robotiq_driver:/home/scott/ws_moveit/install/serial:/home/scott/ws_moveit/install/moveit2_tutorials:/home/scott/ws_moveit/install/moveit_visual_tools:/home/scott/ws_moveit/install/rviz_visual_tools:/home/scott/ws_moveit/install/moveit_task_constructor_demo:/home/scott/ws_moveit/install/moveit_task_constructor_visualization:/home/scott/ws_moveit/install/moveit_task_constructor_capabilities:/home/scott/ws_moveit/install/moveit_task_constructor_core:/home/scott/ws_moveit/install/rviz_marker_tools:/home/scott/ws_moveit/install/kortex_bringup:/home/scott/ws_moveit/install/kinova_gen3_lite_moveit_config:/home/scott/ws_moveit/install/kinova_gen3_7dof_robotiq_2f_85_moveit_config:/home/scott/ws_moveit/install/kinova_gen3_6dof_robotiq_2f_85_moveit_config:/home/scott/ws_moveit/install/kortex_description:/home/scott/ws_moveit/install/robotiq_description:/home/scott/ws_moveit/install/robotiq_controllers:/home/scott/ws_moveit/install/pilz_industrial_motion_planner_testutils:/home/scott/ws_moveit/install/moveit_runtime:/home/scott/ws_moveit/install/moveit:/home/scott/ws_moveit/install/moveit_planners:/home/scott/ws_moveit/install/pilz_industrial_motion_planner:/home/scott/ws_moveit/install/moveit_task_constructor_msgs:/home/scott/ws_moveit/install/moveit_ros_control_interface:/home/scott/ws_moveit/install/moveit_plugins:/home/scott/ws_moveit/install/moveit_simple_controller_manager:/home/scott/ws_moveit/install/moveit_setup_assistant:/home/scott/ws_moveit/install/moveit_setup_srdf_plugins:/home/scott/ws_moveit/install/moveit_setup_core_plugins:/home/scott/ws_moveit/install/moveit_setup_controllers:/home/scott/ws_moveit/install/moveit_setup_app_plugins:/home/scott/ws_moveit/install/moveit_setup_framework:/home/scott/ws_moveit/install/moveit_servo:/home/scott/ws_moveit/install/moveit_ros_trajectory_cache:/home/scott/ws_moveit/install/moveit_ros:/home/scott/ws_moveit/install/moveit_ros_visualization:/home/scott/ws_moveit/install/moveit_py:/home/scott/ws_moveit/install/moveit_hybrid_planning:/home/scott/ws_moveit/install/hello_moveit:/home/scott/ws_moveit/install/moveit_ros_planning_interface:/home/scott/ws_moveit/install/moveit_ros_benchmarks:/home/scott/ws_moveit/install/moveit_ros_warehouse:/home/scott/ws_moveit/install/moveit_ros_robot_interaction:/home/scott/ws_moveit/install/moveit_ros_perception:/home/scott/ws_moveit/install/moveit_resources_prbt_pg70_support:/home/scott/ws_moveit/install/moveit_resources_prbt_moveit_config:/home/scott/ws_moveit/install/moveit_ros_move_group:/home/scott/ws_moveit/install/moveit_planners_ompl:/home/scott/ws_moveit/install/moveit_kinematics:/home/scott/ws_moveit/install/moveit_ros_planning:/home/scott/ws_moveit/install/moveit_ros_occupancy_map_monitor:/home/scott/ws_moveit/install/moveit_resources_prbt_support:/home/scott/ws_moveit/install/moveit_resources_prbt_ikfast_manipulator_plugin:/home/scott/ws_moveit/install/moveit_resources:/home/scott/ws_moveit/install/moveit_resources_pr2_description:/home/scott/ws_moveit/install/moveit_resources_panda_moveit_config:/home/scott/ws_moveit/install/dual_arm_panda_moveit_config:/home/scott/ws_moveit/install/moveit_resources_panda_description:/home/scott/ws_moveit/install/moveit_resources_fanuc_moveit_config:/home/scott/ws_moveit/install/moveit_resources_fanuc_description:/home/scott/ws_moveit/install/moveit_planners_stomp:/home/scott/ws_moveit/install/moveit_planners_chomp:/home/scott/ws_moveit/install/chomp_motion_planner:/home/scott/ws_moveit/install/moveit_core:/home/scott/ws_moveit/install/moveit_msgs:/home/scott/ws_moveit/install/moveit_common:/home/scott/ws_moveit/install/kortex_driver:/home/scott/ws_moveit/install/kortex_api:/opt/ros/jazzy/opt/gz_sim_vendor:/opt/ros/jazzy/opt/gz_sensors_vendor:/opt/ros/jazzy/opt/gz_physics_vendor:/opt/ros/jazzy/opt/sdformat_vendor:/opt/ros/jazzy/opt/gz_gui_vendor:/opt/ros/jazzy/opt/gz_transport_vendor:/opt/ros/jazzy/opt/gz_rendering_vendor:/opt/ros/jazzy/opt/gz_plugin_vendor:/opt/ros/jazzy/opt/gz_fuel_tools_vendor:/opt/ros/jazzy/opt/gz_msgs_vendor:/opt/ros/jazzy/opt/gz_common_vendor:/opt/ros/jazzy/opt/gz_math_vendor:/opt/ros/jazzy/opt/gz_utils_vendor:/opt/ros/jazzy/opt/gz_tools_vendor:/opt/ros/jazzy/opt/gz_ogre_next_vendor:/opt/ros/jazzy/opt/gz_dartsim_vendor:/opt/ros/jazzy/opt/gz_cmake_vendor:/home/scott/mercer_garm/ros2/install/mercer_robot_commander_py:/home/scott/mercer_garm/ros2/install/mercer_g_arm_desktop_bringup:/home/scott/mercer_garm/ros2/install/mercer_g_arm_sim:/home/scott/mercer_garm/ros2/install/mercer_g_arm_rpi_bringup:/home/scott/mercer_garm/ros2/install/mercer_g_arm:/home/scott/mercer_garm/ros2/install/mercer_g-arm_rpi_bringup:/home/scott/mercer_garm/ros2/install/mercer_g-arm_desktop_bringup:/home/scott/mercer_garm/ros2/install/joy_js_pkg:/home/scott/mercer_garm/ros2/install/garm_motion_planning_demos:/home/scott/mercer_garm/ros2/install/g_arm_trajectory_bridge:/home/scott/mercer_garm/ros2/install/g_arm_python_examples:/home/scott/mercer_garm/ros2/install/g-arm_simulation:/home/scott/mercer_garm/ros2/install/g_arm:/home/scott/mercer_garm_ws/install/mercer_g_arm_desktop_bringup:/home/scott/mercer_garm_ws/install/mercer_robot_commander_py:/home/scott/mercer_garm_ws/install/mercer_g_arm_sim:/home/scott/mercer_garm_ws/install/mercer_g_arm_rpi_bringup:/home/scott/mercer_garm_ws/install/mercer_g_arm:/home/scott/mercer_garm_ws/install/mercer_g-arm_rpi_bringup:/home/scott/mercer_garm_ws/install/mercer_g-arm_desktop_bringup:/home/scott/mercer_garm_ws/install/joy_js_pkg:/home/scott/mercer_garm_ws/install/garm_motion_planning_demos:/home/scott/mercer_garm_ws/install/g_arm_trajectory_bridge:/home/scott/mercer_garm_ws/install/g_arm_python_examples:/home/scott/mercer_garm_ws/install/g-arm_simulation:/home/scott/mercer_garm_ws/install/g_arm:/home/scott/ros2_ws/install/joy_js_pkg:/home/scott/ros2_ws/install/garm_motion_planning_demos:/home/scott/ros2_ws/install/g_arm_trajectory_bridge:/home/scott/ros2_ws/install/g_arm_python_examples:/home/scott/ros2_ws/install/g-arm_simulation:/home/scott/ros2_ws/install/g_arm:/home/scott/ws_moveit/install/moveit_configs_utils:/opt/ros/jazzy DEBUGINFOD_URLS=https://debuginfod.ubuntu.com LD_LIBRARY_PATH=/home/scott/mercer_garm/ros2/install/g_arm_msgs/lib:/home/scott/mercer_garm/ros2/install/pi_gpio_interface/lib:/home/scott/mercer_garm/ros2/install/mercer_g_arm_topic_hw/lib:/home/scott/mercer_garm_ws/install/pi_gpio_interface/lib:/home/scott/mercer_garm_ws/install/mercer_g_arm_topic_hw/lib:/home/scott/mercer_garm_ws/install/g_arm_msgs/lib:/home/scott/ros2_ws/install/rviz_marker_tools/lib:/home/scott/ros2_ws/install/moveit_task_constructor_msgs/lib:/home/scott/ws_moveit/install/robotiq_driver/lib:/home/scott/ws_moveit/install/serial/lib:/home/scott/ws_moveit/install/moveit_visual_tools/lib:/home/scott/ws_moveit/install/rviz_visual_tools/lib:/home/scott/ws_moveit/install/moveit_task_constructor_demo/lib:/home/scott/ws_moveit/install/moveit_task_constructor_visualization/lib:/home/scott/ws_moveit/install/moveit_task_constructor_capabilities/lib:/home/scott/ws_moveit/install/moveit_task_constructor_core/lib:/home/scott/ws_moveit/install/rviz_marker_tools/lib:/home/scott/ws_moveit/install/robotiq_controllers/lib:/home/scott/ws_moveit/install/pilz_industrial_motion_planner_testutils/lib:/home/scott/ws_moveit/install/pilz_industrial_motion_planner/lib:/home/scott/ws_moveit/install/moveit_task_constructor_msgs/lib:/home/scott/ws_moveit/install/moveit_ros_control_interface/lib:/home/scott/ws_moveit/install/moveit_simple_controller_manager/lib:/home/scott/ws_moveit/install/moveit_setup_assistant/lib:/home/scott/ws_moveit/install/moveit_setup_srdf_plugins/lib:/home/scott/ws_moveit/install/moveit_setup_core_plugins/lib:/home/scott/ws_moveit/install/moveit_setup_controllers/lib:/home/scott/ws_moveit/install/moveit_setup_app_plugins/lib:/home/scott/ws_moveit/install/moveit_setup_framework/lib:/home/scott/ws_moveit/install/moveit_servo/lib:/home/scott/ws_moveit/install/moveit_ros_trajectory_cache/lib:/home/scott/ws_moveit/install/moveit_ros_visualization/lib:/home/scott/ws_moveit/install/moveit_py/lib:/home/scott/ws_moveit/install/moveit_hybrid_planning/lib:/home/scott/ws_moveit/install/moveit_ros_planning_interface/lib:/home/scott/ws_moveit/install/moveit_ros_benchmarks/lib:/home/scott/ws_moveit/install/moveit_ros_warehouse/lib:/home/scott/ws_moveit/install/moveit_ros_robot_interaction/lib:/home/scott/ws_moveit/install/moveit_ros_perception/lib:/home/scott/ws_moveit/install/moveit_ros_move_group/lib:/home/scott/ws_moveit/install/moveit_planners_ompl/lib:/home/scott/ws_moveit/install/moveit_kinematics/lib:/home/scott/ws_moveit/install/moveit_ros_planning/lib:/home/scott/ws_moveit/install/moveit_ros_occupancy_map_monitor/lib:/home/scott/ws_moveit/install/moveit_resources_prbt_ikfast_manipulator_plugin/lib:/home/scott/ws_moveit/install/moveit_planners_stomp/lib:/home/scott/ws_moveit/install/moveit_planners_chomp/lib:/home/scott/ws_moveit/install/chomp_motion_planner/lib:/home/scott/ws_moveit/install/moveit_core/lib:/home/scott/ws_moveit/install/moveit_msgs/lib:/home/scott/ws_moveit/install/kortex_driver/lib:/opt/ros/jazzy/opt/gz_sim_vendor/lib:/opt/ros/jazzy/opt/gz_sensors_vendor/lib:/opt/ros/jazzy/opt/gz_physics_vendor/lib:/opt/ros/jazzy/opt/sdformat_vendor/lib:/opt/ros/jazzy/opt/rviz_ogre_vendor/lib:/opt/ros/jazzy/lib/x86_64-linux-gnu:/opt/ros/jazzy/opt/gz_gui_vendor/lib:/opt/ros/jazzy/opt/gz_transport_vendor/lib:/opt/ros/jazzy/opt/gz_rendering_vendor/lib:/opt/ros/jazzy/opt/gz_plugin_vendor/lib:/opt/ros/jazzy/opt/gz_fuel_tools_vendor/lib:/opt/ros/jazzy/opt/gz_msgs_vendor/lib:/opt/ros/jazzy/opt/gz_common_vendor/lib:/opt/ros/jazzy/opt/gz_math_vendor/lib:/opt/ros/jazzy/opt/gz_utils_vendor/lib:/opt/ros/jazzy/opt/gz_tools_vendor/lib:/opt/ros/jazzy/opt/gz_ogre_next_vendor/lib:/opt/ros/jazzy/opt/gz_dartsim_vendor/lib:/opt/ros/jazzy/opt/gz_cmake_vendor/lib:/opt/ros/jazzy/lib PS1=(ros2_venv) \[\e]0;\u@\h: \w\a\]${debian_chroot:+($debian_chroot)}\[\033[01;32m\]\u@\h\[\033[00m\]:\[\033[01;34m\]\w\[\033[00m\]\$ PYTHONPATH=/home/scott/mercer_garm/ros2/install/g_arm_msgs/lib/python3.12/site-packages:/home/scott/mercer_garm/ros2/install/pymoveit2/lib/python3.12/site-packages:/home/scott/mercer_garm/ros2/install/pi_gpio_interface/lib/python3.12/site-packages:/home/scott/mercer_garm/ros2/install/mercer_robot_commander_py/lib/python3.12/site-packages:/home/scott/mercer_garm/ros2/install/mercer_g_arm_desktop_bringup/lib/python3.12/site-packages:/home/scott/mercer_garm/ros2/install/mercer_g_arm_sim/lib/python3.12/site-packages:/home/scott/mercer_garm/ros2/install/mercer_g_arm_rpi_bringup/lib/python3.12/site-packages:/home/scott/mercer_garm/ros2/install/mercer_g_arm/lib/python3.12/site-packages:/home/scott/mercer_garm/ros2/install/mercer_g-arm_rpi_bringup/lib/python3.12/site-packages:/home/scott/mercer_garm/ros2/install/mercer_g-arm_desktop_bringup/lib/python3.12/site-packages:/home/scott/mercer_garm/ros2/install/joy_js_pkg/lib/python3.12/site-packages:/home/scott/mercer_garm/ros2/install/garm_motion_planning_demos/lib/python3.12/site-packages:/home/scott/mercer_garm/ros2/install/g_arm_trajectory_bridge/lib/python3.12/site-packages:/home/scott/mercer_garm/ros2/install/g_arm_python_examples/lib/python3.12/site-packages:/home/scott/mercer_garm/ros2/install/g-arm_simulation/lib/python3.12/site-packages:/home/scott/mercer_garm/ros2/install/g_arm/lib/python3.12/site-packages:/home/scott/mercer_garm_ws/install/mercer_g_arm_desktop_bringup/lib/python3.12/site-packages:/home/scott/mercer_garm_ws/install/pymoveit2/lib/python3.12/site-packages:/home/scott/mercer_garm_ws/install/pi_gpio_interface/lib/python3.12/site-packages:/home/scott/mercer_garm_ws/install/mercer_robot_commander_py/lib/python3.12/site-packages:/home/scott/mercer_garm_ws/install/mercer_g_arm_sim/lib/python3.12/site-packages:/home/scott/mercer_garm_ws/install/mercer_g_arm_rpi_bringup/lib/python3.12/site-packages:/home/scott/mercer_garm_ws/install/mercer_g_arm/lib/python3.12/site-packages:/home/scott/mercer_garm_ws/install/mercer_g-arm_rpi_bringup/lib/python3.12/site-packages:/home/scott/mercer_garm_ws/install/mercer_g-arm_desktop_bringup/lib/python3.12/site-packages:/home/scott/mercer_garm_ws/install/joy_js_pkg/lib/python3.12/site-packages:/home/scott/mercer_garm_ws/install/garm_motion_planning_demos/lib/python3.12/site-packages:/home/scott/mercer_garm_ws/install/g_arm_trajectory_bridge/lib/python3.12/site-packages:/home/scott/mercer_garm_ws/install/g_arm_python_examples/lib/python3.12/site-packages:/home/scott/mercer_garm_ws/install/g_arm_msgs/lib/python3.12/site-packages:/home/scott/mercer_garm_ws/install/g-arm_simulation/lib/python3.12/site-packages:/home/scott/mercer_garm_ws/install/g_arm/lib/python3.12/site-packages:/home/scott/ros2_ws/install/pymoveit2/lib/python3.12/site-packages:/home/scott/ros2_ws/install/moveit_task_constructor_msgs/lib/python3.12/site-packages:/home/scott/ros2_ws/install/joy_js_pkg/lib/python3.12/site-packages:/home/scott/ros2_ws/install/garm_motion_planning_demos/lib/python3.12/site-packages:/home/scott/ros2_ws/install/g_arm_trajectory_bridge/lib/python3.12/site-packages:/home/scott/ros2_ws/install/g_arm_python_examples/lib/python3.12/site-packages:/home/scott/ros2_ws/install/g-arm_simulation/lib/python3.12/site-packages:/home/scott/ros2_ws/install/g_arm/lib/python3.12/site-packages:/home/scott/ws_moveit/install/moveit_task_constructor_core/lib/python3.12/site-packages:/home/scott/ws_moveit/install/moveit_task_constructor_msgs/lib/python3.12/site-packages:/home/scott/ws_moveit/install/moveit_py/lib/python3.12/site-packages:/home/scott/ws_moveit/install/moveit_msgs/lib/python3.12/site-packages:/home/scott/ws_moveit/install/moveit_configs_utils/lib/python3.12/site-packages:/opt/ros/jazzy/lib/python3.12/site-packages VIRTUAL_ENV_PROMPT=(ros2_venv) /snap/bin/cmake --install /home/scott/mercer_garm/ros2/build/mercer_robot_commander_cpp
[113.439s] Level 1:colcon.colcon_core.environment:create_environment_scripts_only(mercer_robot_commander_cpp)
[113.455s] Level 1:colcon.colcon_core.environment:checking '/home/scott/mercer_garm/ros2/install/mercer_robot_commander_cpp' for CMake module files
[113.457s] DEBUG:colcon.colcon_core.event_handler.log_command:Invoked command in '/home/scott/mercer_garm/ros2/build/mercer_robot_commander_cpp' returned '0': CMAKE_PREFIX_PATH=/home/scott/mercer_garm/ros2/install/g_arm_msgs:/home/scott/mercer_garm/ros2/install/pymoveit2:/home/scott/mercer_garm/ros2/install/pi_gpio_interface:/home/scott/mercer_garm/ros2/install/mercer_robot_commander_cpp:/home/scott/mercer_garm/ros2/install/mercer_g_arm_topic_hw:/home/scott/mercer_garm/ros2/install/g_arm_moveit2:/home/scott/mercer_garm/ros2/install/g_arm_description:/home/scott/mercer_garm/ros2/install/g-arm_demos:/home/scott/mercer_garm_ws/install/pymoveit2:/home/scott/mercer_garm_ws/install/pi_gpio_interface:/home/scott/mercer_garm_ws/install/mercer_robot_commander_cpp:/home/scott/mercer_garm_ws/install/mercer_g_arm_topic_hw:/home/scott/mercer_garm_ws/install/g_arm_msgs:/home/scott/mercer_garm_ws/install/g_arm_moveit2:/home/scott/mercer_garm_ws/install/g_arm_description:/home/scott/mercer_garm_ws/install/g-arm_demos:/home/scott/ros2_ws/install/rviz_marker_tools:/home/scott/ros2_ws/install/pymoveit2:/home/scott/ros2_ws/install/moveit_task_constructor_msgs:/home/scott/ros2_ws/install/g_arm_moveit2:/home/scott/ros2_ws/install/g_arm_description:/home/scott/ros2_ws/install/g-arm_demos:/home/scott/ws_moveit/install/robotiq_hardware_tests:/home/scott/ws_moveit/install/robotiq_driver:/home/scott/ws_moveit/install/serial:/home/scott/ws_moveit/install/moveit2_tutorials:/home/scott/ws_moveit/install/moveit_visual_tools:/home/scott/ws_moveit/install/rviz_visual_tools:/home/scott/ws_moveit/install/moveit_task_constructor_demo:/home/scott/ws_moveit/install/moveit_task_constructor_visualization:/home/scott/ws_moveit/install/moveit_task_constructor_capabilities:/home/scott/ws_moveit/install/moveit_task_constructor_core:/home/scott/ws_moveit/install/rviz_marker_tools:/home/scott/ws_moveit/install/kortex_bringup:/home/scott/ws_moveit/install/kinova_gen3_lite_moveit_config:/home/scott/ws_moveit/install/kinova_gen3_7dof_robotiq_2f_85_moveit_config:/home/scott/ws_moveit/install/kinova_gen3_6dof_robotiq_2f_85_moveit_config:/home/scott/ws_moveit/install/kortex_description:/home/scott/ws_moveit/install/robotiq_description:/home/scott/ws_moveit/install/robotiq_controllers:/home/scott/ws_moveit/install/pilz_industrial_motion_planner_testutils:/home/scott/ws_moveit/install/moveit_runtime:/home/scott/ws_moveit/install/moveit:/home/scott/ws_moveit/install/moveit_planners:/home/scott/ws_moveit/install/pilz_industrial_motion_planner:/home/scott/ws_moveit/install/moveit_task_constructor_msgs:/home/scott/ws_moveit/install/moveit_ros_control_interface:/home/scott/ws_moveit/install/moveit_plugins:/home/scott/ws_moveit/install/moveit_simple_controller_manager:/home/scott/ws_moveit/install/moveit_setup_assistant:/home/scott/ws_moveit/install/moveit_setup_srdf_plugins:/home/scott/ws_moveit/install/moveit_setup_core_plugins:/home/scott/ws_moveit/install/moveit_setup_controllers:/home/scott/ws_moveit/install/moveit_setup_app_plugins:/home/scott/ws_moveit/install/moveit_setup_framework:/home/scott/ws_moveit/install/moveit_servo:/home/scott/ws_moveit/install/moveit_ros_trajectory_cache:/home/scott/ws_moveit/install/moveit_ros:/home/scott/ws_moveit/install/moveit_ros_visualization:/home/scott/ws_moveit/install/moveit_py:/home/scott/ws_moveit/install/moveit_hybrid_planning:/home/scott/ws_moveit/install/hello_moveit:/home/scott/ws_moveit/install/moveit_ros_planning_interface:/home/scott/ws_moveit/install/moveit_ros_benchmarks:/home/scott/ws_moveit/install/moveit_ros_warehouse:/home/scott/ws_moveit/install/moveit_ros_robot_interaction:/home/scott/ws_moveit/install/moveit_ros_perception:/home/scott/ws_moveit/install/moveit_resources_prbt_pg70_support:/home/scott/ws_moveit/install/moveit_resources_prbt_moveit_config:/home/scott/ws_moveit/install/moveit_ros_move_group:/home/scott/ws_moveit/install/moveit_planners_ompl:/home/scott/ws_moveit/install/moveit_kinematics:/home/scott/ws_moveit/install/moveit_ros_planning:/home/scott/ws_moveit/install/moveit_ros_occupancy_map_monitor:/home/scott/ws_moveit/install/moveit_resources_prbt_support:/home/scott/ws_moveit/install/moveit_resources_prbt_ikfast_manipulator_plugin:/home/scott/ws_moveit/install/moveit_resources:/home/scott/ws_moveit/install/moveit_resources_pr2_description:/home/scott/ws_moveit/install/moveit_resources_panda_moveit_config:/home/scott/ws_moveit/install/dual_arm_panda_moveit_config:/home/scott/ws_moveit/install/moveit_resources_panda_description:/home/scott/ws_moveit/install/moveit_resources_fanuc_moveit_config:/home/scott/ws_moveit/install/moveit_resources_fanuc_description:/home/scott/ws_moveit/install/moveit_planners_stomp:/home/scott/ws_moveit/install/moveit_planners_chomp:/home/scott/ws_moveit/install/chomp_motion_planner:/home/scott/ws_moveit/install/moveit_core:/home/scott/ws_moveit/install/moveit_msgs:/home/scott/ws_moveit/install/moveit_common:/home/scott/ws_moveit/install/kortex_driver:/home/scott/ws_moveit/install/kortex_api:/opt/ros/jazzy/opt/gz_sim_vendor:/opt/ros/jazzy/opt/gz_sensors_vendor:/opt/ros/jazzy/opt/gz_physics_vendor:/opt/ros/jazzy/opt/sdformat_vendor:/opt/ros/jazzy/opt/gz_gui_vendor:/opt/ros/jazzy/opt/gz_transport_vendor:/opt/ros/jazzy/opt/gz_rendering_vendor:/opt/ros/jazzy/opt/gz_plugin_vendor:/opt/ros/jazzy/opt/gz_fuel_tools_vendor:/opt/ros/jazzy/opt/gz_msgs_vendor:/opt/ros/jazzy/opt/gz_common_vendor:/opt/ros/jazzy/opt/gz_math_vendor:/opt/ros/jazzy/opt/gz_utils_vendor:/opt/ros/jazzy/opt/gz_tools_vendor:/opt/ros/jazzy/opt/gz_ogre_next_vendor:/opt/ros/jazzy/opt/gz_dartsim_vendor:/opt/ros/jazzy/opt/gz_cmake_vendor:/home/scott/mercer_garm/ros2/install/mercer_robot_commander_py:/home/scott/mercer_garm/ros2/install/mercer_g_arm_desktop_bringup:/home/scott/mercer_garm/ros2/install/mercer_g_arm_sim:/home/scott/mercer_garm/ros2/install/mercer_g_arm_rpi_bringup:/home/scott/mercer_garm/ros2/install/mercer_g_arm:/home/scott/mercer_garm/ros2/install/mercer_g-arm_rpi_bringup:/home/scott/mercer_garm/ros2/install/mercer_g-arm_desktop_bringup:/home/scott/mercer_garm/ros2/install/joy_js_pkg:/home/scott/mercer_garm/ros2/install/garm_motion_planning_demos:/home/scott/mercer_garm/ros2/install/g_arm_trajectory_bridge:/home/scott/mercer_garm/ros2/install/g_arm_python_examples:/home/scott/mercer_garm/ros2/install/g-arm_simulation:/home/scott/mercer_garm/ros2/install/g_arm:/home/scott/mercer_garm_ws/install/mercer_g_arm_desktop_bringup:/home/scott/mercer_garm_ws/install/mercer_robot_commander_py:/home/scott/mercer_garm_ws/install/mercer_g_arm_sim:/home/scott/mercer_garm_ws/install/mercer_g_arm_rpi_bringup:/home/scott/mercer_garm_ws/install/mercer_g_arm:/home/scott/mercer_garm_ws/install/mercer_g-arm_rpi_bringup:/home/scott/mercer_garm_ws/install/mercer_g-arm_desktop_bringup:/home/scott/mercer_garm_ws/install/joy_js_pkg:/home/scott/mercer_garm_ws/install/garm_motion_planning_demos:/home/scott/mercer_garm_ws/install/g_arm_trajectory_bridge:/home/scott/mercer_garm_ws/install/g_arm_python_examples:/home/scott/mercer_garm_ws/install/g-arm_simulation:/home/scott/mercer_garm_ws/install/g_arm:/home/scott/ros2_ws/install/joy_js_pkg:/home/scott/ros2_ws/install/garm_motion_planning_demos:/home/scott/ros2_ws/install/g_arm_trajectory_bridge:/home/scott/ros2_ws/install/g_arm_python_examples:/home/scott/ros2_ws/install/g-arm_simulation:/home/scott/ros2_ws/install/g_arm:/home/scott/ws_moveit/install/moveit_configs_utils:/opt/ros/jazzy DEBUGINFOD_URLS=https://debuginfod.ubuntu.com LD_LIBRARY_PATH=/home/scott/mercer_garm/ros2/install/g_arm_msgs/lib:/home/scott/mercer_garm/ros2/install/pi_gpio_interface/lib:/home/scott/mercer_garm/ros2/install/mercer_g_arm_topic_hw/lib:/home/scott/mercer_garm_ws/install/pi_gpio_interface/lib:/home/scott/mercer_garm_ws/install/mercer_g_arm_topic_hw/lib:/home/scott/mercer_garm_ws/install/g_arm_msgs/lib:/home/scott/ros2_ws/install/rviz_marker_tools/lib:/home/scott/ros2_ws/install/moveit_task_constructor_msgs/lib:/home/scott/ws_moveit/install/robotiq_driver/lib:/home/scott/ws_moveit/install/serial/lib:/home/scott/ws_moveit/install/moveit_visual_tools/lib:/home/scott/ws_moveit/install/rviz_visual_tools/lib:/home/scott/ws_moveit/install/moveit_task_constructor_demo/lib:/home/scott/ws_moveit/install/moveit_task_constructor_visualization/lib:/home/scott/ws_moveit/install/moveit_task_constructor_capabilities/lib:/home/scott/ws_moveit/install/moveit_task_constructor_core/lib:/home/scott/ws_moveit/install/rviz_marker_tools/lib:/home/scott/ws_moveit/install/robotiq_controllers/lib:/home/scott/ws_moveit/install/pilz_industrial_motion_planner_testutils/lib:/home/scott/ws_moveit/install/pilz_industrial_motion_planner/lib:/home/scott/ws_moveit/install/moveit_task_constructor_msgs/lib:/home/scott/ws_moveit/install/moveit_ros_control_interface/lib:/home/scott/ws_moveit/install/moveit_simple_controller_manager/lib:/home/scott/ws_moveit/install/moveit_setup_assistant/lib:/home/scott/ws_moveit/install/moveit_setup_srdf_plugins/lib:/home/scott/ws_moveit/install/moveit_setup_core_plugins/lib:/home/scott/ws_moveit/install/moveit_setup_controllers/lib:/home/scott/ws_moveit/install/moveit_setup_app_plugins/lib:/home/scott/ws_moveit/install/moveit_setup_framework/lib:/home/scott/ws_moveit/install/moveit_servo/lib:/home/scott/ws_moveit/install/moveit_ros_trajectory_cache/lib:/home/scott/ws_moveit/install/moveit_ros_visualization/lib:/home/scott/ws_moveit/install/moveit_py/lib:/home/scott/ws_moveit/install/moveit_hybrid_planning/lib:/home/scott/ws_moveit/install/moveit_ros_planning_interface/lib:/home/scott/ws_moveit/install/moveit_ros_benchmarks/lib:/home/scott/ws_moveit/install/moveit_ros_warehouse/lib:/home/scott/ws_moveit/install/moveit_ros_robot_interaction/lib:/home/scott/ws_moveit/install/moveit_ros_perception/lib:/home/scott/ws_moveit/install/moveit_ros_move_group/lib:/home/scott/ws_moveit/install/moveit_planners_ompl/lib:/home/scott/ws_moveit/install/moveit_kinematics/lib:/home/scott/ws_moveit/install/moveit_ros_planning/lib:/home/scott/ws_moveit/install/moveit_ros_occupancy_map_monitor/lib:/home/scott/ws_moveit/install/moveit_resources_prbt_ikfast_manipulator_plugin/lib:/home/scott/ws_moveit/install/moveit_planners_stomp/lib:/home/scott/ws_moveit/install/moveit_planners_chomp/lib:/home/scott/ws_moveit/install/chomp_motion_planner/lib:/home/scott/ws_moveit/install/moveit_core/lib:/home/scott/ws_moveit/install/moveit_msgs/lib:/home/scott/ws_moveit/install/kortex_driver/lib:/opt/ros/jazzy/opt/gz_sim_vendor/lib:/opt/ros/jazzy/opt/gz_sensors_vendor/lib:/opt/ros/jazzy/opt/gz_physics_vendor/lib:/opt/ros/jazzy/opt/sdformat_vendor/lib:/opt/ros/jazzy/opt/rviz_ogre_vendor/lib:/opt/ros/jazzy/lib/x86_64-linux-gnu:/opt/ros/jazzy/opt/gz_gui_vendor/lib:/opt/ros/jazzy/opt/gz_transport_vendor/lib:/opt/ros/jazzy/opt/gz_rendering_vendor/lib:/opt/ros/jazzy/opt/gz_plugin_vendor/lib:/opt/ros/jazzy/opt/gz_fuel_tools_vendor/lib:/opt/ros/jazzy/opt/gz_msgs_vendor/lib:/opt/ros/jazzy/opt/gz_common_vendor/lib:/opt/ros/jazzy/opt/gz_math_vendor/lib:/opt/ros/jazzy/opt/gz_utils_vendor/lib:/opt/ros/jazzy/opt/gz_tools_vendor/lib:/opt/ros/jazzy/opt/gz_ogre_next_vendor/lib:/opt/ros/jazzy/opt/gz_dartsim_vendor/lib:/opt/ros/jazzy/opt/gz_cmake_vendor/lib:/opt/ros/jazzy/lib PS1=(ros2_venv) \[\e]0;\u@\h: \w\a\]${debian_chroot:+($debian_chroot)}\[\033[01;32m\]\u@\h\[\033[00m\]:\[\033[01;34m\]\w\[\033[00m\]\$ PYTHONPATH=/home/scott/mercer_garm/ros2/install/g_arm_msgs/lib/python3.12/site-packages:/home/scott/mercer_garm/ros2/install/pymoveit2/lib/python3.12/site-packages:/home/scott/mercer_garm/ros2/install/pi_gpio_interface/lib/python3.12/site-packages:/home/scott/mercer_garm/ros2/install/mercer_robot_commander_py/lib/python3.12/site-packages:/home/scott/mercer_garm/ros2/install/mercer_g_arm_desktop_bringup/lib/python3.12/site-packages:/home/scott/mercer_garm/ros2/install/mercer_g_arm_sim/lib/python3.12/site-packages:/home/scott/mercer_garm/ros2/install/mercer_g_arm_rpi_bringup/lib/python3.12/site-packages:/home/scott/mercer_garm/ros2/install/mercer_g_arm/lib/python3.12/site-packages:/home/scott/mercer_garm/ros2/install/mercer_g-arm_rpi_bringup/lib/python3.12/site-packages:/home/scott/mercer_garm/ros2/install/mercer_g-arm_desktop_bringup/lib/python3.12/site-packages:/home/scott/mercer_garm/ros2/install/joy_js_pkg/lib/python3.12/site-packages:/home/scott/mercer_garm/ros2/install/garm_motion_planning_demos/lib/python3.12/site-packages:/home/scott/mercer_garm/ros2/install/g_arm_trajectory_bridge/lib/python3.12/site-packages:/home/scott/mercer_garm/ros2/install/g_arm_python_examples/lib/python3.12/site-packages:/home/scott/mercer_garm/ros2/install/g-arm_simulation/lib/python3.12/site-packages:/home/scott/mercer_garm/ros2/install/g_arm/lib/python3.12/site-packages:/home/scott/mercer_garm_ws/install/mercer_g_arm_desktop_bringup/lib/python3.12/site-packages:/home/scott/mercer_garm_ws/install/pymoveit2/lib/python3.12/site-packages:/home/scott/mercer_garm_ws/install/pi_gpio_interface/lib/python3.12/site-packages:/home/scott/mercer_garm_ws/install/mercer_robot_commander_py/lib/python3.12/site-packages:/home/scott/mercer_garm_ws/install/mercer_g_arm_sim/lib/python3.12/site-packages:/home/scott/mercer_garm_ws/install/mercer_g_arm_rpi_bringup/lib/python3.12/site-packages:/home/scott/mercer_garm_ws/install/mercer_g_arm/lib/python3.12/site-packages:/home/scott/mercer_garm_ws/install/mercer_g-arm_rpi_bringup/lib/python3.12/site-packages:/home/scott/mercer_garm_ws/install/mercer_g-arm_desktop_bringup/lib/python3.12/site-packages:/home/scott/mercer_garm_ws/install/joy_js_pkg/lib/python3.12/site-packages:/home/scott/mercer_garm_ws/install/garm_motion_planning_demos/lib/python3.12/site-packages:/home/scott/mercer_garm_ws/install/g_arm_trajectory_bridge/lib/python3.12/site-packages:/home/scott/mercer_garm_ws/install/g_arm_python_examples/lib/python3.12/site-packages:/home/scott/mercer_garm_ws/install/g_arm_msgs/lib/python3.12/site-packages:/home/scott/mercer_garm_ws/install/g-arm_simulation/lib/python3.12/site-packages:/home/scott/mercer_garm_ws/install/g_arm/lib/python3.12/site-packages:/home/scott/ros2_ws/install/pymoveit2/lib/python3.12/site-packages:/home/scott/ros2_ws/install/moveit_task_constructor_msgs/lib/python3.12/site-packages:/home/scott/ros2_ws/install/joy_js_pkg/lib/python3.12/site-packages:/home/scott/ros2_ws/install/garm_motion_planning_demos/lib/python3.12/site-packages:/home/scott/ros2_ws/install/g_arm_trajectory_bridge/lib/python3.12/site-packages:/home/scott/ros2_ws/install/g_arm_python_examples/lib/python3.12/site-packages:/home/scott/ros2_ws/install/g-arm_simulation/lib/python3.12/site-packages:/home/scott/ros2_ws/install/g_arm/lib/python3.12/site-packages:/home/scott/ws_moveit/install/moveit_task_constructor_core/lib/python3.12/site-packages:/home/scott/ws_moveit/install/moveit_task_constructor_msgs/lib/python3.12/site-packages:/home/scott/ws_moveit/install/moveit_py/lib/python3.12/site-packages:/home/scott/ws_moveit/install/moveit_msgs/lib/python3.12/site-packages:/home/scott/ws_moveit/install/moveit_configs_utils/lib/python3.12/site-packages:/opt/ros/jazzy/lib/python3.12/site-packages VIRTUAL_ENV_PROMPT=(ros2_venv) /snap/bin/cmake --install /home/scott/mercer_garm/ros2/build/mercer_robot_commander_cpp
[113.459s] Level 1:colcon.colcon_core.environment:checking '/home/scott/mercer_garm/ros2/install/mercer_robot_commander_cpp' for CMake config files
[113.459s] Level 1:colcon.colcon_core.shell:create_environment_hook('mercer_robot_commander_cpp', 'cmake_prefix_path')
[113.460s] INFO:colcon.colcon_core.shell:Creating environment hook '/home/scott/mercer_garm/ros2/install/mercer_robot_commander_cpp/share/mercer_robot_commander_cpp/hook/cmake_prefix_path.ps1'
[113.476s] INFO:colcon.colcon_core.shell:Creating environment descriptor '/home/scott/mercer_garm/ros2/install/mercer_robot_commander_cpp/share/mercer_robot_commander_cpp/hook/cmake_prefix_path.dsv'
[113.494s] INFO:colcon.colcon_core.shell:Creating environment hook '/home/scott/mercer_garm/ros2/install/mercer_robot_commander_cpp/share/mercer_robot_commander_cpp/hook/cmake_prefix_path.sh'
[113.513s] Level 1:colcon.colcon_core.environment:checking '/home/scott/mercer_garm/ros2/install/mercer_robot_commander_cpp/lib'
[113.513s] Level 1:colcon.colcon_core.environment:checking '/home/scott/mercer_garm/ros2/install/mercer_robot_commander_cpp/bin'
[113.514s] Level 1:colcon.colcon_core.environment:checking '/home/scott/mercer_garm/ros2/install/mercer_robot_commander_cpp/lib/pkgconfig/mercer_robot_commander_cpp.pc'
[113.515s] Level 1:colcon.colcon_core.environment:checking '/home/scott/mercer_garm/ros2/install/mercer_robot_commander_cpp/lib/python3.12/site-packages'
[113.516s] Level 1:colcon.colcon_core.environment:checking '/home/scott/mercer_garm/ros2/install/mercer_robot_commander_cpp/bin'
[113.517s] INFO:colcon.colcon_core.shell:Creating package script '/home/scott/mercer_garm/ros2/install/mercer_robot_commander_cpp/share/mercer_robot_commander_cpp/package.ps1'
[113.519s] INFO:colcon.colcon_core.shell:Creating package descriptor '/home/scott/mercer_garm/ros2/install/mercer_robot_commander_cpp/share/mercer_robot_commander_cpp/package.dsv'
[113.521s] INFO:colcon.colcon_core.shell:Creating package script '/home/scott/mercer_garm/ros2/install/mercer_robot_commander_cpp/share/mercer_robot_commander_cpp/package.sh'
[113.524s] INFO:colcon.colcon_core.shell:Creating package script '/home/scott/mercer_garm/ros2/install/mercer_robot_commander_cpp/share/mercer_robot_commander_cpp/package.bash'
[113.547s] INFO:colcon.colcon_core.shell:Creating package script '/home/scott/mercer_garm/ros2/install/mercer_robot_commander_cpp/share/mercer_robot_commander_cpp/package.zsh'
[113.550s] Level 1:colcon.colcon_core.environment:create_file_with_runtime_dependencies(/home/scott/mercer_garm/ros2/install/mercer_robot_commander_cpp/share/colcon-core/packages/mercer_robot_commander_cpp)
[113.552s] Level 1:colcon.colcon_core.environment:create_environment_scripts_only(mercer_robot_commander_cpp)
[113.552s] Level 1:colcon.colcon_core.environment:checking '/home/scott/mercer_garm/ros2/install/mercer_robot_commander_cpp' for CMake module files
[113.553s] Level 1:colcon.colcon_core.environment:checking '/home/scott/mercer_garm/ros2/install/mercer_robot_commander_cpp' for CMake config files
[113.553s] Level 1:colcon.colcon_core.shell:create_environment_hook('mercer_robot_commander_cpp', 'cmake_prefix_path')
[113.553s] INFO:colcon.colcon_core.shell:Creating environment hook '/home/scott/mercer_garm/ros2/install/mercer_robot_commander_cpp/share/mercer_robot_commander_cpp/hook/cmake_prefix_path.ps1'
[113.554s] INFO:colcon.colcon_core.shell:Creating environment descriptor '/home/scott/mercer_garm/ros2/install/mercer_robot_commander_cpp/share/mercer_robot_commander_cpp/hook/cmake_prefix_path.dsv'
[113.554s] INFO:colcon.colcon_core.shell:Creating environment hook '/home/scott/mercer_garm/ros2/install/mercer_robot_commander_cpp/share/mercer_robot_commander_cpp/hook/cmake_prefix_path.sh'
[113.554s] Level 1:colcon.colcon_core.environment:checking '/home/scott/mercer_garm/ros2/install/mercer_robot_commander_cpp/lib'
[113.555s] Level 1:colcon.colcon_core.environment:checking '/home/scott/mercer_garm/ros2/install/mercer_robot_commander_cpp/bin'
[113.555s] Level 1:colcon.colcon_core.environment:checking '/home/scott/mercer_garm/ros2/install/mercer_robot_commander_cpp/lib/pkgconfig/mercer_robot_commander_cpp.pc'
[113.555s] Level 1:colcon.colcon_core.environment:checking '/home/scott/mercer_garm/ros2/install/mercer_robot_commander_cpp/lib/python3.12/site-packages'
[113.555s] Level 1:colcon.colcon_core.environment:checking '/home/scott/mercer_garm/ros2/install/mercer_robot_commander_cpp/bin'
[113.555s] INFO:colcon.colcon_core.shell:Creating package script '/home/scott/mercer_garm/ros2/install/mercer_robot_commander_cpp/share/mercer_robot_commander_cpp/package.ps1'
[113.557s] INFO:colcon.colcon_core.shell:Creating package descriptor '/home/scott/mercer_garm/ros2/install/mercer_robot_commander_cpp/share/mercer_robot_commander_cpp/package.dsv'
[113.559s] INFO:colcon.colcon_core.shell:Creating package script '/home/scott/mercer_garm/ros2/install/mercer_robot_commander_cpp/share/mercer_robot_commander_cpp/package.sh'
[113.561s] INFO:colcon.colcon_core.shell:Creating package script '/home/scott/mercer_garm/ros2/install/mercer_robot_commander_cpp/share/mercer_robot_commander_cpp/package.bash'
[113.562s] INFO:colcon.colcon_core.shell:Creating package script '/home/scott/mercer_garm/ros2/install/mercer_robot_commander_cpp/share/mercer_robot_commander_cpp/package.zsh'
[113.564s] Level 1:colcon.colcon_core.environment:create_file_with_runtime_dependencies(/home/scott/mercer_garm/ros2/install/mercer_robot_commander_cpp/share/colcon-core/packages/mercer_robot_commander_cpp)
[113.565s] INFO:colcon.colcon_ros.task.ament_python.build:Building ROS package in '/home/scott/mercer_garm/ros2/src/mercer_g_arm_desktop_bringup' with build type 'ament_python'
[113.565s] Level 1:colcon.colcon_core.shell:create_environment_hook('mercer_g_arm_desktop_bringup', 'ament_prefix_path')
[113.566s] INFO:colcon.colcon_core.shell:Creating environment hook '/home/scott/mercer_garm/ros2/install/mercer_g_arm_desktop_bringup/share/mercer_g_arm_desktop_bringup/hook/ament_prefix_path.ps1'
[113.569s] INFO:colcon.colcon_core.shell:Creating environment descriptor '/home/scott/mercer_garm/ros2/install/mercer_g_arm_desktop_bringup/share/mercer_g_arm_desktop_bringup/hook/ament_prefix_path.dsv'
[113.570s] INFO:colcon.colcon_core.shell:Creating environment hook '/home/scott/mercer_garm/ros2/install/mercer_g_arm_desktop_bringup/share/mercer_g_arm_desktop_bringup/hook/ament_prefix_path.sh'
[113.571s] INFO:colcon.colcon_core.shell:Skip shell extension 'powershell' for command environment: Not usable outside of PowerShell
[113.571s] DEBUG:colcon.colcon_core.shell:Skip shell extension 'dsv' for command environment
[117.464s] INFO:colcon.colcon_core.task.python.build:Building Python package in '/home/scott/mercer_garm/ros2/src/mercer_g_arm_desktop_bringup'
[117.464s] INFO:colcon.colcon_core.shell:Skip shell extension 'powershell' for command environment: Not usable outside of PowerShell
[117.464s] DEBUG:colcon.colcon_core.shell:Skip shell extension 'dsv' for command environment
[124.047s] DEBUG:colcon.colcon_core.event_handler.log_command:Invoking command in '/home/scott/mercer_garm/ros2/src/mercer_g_arm_desktop_bringup': CMAKE_PREFIX_PATH=/home/scott/mercer_garm/ros2/install/mercer_robot_commander_cpp:/home/scott/mercer_garm/ros2/install/g_arm_msgs:/home/scott/mercer_garm/ros2/install/pymoveit2:/home/scott/mercer_garm/ros2/install/pi_gpio_interface:/home/scott/mercer_garm/ros2/install/mercer_g_arm_topic_hw:/home/scott/mercer_garm/ros2/install/g_arm_moveit2:/home/scott/mercer_garm/ros2/install/g_arm_description:/home/scott/mercer_garm/ros2/install/g-arm_demos:/home/scott/mercer_garm_ws/install/pymoveit2:/home/scott/mercer_garm_ws/install/pi_gpio_interface:/home/scott/mercer_garm_ws/install/mercer_robot_commander_cpp:/home/scott/mercer_garm_ws/install/mercer_g_arm_topic_hw:/home/scott/mercer_garm_ws/install/g_arm_msgs:/home/scott/mercer_garm_ws/install/g_arm_moveit2:/home/scott/mercer_garm_ws/install/g_arm_description:/home/scott/mercer_garm_ws/install/g-arm_demos:/home/scott/ros2_ws/install/rviz_marker_tools:/home/scott/ros2_ws/install/pymoveit2:/home/scott/ros2_ws/install/moveit_task_constructor_msgs:/home/scott/ros2_ws/install/g_arm_moveit2:/home/scott/ros2_ws/install/g_arm_description:/home/scott/ros2_ws/install/g-arm_demos:/home/scott/ws_moveit/install/robotiq_hardware_tests:/home/scott/ws_moveit/install/robotiq_driver:/home/scott/ws_moveit/install/serial:/home/scott/ws_moveit/install/moveit2_tutorials:/home/scott/ws_moveit/install/moveit_visual_tools:/home/scott/ws_moveit/install/rviz_visual_tools:/home/scott/ws_moveit/install/moveit_task_constructor_demo:/home/scott/ws_moveit/install/moveit_task_constructor_visualization:/home/scott/ws_moveit/install/moveit_task_constructor_capabilities:/home/scott/ws_moveit/install/moveit_task_constructor_core:/home/scott/ws_moveit/install/rviz_marker_tools:/home/scott/ws_moveit/install/kortex_bringup:/home/scott/ws_moveit/install/kinova_gen3_lite_moveit_config:/home/scott/ws_moveit/install/kinova_gen3_7dof_robotiq_2f_85_moveit_config:/home/scott/ws_moveit/install/kinova_gen3_6dof_robotiq_2f_85_moveit_config:/home/scott/ws_moveit/install/kortex_description:/home/scott/ws_moveit/install/robotiq_description:/home/scott/ws_moveit/install/robotiq_controllers:/home/scott/ws_moveit/install/pilz_industrial_motion_planner_testutils:/home/scott/ws_moveit/install/moveit_runtime:/home/scott/ws_moveit/install/moveit:/home/scott/ws_moveit/install/moveit_planners:/home/scott/ws_moveit/install/pilz_industrial_motion_planner:/home/scott/ws_moveit/install/moveit_task_constructor_msgs:/home/scott/ws_moveit/install/moveit_ros_control_interface:/home/scott/ws_moveit/install/moveit_plugins:/home/scott/ws_moveit/install/moveit_simple_controller_manager:/home/scott/ws_moveit/install/moveit_setup_assistant:/home/scott/ws_moveit/install/moveit_setup_srdf_plugins:/home/scott/ws_moveit/install/moveit_setup_core_plugins:/home/scott/ws_moveit/install/moveit_setup_controllers:/home/scott/ws_moveit/install/moveit_setup_app_plugins:/home/scott/ws_moveit/install/moveit_setup_framework:/home/scott/ws_moveit/install/moveit_servo:/home/scott/ws_moveit/install/moveit_ros_trajectory_cache:/home/scott/ws_moveit/install/moveit_ros:/home/scott/ws_moveit/install/moveit_ros_visualization:/home/scott/ws_moveit/install/moveit_py:/home/scott/ws_moveit/install/moveit_hybrid_planning:/home/scott/ws_moveit/install/hello_moveit:/home/scott/ws_moveit/install/moveit_ros_planning_interface:/home/scott/ws_moveit/install/moveit_ros_benchmarks:/home/scott/ws_moveit/install/moveit_ros_warehouse:/home/scott/ws_moveit/install/moveit_ros_robot_interaction:/home/scott/ws_moveit/install/moveit_ros_perception:/home/scott/ws_moveit/install/moveit_resources_prbt_pg70_support:/home/scott/ws_moveit/install/moveit_resources_prbt_moveit_config:/home/scott/ws_moveit/install/moveit_ros_move_group:/home/scott/ws_moveit/install/moveit_planners_ompl:/home/scott/ws_moveit/install/moveit_kinematics:/home/scott/ws_moveit/install/moveit_ros_planning:/home/scott/ws_moveit/install/moveit_ros_occupancy_map_monitor:/home/scott/ws_moveit/install/moveit_resources_prbt_support:/home/scott/ws_moveit/install/moveit_resources_prbt_ikfast_manipulator_plugin:/home/scott/ws_moveit/install/moveit_resources:/home/scott/ws_moveit/install/moveit_resources_pr2_description:/home/scott/ws_moveit/install/moveit_resources_panda_moveit_config:/home/scott/ws_moveit/install/dual_arm_panda_moveit_config:/home/scott/ws_moveit/install/moveit_resources_panda_description:/home/scott/ws_moveit/install/moveit_resources_fanuc_moveit_config:/home/scott/ws_moveit/install/moveit_resources_fanuc_description:/home/scott/ws_moveit/install/moveit_planners_stomp:/home/scott/ws_moveit/install/moveit_planners_chomp:/home/scott/ws_moveit/install/chomp_motion_planner:/home/scott/ws_moveit/install/moveit_core:/home/scott/ws_moveit/install/moveit_msgs:/home/scott/ws_moveit/install/moveit_common:/home/scott/ws_moveit/install/kortex_driver:/home/scott/ws_moveit/install/kortex_api:/opt/ros/jazzy/opt/gz_sim_vendor:/opt/ros/jazzy/opt/gz_sensors_vendor:/opt/ros/jazzy/opt/gz_physics_vendor:/opt/ros/jazzy/opt/sdformat_vendor:/opt/ros/jazzy/opt/gz_gui_vendor:/opt/ros/jazzy/opt/gz_transport_vendor:/opt/ros/jazzy/opt/gz_rendering_vendor:/opt/ros/jazzy/opt/gz_plugin_vendor:/opt/ros/jazzy/opt/gz_fuel_tools_vendor:/opt/ros/jazzy/opt/gz_msgs_vendor:/opt/ros/jazzy/opt/gz_common_vendor:/opt/ros/jazzy/opt/gz_math_vendor:/opt/ros/jazzy/opt/gz_utils_vendor:/opt/ros/jazzy/opt/gz_tools_vendor:/opt/ros/jazzy/opt/gz_ogre_next_vendor:/opt/ros/jazzy/opt/gz_dartsim_vendor:/opt/ros/jazzy/opt/gz_cmake_vendor DEBUGINFOD_URLS=https://debuginfod.ubuntu.com LD_LIBRARY_PATH=/home/scott/mercer_garm/ros2/install/g_arm_msgs/lib:/home/scott/mercer_garm/ros2/install/pi_gpio_interface/lib:/home/scott/mercer_garm/ros2/install/mercer_g_arm_topic_hw/lib:/home/scott/mercer_garm_ws/install/pi_gpio_interface/lib:/home/scott/mercer_garm_ws/install/mercer_g_arm_topic_hw/lib:/home/scott/mercer_garm_ws/install/g_arm_msgs/lib:/home/scott/ros2_ws/install/rviz_marker_tools/lib:/home/scott/ros2_ws/install/moveit_task_constructor_msgs/lib:/home/scott/ws_moveit/install/robotiq_driver/lib:/home/scott/ws_moveit/install/serial/lib:/home/scott/ws_moveit/install/moveit_visual_tools/lib:/home/scott/ws_moveit/install/rviz_visual_tools/lib:/home/scott/ws_moveit/install/moveit_task_constructor_demo/lib:/home/scott/ws_moveit/install/moveit_task_constructor_visualization/lib:/home/scott/ws_moveit/install/moveit_task_constructor_capabilities/lib:/home/scott/ws_moveit/install/moveit_task_constructor_core/lib:/home/scott/ws_moveit/install/rviz_marker_tools/lib:/home/scott/ws_moveit/install/robotiq_controllers/lib:/home/scott/ws_moveit/install/pilz_industrial_motion_planner_testutils/lib:/home/scott/ws_moveit/install/pilz_industrial_motion_planner/lib:/home/scott/ws_moveit/install/moveit_task_constructor_msgs/lib:/home/scott/ws_moveit/install/moveit_ros_control_interface/lib:/home/scott/ws_moveit/install/moveit_simple_controller_manager/lib:/home/scott/ws_moveit/install/moveit_setup_assistant/lib:/home/scott/ws_moveit/install/moveit_setup_srdf_plugins/lib:/home/scott/ws_moveit/install/moveit_setup_core_plugins/lib:/home/scott/ws_moveit/install/moveit_setup_controllers/lib:/home/scott/ws_moveit/install/moveit_setup_app_plugins/lib:/home/scott/ws_moveit/install/moveit_setup_framework/lib:/home/scott/ws_moveit/install/moveit_servo/lib:/home/scott/ws_moveit/install/moveit_ros_trajectory_cache/lib:/home/scott/ws_moveit/install/moveit_ros_visualization/lib:/home/scott/ws_moveit/install/moveit_py/lib:/home/scott/ws_moveit/install/moveit_hybrid_planning/lib:/home/scott/ws_moveit/install/moveit_ros_planning_interface/lib:/home/scott/ws_moveit/install/moveit_ros_benchmarks/lib:/home/scott/ws_moveit/install/moveit_ros_warehouse/lib:/home/scott/ws_moveit/install/moveit_ros_robot_interaction/lib:/home/scott/ws_moveit/install/moveit_ros_perception/lib:/home/scott/ws_moveit/install/moveit_ros_move_group/lib:/home/scott/ws_moveit/install/moveit_planners_ompl/lib:/home/scott/ws_moveit/install/moveit_kinematics/lib:/home/scott/ws_moveit/install/moveit_ros_planning/lib:/home/scott/ws_moveit/install/moveit_ros_occupancy_map_monitor/lib:/home/scott/ws_moveit/install/moveit_resources_prbt_ikfast_manipulator_plugin/lib:/home/scott/ws_moveit/install/moveit_planners_stomp/lib:/home/scott/ws_moveit/install/moveit_planners_chomp/lib:/home/scott/ws_moveit/install/chomp_motion_planner/lib:/home/scott/ws_moveit/install/moveit_core/lib:/home/scott/ws_moveit/install/moveit_msgs/lib:/home/scott/ws_moveit/install/kortex_driver/lib:/opt/ros/jazzy/opt/gz_sim_vendor/lib:/opt/ros/jazzy/opt/gz_sensors_vendor/lib:/opt/ros/jazzy/opt/gz_physics_vendor/lib:/opt/ros/jazzy/opt/sdformat_vendor/lib:/opt/ros/jazzy/opt/rviz_ogre_vendor/lib:/opt/ros/jazzy/lib/x86_64-linux-gnu:/opt/ros/jazzy/opt/gz_gui_vendor/lib:/opt/ros/jazzy/opt/gz_transport_vendor/lib:/opt/ros/jazzy/opt/gz_rendering_vendor/lib:/opt/ros/jazzy/opt/gz_plugin_vendor/lib:/opt/ros/jazzy/opt/gz_fuel_tools_vendor/lib:/opt/ros/jazzy/opt/gz_msgs_vendor/lib:/opt/ros/jazzy/opt/gz_common_vendor/lib:/opt/ros/jazzy/opt/gz_math_vendor/lib:/opt/ros/jazzy/opt/gz_utils_vendor/lib:/opt/ros/jazzy/opt/gz_tools_vendor/lib:/opt/ros/jazzy/opt/gz_ogre_next_vendor/lib:/opt/ros/jazzy/opt/gz_dartsim_vendor/lib:/opt/ros/jazzy/opt/gz_cmake_vendor/lib:/opt/ros/jazzy/lib PS1=(ros2_venv) \[\e]0;\u@\h: \w\a\]${debian_chroot:+($debian_chroot)}\[\033[01;32m\]\u@\h\[\033[00m\]:\[\033[01;34m\]\w\[\033[00m\]\$ PYTHONPATH=/home/scott/mercer_garm/ros2/build/mercer_g_arm_desktop_bringup/prefix_override:/usr/lib/python3/dist-packages/colcon_core/task/python/colcon_distutils_commands:/home/scott/mercer_garm/ros2/install/mercer_g_arm_desktop_bringup/lib/python3.12/site-packages:/home/scott/mercer_garm/ros2/install/g_arm_msgs/lib/python3.12/site-packages:/home/scott/mercer_garm/ros2/install/pymoveit2/lib/python3.12/site-packages:/home/scott/mercer_garm/ros2/install/pi_gpio_interface/lib/python3.12/site-packages:/home/scott/mercer_garm/ros2/install/mercer_robot_commander_py/lib/python3.12/site-packages:/home/scott/mercer_garm/ros2/install/mercer_g_arm_desktop_bringup/lib/python3.12/site-packages:/home/scott/mercer_garm/ros2/install/mercer_g_arm_sim/lib/python3.12/site-packages:/home/scott/mercer_garm/ros2/install/mercer_g_arm_rpi_bringup/lib/python3.12/site-packages:/home/scott/mercer_garm/ros2/install/mercer_g_arm/lib/python3.12/site-packages:/home/scott/mercer_garm/ros2/install/mercer_g-arm_rpi_bringup/lib/python3.12/site-packages:/home/scott/mercer_garm/ros2/install/mercer_g-arm_desktop_bringup/lib/python3.12/site-packages:/home/scott/mercer_garm/ros2/install/joy_js_pkg/lib/python3.12/site-packages:/home/scott/mercer_garm/ros2/install/garm_motion_planning_demos/lib/python3.12/site-packages:/home/scott/mercer_garm/ros2/install/g_arm_trajectory_bridge/lib/python3.12/site-packages:/home/scott/mercer_garm/ros2/install/g_arm_python_examples/lib/python3.12/site-packages:/home/scott/mercer_garm/ros2/install/g-arm_simulation/lib/python3.12/site-packages:/home/scott/mercer_garm/ros2/install/g_arm/lib/python3.12/site-packages:/home/scott/mercer_garm_ws/install/mercer_g_arm_desktop_bringup/lib/python3.12/site-packages:/home/scott/mercer_garm_ws/install/pymoveit2/lib/python3.12/site-packages:/home/scott/mercer_garm_ws/install/pi_gpio_interface/lib/python3.12/site-packages:/home/scott/mercer_garm_ws/install/mercer_robot_commander_py/lib/python3.12/site-packages:/home/scott/mercer_garm_ws/install/mercer_g_arm_sim/lib/python3.12/site-packages:/home/scott/mercer_garm_ws/install/mercer_g_arm_rpi_bringup/lib/python3.12/site-packages:/home/scott/mercer_garm_ws/install/mercer_g_arm/lib/python3.12/site-packages:/home/scott/mercer_garm_ws/install/mercer_g-arm_rpi_bringup/lib/python3.12/site-packages:/home/scott/mercer_garm_ws/install/mercer_g-arm_desktop_bringup/lib/python3.12/site-packages:/home/scott/mercer_garm_ws/install/joy_js_pkg/lib/python3.12/site-packages:/home/scott/mercer_garm_ws/install/garm_motion_planning_demos/lib/python3.12/site-packages:/home/scott/mercer_garm_ws/install/g_arm_trajectory_bridge/lib/python3.12/site-packages:/home/scott/mercer_garm_ws/install/g_arm_python_examples/lib/python3.12/site-packages:/home/scott/mercer_garm_ws/install/g_arm_msgs/lib/python3.12/site-packages:/home/scott/mercer_garm_ws/install/g-arm_simulation/lib/python3.12/site-packages:/home/scott/mercer_garm_ws/install/g_arm/lib/python3.12/site-packages:/home/scott/ros2_ws/install/pymoveit2/lib/python3.12/site-packages:/home/scott/ros2_ws/install/moveit_task_constructor_msgs/lib/python3.12/site-packages:/home/scott/ros2_ws/install/joy_js_pkg/lib/python3.12/site-packages:/home/scott/ros2_ws/install/garm_motion_planning_demos/lib/python3.12/site-packages:/home/scott/ros2_ws/install/g_arm_trajectory_bridge/lib/python3.12/site-packages:/home/scott/ros2_ws/install/g_arm_python_examples/lib/python3.12/site-packages:/home/scott/ros2_ws/install/g-arm_simulation/lib/python3.12/site-packages:/home/scott/ros2_ws/install/g_arm/lib/python3.12/site-packages:/home/scott/ws_moveit/install/moveit_task_constructor_core/lib/python3.12/site-packages:/home/scott/ws_moveit/install/moveit_task_constructor_msgs/lib/python3.12/site-packages:/home/scott/ws_moveit/install/moveit_py/lib/python3.12/site-packages:/home/scott/ws_moveit/install/moveit_msgs/lib/python3.12/site-packages:/home/scott/ws_moveit/install/moveit_configs_utils/lib/python3.12/site-packages:/opt/ros/jazzy/lib/python3.12/site-packages VIRTUAL_ENV_PROMPT=(ros2_venv) /usr/bin/python3 -W ignore:setup.py install is deprecated -W ignore:easy_install command is deprecated setup.py egg_info --egg-base ../../build/mercer_g_arm_desktop_bringup build --build-base /home/scott/mercer_garm/ros2/build/mercer_g_arm_desktop_bringup/build install --record /home/scott/mercer_garm/ros2/build/mercer_g_arm_desktop_bringup/install.log --single-version-externally-managed install_data
[125.003s] Level 1:colcon.colcon_core.environment:checking '/home/scott/mercer_garm/ros2/install/mercer_g_arm_desktop_bringup' for CMake module files
[125.004s] DEBUG:colcon.colcon_core.event_handler.log_command:Invoked command in '/home/scott/mercer_garm/ros2/src/mercer_g_arm_desktop_bringup' returned '0': CMAKE_PREFIX_PATH=/home/scott/mercer_garm/ros2/install/mercer_robot_commander_cpp:/home/scott/mercer_garm/ros2/install/g_arm_msgs:/home/scott/mercer_garm/ros2/install/pymoveit2:/home/scott/mercer_garm/ros2/install/pi_gpio_interface:/home/scott/mercer_garm/ros2/install/mercer_g_arm_topic_hw:/home/scott/mercer_garm/ros2/install/g_arm_moveit2:/home/scott/mercer_garm/ros2/install/g_arm_description:/home/scott/mercer_garm/ros2/install/g-arm_demos:/home/scott/mercer_garm_ws/install/pymoveit2:/home/scott/mercer_garm_ws/install/pi_gpio_interface:/home/scott/mercer_garm_ws/install/mercer_robot_commander_cpp:/home/scott/mercer_garm_ws/install/mercer_g_arm_topic_hw:/home/scott/mercer_garm_ws/install/g_arm_msgs:/home/scott/mercer_garm_ws/install/g_arm_moveit2:/home/scott/mercer_garm_ws/install/g_arm_description:/home/scott/mercer_garm_ws/install/g-arm_demos:/home/scott/ros2_ws/install/rviz_marker_tools:/home/scott/ros2_ws/install/pymoveit2:/home/scott/ros2_ws/install/moveit_task_constructor_msgs:/home/scott/ros2_ws/install/g_arm_moveit2:/home/scott/ros2_ws/install/g_arm_description:/home/scott/ros2_ws/install/g-arm_demos:/home/scott/ws_moveit/install/robotiq_hardware_tests:/home/scott/ws_moveit/install/robotiq_driver:/home/scott/ws_moveit/install/serial:/home/scott/ws_moveit/install/moveit2_tutorials:/home/scott/ws_moveit/install/moveit_visual_tools:/home/scott/ws_moveit/install/rviz_visual_tools:/home/scott/ws_moveit/install/moveit_task_constructor_demo:/home/scott/ws_moveit/install/moveit_task_constructor_visualization:/home/scott/ws_moveit/install/moveit_task_constructor_capabilities:/home/scott/ws_moveit/install/moveit_task_constructor_core:/home/scott/ws_moveit/install/rviz_marker_tools:/home/scott/ws_moveit/install/kortex_bringup:/home/scott/ws_moveit/install/kinova_gen3_lite_moveit_config:/home/scott/ws_moveit/install/kinova_gen3_7dof_robotiq_2f_85_moveit_config:/home/scott/ws_moveit/install/kinova_gen3_6dof_robotiq_2f_85_moveit_config:/home/scott/ws_moveit/install/kortex_description:/home/scott/ws_moveit/install/robotiq_description:/home/scott/ws_moveit/install/robotiq_controllers:/home/scott/ws_moveit/install/pilz_industrial_motion_planner_testutils:/home/scott/ws_moveit/install/moveit_runtime:/home/scott/ws_moveit/install/moveit:/home/scott/ws_moveit/install/moveit_planners:/home/scott/ws_moveit/install/pilz_industrial_motion_planner:/home/scott/ws_moveit/install/moveit_task_constructor_msgs:/home/scott/ws_moveit/install/moveit_ros_control_interface:/home/scott/ws_moveit/install/moveit_plugins:/home/scott/ws_moveit/install/moveit_simple_controller_manager:/home/scott/ws_moveit/install/moveit_setup_assistant:/home/scott/ws_moveit/install/moveit_setup_srdf_plugins:/home/scott/ws_moveit/install/moveit_setup_core_plugins:/home/scott/ws_moveit/install/moveit_setup_controllers:/home/scott/ws_moveit/install/moveit_setup_app_plugins:/home/scott/ws_moveit/install/moveit_setup_framework:/home/scott/ws_moveit/install/moveit_servo:/home/scott/ws_moveit/install/moveit_ros_trajectory_cache:/home/scott/ws_moveit/install/moveit_ros:/home/scott/ws_moveit/install/moveit_ros_visualization:/home/scott/ws_moveit/install/moveit_py:/home/scott/ws_moveit/install/moveit_hybrid_planning:/home/scott/ws_moveit/install/hello_moveit:/home/scott/ws_moveit/install/moveit_ros_planning_interface:/home/scott/ws_moveit/install/moveit_ros_benchmarks:/home/scott/ws_moveit/install/moveit_ros_warehouse:/home/scott/ws_moveit/install/moveit_ros_robot_interaction:/home/scott/ws_moveit/install/moveit_ros_perception:/home/scott/ws_moveit/install/moveit_resources_prbt_pg70_support:/home/scott/ws_moveit/install/moveit_resources_prbt_moveit_config:/home/scott/ws_moveit/install/moveit_ros_move_group:/home/scott/ws_moveit/install/moveit_planners_ompl:/home/scott/ws_moveit/install/moveit_kinematics:/home/scott/ws_moveit/install/moveit_ros_planning:/home/scott/ws_moveit/install/moveit_ros_occupancy_map_monitor:/home/scott/ws_moveit/install/moveit_resources_prbt_support:/home/scott/ws_moveit/install/moveit_resources_prbt_ikfast_manipulator_plugin:/home/scott/ws_moveit/install/moveit_resources:/home/scott/ws_moveit/install/moveit_resources_pr2_description:/home/scott/ws_moveit/install/moveit_resources_panda_moveit_config:/home/scott/ws_moveit/install/dual_arm_panda_moveit_config:/home/scott/ws_moveit/install/moveit_resources_panda_description:/home/scott/ws_moveit/install/moveit_resources_fanuc_moveit_config:/home/scott/ws_moveit/install/moveit_resources_fanuc_description:/home/scott/ws_moveit/install/moveit_planners_stomp:/home/scott/ws_moveit/install/moveit_planners_chomp:/home/scott/ws_moveit/install/chomp_motion_planner:/home/scott/ws_moveit/install/moveit_core:/home/scott/ws_moveit/install/moveit_msgs:/home/scott/ws_moveit/install/moveit_common:/home/scott/ws_moveit/install/kortex_driver:/home/scott/ws_moveit/install/kortex_api:/opt/ros/jazzy/opt/gz_sim_vendor:/opt/ros/jazzy/opt/gz_sensors_vendor:/opt/ros/jazzy/opt/gz_physics_vendor:/opt/ros/jazzy/opt/sdformat_vendor:/opt/ros/jazzy/opt/gz_gui_vendor:/opt/ros/jazzy/opt/gz_transport_vendor:/opt/ros/jazzy/opt/gz_rendering_vendor:/opt/ros/jazzy/opt/gz_plugin_vendor:/opt/ros/jazzy/opt/gz_fuel_tools_vendor:/opt/ros/jazzy/opt/gz_msgs_vendor:/opt/ros/jazzy/opt/gz_common_vendor:/opt/ros/jazzy/opt/gz_math_vendor:/opt/ros/jazzy/opt/gz_utils_vendor:/opt/ros/jazzy/opt/gz_tools_vendor:/opt/ros/jazzy/opt/gz_ogre_next_vendor:/opt/ros/jazzy/opt/gz_dartsim_vendor:/opt/ros/jazzy/opt/gz_cmake_vendor DEBUGINFOD_URLS=https://debuginfod.ubuntu.com LD_LIBRARY_PATH=/home/scott/mercer_garm/ros2/install/g_arm_msgs/lib:/home/scott/mercer_garm/ros2/install/pi_gpio_interface/lib:/home/scott/mercer_garm/ros2/install/mercer_g_arm_topic_hw/lib:/home/scott/mercer_garm_ws/install/pi_gpio_interface/lib:/home/scott/mercer_garm_ws/install/mercer_g_arm_topic_hw/lib:/home/scott/mercer_garm_ws/install/g_arm_msgs/lib:/home/scott/ros2_ws/install/rviz_marker_tools/lib:/home/scott/ros2_ws/install/moveit_task_constructor_msgs/lib:/home/scott/ws_moveit/install/robotiq_driver/lib:/home/scott/ws_moveit/install/serial/lib:/home/scott/ws_moveit/install/moveit_visual_tools/lib:/home/scott/ws_moveit/install/rviz_visual_tools/lib:/home/scott/ws_moveit/install/moveit_task_constructor_demo/lib:/home/scott/ws_moveit/install/moveit_task_constructor_visualization/lib:/home/scott/ws_moveit/install/moveit_task_constructor_capabilities/lib:/home/scott/ws_moveit/install/moveit_task_constructor_core/lib:/home/scott/ws_moveit/install/rviz_marker_tools/lib:/home/scott/ws_moveit/install/robotiq_controllers/lib:/home/scott/ws_moveit/install/pilz_industrial_motion_planner_testutils/lib:/home/scott/ws_moveit/install/pilz_industrial_motion_planner/lib:/home/scott/ws_moveit/install/moveit_task_constructor_msgs/lib:/home/scott/ws_moveit/install/moveit_ros_control_interface/lib:/home/scott/ws_moveit/install/moveit_simple_controller_manager/lib:/home/scott/ws_moveit/install/moveit_setup_assistant/lib:/home/scott/ws_moveit/install/moveit_setup_srdf_plugins/lib:/home/scott/ws_moveit/install/moveit_setup_core_plugins/lib:/home/scott/ws_moveit/install/moveit_setup_controllers/lib:/home/scott/ws_moveit/install/moveit_setup_app_plugins/lib:/home/scott/ws_moveit/install/moveit_setup_framework/lib:/home/scott/ws_moveit/install/moveit_servo/lib:/home/scott/ws_moveit/install/moveit_ros_trajectory_cache/lib:/home/scott/ws_moveit/install/moveit_ros_visualization/lib:/home/scott/ws_moveit/install/moveit_py/lib:/home/scott/ws_moveit/install/moveit_hybrid_planning/lib:/home/scott/ws_moveit/install/moveit_ros_planning_interface/lib:/home/scott/ws_moveit/install/moveit_ros_benchmarks/lib:/home/scott/ws_moveit/install/moveit_ros_warehouse/lib:/home/scott/ws_moveit/install/moveit_ros_robot_interaction/lib:/home/scott/ws_moveit/install/moveit_ros_perception/lib:/home/scott/ws_moveit/install/moveit_ros_move_group/lib:/home/scott/ws_moveit/install/moveit_planners_ompl/lib:/home/scott/ws_moveit/install/moveit_kinematics/lib:/home/scott/ws_moveit/install/moveit_ros_planning/lib:/home/scott/ws_moveit/install/moveit_ros_occupancy_map_monitor/lib:/home/scott/ws_moveit/install/moveit_resources_prbt_ikfast_manipulator_plugin/lib:/home/scott/ws_moveit/install/moveit_planners_stomp/lib:/home/scott/ws_moveit/install/moveit_planners_chomp/lib:/home/scott/ws_moveit/install/chomp_motion_planner/lib:/home/scott/ws_moveit/install/moveit_core/lib:/home/scott/ws_moveit/install/moveit_msgs/lib:/home/scott/ws_moveit/install/kortex_driver/lib:/opt/ros/jazzy/opt/gz_sim_vendor/lib:/opt/ros/jazzy/opt/gz_sensors_vendor/lib:/opt/ros/jazzy/opt/gz_physics_vendor/lib:/opt/ros/jazzy/opt/sdformat_vendor/lib:/opt/ros/jazzy/opt/rviz_ogre_vendor/lib:/opt/ros/jazzy/lib/x86_64-linux-gnu:/opt/ros/jazzy/opt/gz_gui_vendor/lib:/opt/ros/jazzy/opt/gz_transport_vendor/lib:/opt/ros/jazzy/opt/gz_rendering_vendor/lib:/opt/ros/jazzy/opt/gz_plugin_vendor/lib:/opt/ros/jazzy/opt/gz_fuel_tools_vendor/lib:/opt/ros/jazzy/opt/gz_msgs_vendor/lib:/opt/ros/jazzy/opt/gz_common_vendor/lib:/opt/ros/jazzy/opt/gz_math_vendor/lib:/opt/ros/jazzy/opt/gz_utils_vendor/lib:/opt/ros/jazzy/opt/gz_tools_vendor/lib:/opt/ros/jazzy/opt/gz_ogre_next_vendor/lib:/opt/ros/jazzy/opt/gz_dartsim_vendor/lib:/opt/ros/jazzy/opt/gz_cmake_vendor/lib:/opt/ros/jazzy/lib PS1=(ros2_venv) \[\e]0;\u@\h: \w\a\]${debian_chroot:+($debian_chroot)}\[\033[01;32m\]\u@\h\[\033[00m\]:\[\033[01;34m\]\w\[\033[00m\]\$ PYTHONPATH=/home/scott/mercer_garm/ros2/build/mercer_g_arm_desktop_bringup/prefix_override:/usr/lib/python3/dist-packages/colcon_core/task/python/colcon_distutils_commands:/home/scott/mercer_garm/ros2/install/mercer_g_arm_desktop_bringup/lib/python3.12/site-packages:/home/scott/mercer_garm/ros2/install/g_arm_msgs/lib/python3.12/site-packages:/home/scott/mercer_garm/ros2/install/pymoveit2/lib/python3.12/site-packages:/home/scott/mercer_garm/ros2/install/pi_gpio_interface/lib/python3.12/site-packages:/home/scott/mercer_garm/ros2/install/mercer_robot_commander_py/lib/python3.12/site-packages:/home/scott/mercer_garm/ros2/install/mercer_g_arm_desktop_bringup/lib/python3.12/site-packages:/home/scott/mercer_garm/ros2/install/mercer_g_arm_sim/lib/python3.12/site-packages:/home/scott/mercer_garm/ros2/install/mercer_g_arm_rpi_bringup/lib/python3.12/site-packages:/home/scott/mercer_garm/ros2/install/mercer_g_arm/lib/python3.12/site-packages:/home/scott/mercer_garm/ros2/install/mercer_g-arm_rpi_bringup/lib/python3.12/site-packages:/home/scott/mercer_garm/ros2/install/mercer_g-arm_desktop_bringup/lib/python3.12/site-packages:/home/scott/mercer_garm/ros2/install/joy_js_pkg/lib/python3.12/site-packages:/home/scott/mercer_garm/ros2/install/garm_motion_planning_demos/lib/python3.12/site-packages:/home/scott/mercer_garm/ros2/install/g_arm_trajectory_bridge/lib/python3.12/site-packages:/home/scott/mercer_garm/ros2/install/g_arm_python_examples/lib/python3.12/site-packages:/home/scott/mercer_garm/ros2/install/g-arm_simulation/lib/python3.12/site-packages:/home/scott/mercer_garm/ros2/install/g_arm/lib/python3.12/site-packages:/home/scott/mercer_garm_ws/install/mercer_g_arm_desktop_bringup/lib/python3.12/site-packages:/home/scott/mercer_garm_ws/install/pymoveit2/lib/python3.12/site-packages:/home/scott/mercer_garm_ws/install/pi_gpio_interface/lib/python3.12/site-packages:/home/scott/mercer_garm_ws/install/mercer_robot_commander_py/lib/python3.12/site-packages:/home/scott/mercer_garm_ws/install/mercer_g_arm_sim/lib/python3.12/site-packages:/home/scott/mercer_garm_ws/install/mercer_g_arm_rpi_bringup/lib/python3.12/site-packages:/home/scott/mercer_garm_ws/install/mercer_g_arm/lib/python3.12/site-packages:/home/scott/mercer_garm_ws/install/mercer_g-arm_rpi_bringup/lib/python3.12/site-packages:/home/scott/mercer_garm_ws/install/mercer_g-arm_desktop_bringup/lib/python3.12/site-packages:/home/scott/mercer_garm_ws/install/joy_js_pkg/lib/python3.12/site-packages:/home/scott/mercer_garm_ws/install/garm_motion_planning_demos/lib/python3.12/site-packages:/home/scott/mercer_garm_ws/install/g_arm_trajectory_bridge/lib/python3.12/site-packages:/home/scott/mercer_garm_ws/install/g_arm_python_examples/lib/python3.12/site-packages:/home/scott/mercer_garm_ws/install/g_arm_msgs/lib/python3.12/site-packages:/home/scott/mercer_garm_ws/install/g-arm_simulation/lib/python3.12/site-packages:/home/scott/mercer_garm_ws/install/g_arm/lib/python3.12/site-packages:/home/scott/ros2_ws/install/pymoveit2/lib/python3.12/site-packages:/home/scott/ros2_ws/install/moveit_task_constructor_msgs/lib/python3.12/site-packages:/home/scott/ros2_ws/install/joy_js_pkg/lib/python3.12/site-packages:/home/scott/ros2_ws/install/garm_motion_planning_demos/lib/python3.12/site-packages:/home/scott/ros2_ws/install/g_arm_trajectory_bridge/lib/python3.12/site-packages:/home/scott/ros2_ws/install/g_arm_python_examples/lib/python3.12/site-packages:/home/scott/ros2_ws/install/g-arm_simulation/lib/python3.12/site-packages:/home/scott/ros2_ws/install/g_arm/lib/python3.12/site-packages:/home/scott/ws_moveit/install/moveit_task_constructor_core/lib/python3.12/site-packages:/home/scott/ws_moveit/install/moveit_task_constructor_msgs/lib/python3.12/site-packages:/home/scott/ws_moveit/install/moveit_py/lib/python3.12/site-packages:/home/scott/ws_moveit/install/moveit_msgs/lib/python3.12/site-packages:/home/scott/ws_moveit/install/moveit_configs_utils/lib/python3.12/site-packages:/opt/ros/jazzy/lib/python3.12/site-packages VIRTUAL_ENV_PROMPT=(ros2_venv) /usr/bin/python3 -W ignore:setup.py install is deprecated -W ignore:easy_install command is deprecated setup.py egg_info --egg-base ../../build/mercer_g_arm_desktop_bringup build --build-base /home/scott/mercer_garm/ros2/build/mercer_g_arm_desktop_bringup/build install --record /home/scott/mercer_garm/ros2/build/mercer_g_arm_desktop_bringup/install.log --single-version-externally-managed install_data
[125.004s] Level 1:colcon.colcon_core.environment:checking '/home/scott/mercer_garm/ros2/install/mercer_g_arm_desktop_bringup' for CMake config files
[125.005s] Level 1:colcon.colcon_core.environment:checking '/home/scott/mercer_garm/ros2/install/mercer_g_arm_desktop_bringup/lib'
[125.005s] Level 1:colcon.colcon_core.environment:checking '/home/scott/mercer_garm/ros2/install/mercer_g_arm_desktop_bringup/bin'
[125.005s] Level 1:colcon.colcon_core.environment:checking '/home/scott/mercer_garm/ros2/install/mercer_g_arm_desktop_bringup/lib/pkgconfig/mercer_g_arm_desktop_bringup.pc'
[125.005s] Level 1:colcon.colcon_core.environment:checking '/home/scott/mercer_garm/ros2/install/mercer_g_arm_desktop_bringup/lib/python3.12/site-packages'
[125.005s] Level 1:colcon.colcon_core.shell:create_environment_hook('mercer_g_arm_desktop_bringup', 'pythonpath')
[125.005s] INFO:colcon.colcon_core.shell:Creating environment hook '/home/scott/mercer_garm/ros2/install/mercer_g_arm_desktop_bringup/share/mercer_g_arm_desktop_bringup/hook/pythonpath.ps1'
[125.006s] INFO:colcon.colcon_core.shell:Creating environment descriptor '/home/scott/mercer_garm/ros2/install/mercer_g_arm_desktop_bringup/share/mercer_g_arm_desktop_bringup/hook/pythonpath.dsv'
[125.006s] INFO:colcon.colcon_core.shell:Creating environment hook '/home/scott/mercer_garm/ros2/install/mercer_g_arm_desktop_bringup/share/mercer_g_arm_desktop_bringup/hook/pythonpath.sh'
[125.007s] Level 1:colcon.colcon_core.environment:checking '/home/scott/mercer_garm/ros2/install/mercer_g_arm_desktop_bringup/bin'
[125.007s] Level 1:colcon.colcon_core.environment:create_environment_scripts_only(mercer_g_arm_desktop_bringup)
[125.007s] INFO:colcon.colcon_core.shell:Creating package script '/home/scott/mercer_garm/ros2/install/mercer_g_arm_desktop_bringup/share/mercer_g_arm_desktop_bringup/package.ps1'
[125.007s] INFO:colcon.colcon_core.shell:Creating package descriptor '/home/scott/mercer_garm/ros2/install/mercer_g_arm_desktop_bringup/share/mercer_g_arm_desktop_bringup/package.dsv'
[125.008s] INFO:colcon.colcon_core.shell:Creating package script '/home/scott/mercer_garm/ros2/install/mercer_g_arm_desktop_bringup/share/mercer_g_arm_desktop_bringup/package.sh'
[125.008s] INFO:colcon.colcon_core.shell:Creating package script '/home/scott/mercer_garm/ros2/install/mercer_g_arm_desktop_bringup/share/mercer_g_arm_desktop_bringup/package.bash'
[125.008s] INFO:colcon.colcon_core.shell:Creating package script '/home/scott/mercer_garm/ros2/install/mercer_g_arm_desktop_bringup/share/mercer_g_arm_desktop_bringup/package.zsh'
[125.009s] Level 1:colcon.colcon_core.environment:create_file_with_runtime_dependencies(/home/scott/mercer_garm/ros2/install/mercer_g_arm_desktop_bringup/share/colcon-core/packages/mercer_g_arm_desktop_bringup)
[125.009s] DEBUG:colcon.colcon_parallel_executor.executor.parallel:closing loop
[125.009s] DEBUG:colcon.colcon_parallel_executor.executor.parallel:loop closed
[125.009s] DEBUG:colcon.colcon_parallel_executor.executor.parallel:run_until_complete finished with '0'
[125.009s] DEBUG:colcon.colcon_core.event_reactor:joining thread
[125.219s] INFO:colcon.colcon_core.plugin_system:Skipping extension 'colcon_notification.desktop_notification.terminal_notifier': Not used on non-Darwin systems
[125.220s] INFO:colcon.colcon_core.plugin_system:Skipping extension 'colcon_notification.desktop_notification.win32': Not used on non-Windows systems
[125.220s] INFO:colcon.colcon_notification.desktop_notification:Sending desktop notification using 'notify2'
[125.470s] DEBUG:colcon.colcon_core.event_reactor:joined thread
[125.471s] INFO:colcon.colcon_core.shell:Creating prefix script '/home/scott/mercer_garm/ros2/install/local_setup.ps1'
[125.518s] INFO:colcon.colcon_core.shell:Creating prefix util module '/home/scott/mercer_garm/ros2/install/_local_setup_util_ps1.py'
[125.580s] INFO:colcon.colcon_core.shell:Creating prefix chain script '/home/scott/mercer_garm/ros2/install/setup.ps1'
[125.606s] INFO:colcon.colcon_core.shell:Creating prefix script '/home/scott/mercer_garm/ros2/install/local_setup.sh'
[125.607s] INFO:colcon.colcon_core.shell:Creating prefix util module '/home/scott/mercer_garm/ros2/install/_local_setup_util_sh.py'
[125.608s] INFO:colcon.colcon_core.shell:Creating prefix chain script '/home/scott/mercer_garm/ros2/install/setup.sh'
[125.620s] INFO:colcon.colcon_core.shell:Creating prefix script '/home/scott/mercer_garm/ros2/install/local_setup.bash'
[125.638s] INFO:colcon.colcon_core.shell:Creating prefix chain script '/home/scott/mercer_garm/ros2/install/setup.bash'
[125.665s] INFO:colcon.colcon_core.shell:Creating prefix script '/home/scott/mercer_garm/ros2/install/local_setup.zsh'
[125.685s] INFO:colcon.colcon_core.shell:Creating prefix chain script '/home/scott/mercer_garm/ros2/install/setup.zsh'
